[0.013s] Invoking command in '/home/airlab/ros2_ws/build/carla_msgs': CMAKE_PREFIX_PATH=${CMAKE_PREFIX_PATH}:/opt/ros/jazzy DEBUGINFOD_URLS=https://debuginfod.ubuntu.com /usr/bin/cmake /home/airlab/ros2_ws/src/ros-carla-msgs -DCMAKE_INSTALL_PREFIX=/home/airlab/ros2_ws/install/carla_msgs
[0.018s] [0mCMake Deprecation Warning at CMakeLists.txt:1 (cmake_minimum_required):
[0.018s]   Compatibility with CMake < 3.5 will be removed from a future version of
[0.018s]   CMake.
[0.018s] 
[0.018s]   Update the VERSION argument <min> value or use a ...<max> suffix to tell
[0.018s]   CMake that the project does not need compatibility with older versions.
[0.018s] 
[0.018s] [0m
[0.079s] -- The C compiler identification is GNU 13.3.0
[0.166s] -- The CXX compiler identification is GNU 13.3.0
[0.181s] -- Detecting C compiler ABI info
[0.328s] -- Detecting C compiler ABI info - done
[0.341s] -- Check for working C compiler: /usr/bin/cc - skipped
[0.341s] -- Detecting C compile features
[0.341s] -- Detecting C compile features - done
[0.348s] -- Detecting CXX compiler ABI info
[0.475s] -- Detecting CXX compiler ABI info - done
[0.481s] -- Check for working CXX compiler: /usr/bin/c++ - skipped
[0.481s] -- Detecting CXX compile features
[0.481s] -- Detecting CXX compile features - done
[0.485s] -- Found ros_environment: 4.2.1 (/opt/ros/jazzy/share/ros_environment/cmake)
[0.489s] -- Found ament_cmake: 2.5.4 (/opt/ros/jazzy/share/ament_cmake/cmake)
[0.595s] -- Found Python3: /usr/bin/python3 (found version "3.12.3") found components: Interpreter 
[0.675s] -- Found builtin_interfaces: 2.0.3 (/opt/ros/jazzy/share/builtin_interfaces/cmake)
[0.705s] -- Found rosidl_generator_c: 4.6.6 (/opt/ros/jazzy/share/rosidl_generator_c/cmake)
[0.714s] -- Found rosidl_generator_cpp: 4.6.6 (/opt/ros/jazzy/share/rosidl_generator_cpp/cmake)
[0.727s] -- Using all available rosidl_typesupport_c: rosidl_typesupport_fastrtps_c;rosidl_typesupport_introspection_c
[0.740s] -- Using all available rosidl_typesupport_cpp: rosidl_typesupport_fastrtps_cpp;rosidl_typesupport_introspection_cpp
[0.751s] -- Found std_msgs: 5.3.6 (/opt/ros/jazzy/share/std_msgs/cmake)
[0.763s] -- Found geometry_msgs: 5.3.6 (/opt/ros/jazzy/share/geometry_msgs/cmake)
[0.774s] -- Found diagnostic_msgs: 5.3.6 (/opt/ros/jazzy/share/diagnostic_msgs/cmake)
[0.796s] -- Found rosidl_default_generators: 1.6.0 (/opt/ros/jazzy/share/rosidl_default_generators/cmake)
[0.806s] -- Found rosidl_adapter: 4.6.6 (/opt/ros/jazzy/share/rosidl_adapter/cmake)
[1.333s] -- Found ament_cmake_cppcheck: 0.17.3 (/opt/ros/jazzy/share/ament_cmake_cppcheck/cmake)
[1.336s] -- Found ament_cmake_cpplint: 0.17.3 (/opt/ros/jazzy/share/ament_cmake_cpplint/cmake)
[1.340s] -- Found ament_cmake_uncrustify: 0.17.3 (/opt/ros/jazzy/share/ament_cmake_uncrustify/cmake)
[1.345s] -- Found ament_cmake_ros: 0.12.0 (/opt/ros/jazzy/share/ament_cmake_ros/cmake)
[2.050s] -- Using all available rosidl_typesupport_c: rosidl_typesupport_fastrtps_c;rosidl_typesupport_introspection_c
[2.306s] -- Using all available rosidl_typesupport_cpp: rosidl_typesupport_fastrtps_cpp;rosidl_typesupport_introspection_cpp
[2.322s] -- Found python_cmake_module: 0.11.1 (/opt/ros/jazzy/share/python_cmake_module/cmake)
[2.412s] -- Found PythonExtra: /usr/bin/python3  
[2.773s] -- Found Python3: /usr/bin/python3 (found version "3.12.3") found components: Interpreter Development NumPy Development.Module Development.Embed 
[2.810s] -- Found ament_cmake_flake8: 0.17.3 (/opt/ros/jazzy/share/ament_cmake_flake8/cmake)
[2.813s] -- Found ament_cmake_pep257: 0.17.3 (/opt/ros/jazzy/share/ament_cmake_pep257/cmake)
[2.816s] -- Found ament_lint_auto: 0.17.3 (/opt/ros/jazzy/share/ament_lint_auto/cmake)
[2.829s] -- Added test 'copyright' to check source files copyright and LICENSE
[2.830s] -- Added test 'lint_cmake' to check CMake code style
[2.830s] -- Added test 'xmllint' to check XML markup files
[2.833s] -- Configuring done (2.8s)
[2.870s] -- Generating done (0.0s)
[2.877s] -- Build files have been written to: /home/airlab/ros2_ws/build/carla_msgs
[2.882s] Invoked command in '/home/airlab/ros2_ws/build/carla_msgs' returned '0': CMAKE_PREFIX_PATH=${CMAKE_PREFIX_PATH}:/opt/ros/jazzy DEBUGINFOD_URLS=https://debuginfod.ubuntu.com /usr/bin/cmake /home/airlab/ros2_ws/src/ros-carla-msgs -DCMAKE_INSTALL_PREFIX=/home/airlab/ros2_ws/install/carla_msgs
[2.883s] Invoking command in '/home/airlab/ros2_ws/build/carla_msgs': CMAKE_PREFIX_PATH=${CMAKE_PREFIX_PATH}:/opt/ros/jazzy DEBUGINFOD_URLS=https://debuginfod.ubuntu.com /usr/bin/cmake --build /home/airlab/ros2_ws/build/carla_msgs -- -j32 -l32
[2.943s] [  0%] [34m[1mGenerating type hashes for ROS interfaces[0m
[2.947s] [  0%] Built target ament_cmake_python_copy_carla_msgs
[3.065s] running egg_info
[3.075s] creating carla_msgs.egg-info
[3.075s] writing carla_msgs.egg-info/PKG-INFO
[3.076s] writing dependency_links to carla_msgs.egg-info/dependency_links.txt
[3.076s] writing top-level names to carla_msgs.egg-info/top_level.txt
[3.076s] writing manifest file 'carla_msgs.egg-info/SOURCES.txt'
[3.105s] reading manifest file 'carla_msgs.egg-info/SOURCES.txt'
[3.105s] writing manifest file 'carla_msgs.egg-info/SOURCES.txt'
[3.120s] [  0%] Built target ament_cmake_python_build_carla_msgs_egg
[3.339s] [  0%] Built target carla_msgs__rosidl_generator_type_description
[3.345s] [  1%] [34m[1mGenerating C code for ROS interfaces[0m
[3.351s] [  1%] [34m[1mGenerating C++ code for ROS interfaces[0m
[4.034s] [  1%] Built target carla_msgs__cpp
[4.165s] [  1%] [32mBuilding C object CMakeFiles/carla_msgs__rosidl_generator_c.dir/rosidl_generator_c/carla_msgs/msg/detail/carla_ego_vehicle_control__description.c.o[0m
[4.168s] [  2%] [32mBuilding C object CMakeFiles/carla_msgs__rosidl_generator_c.dir/rosidl_generator_c/carla_msgs/msg/detail/carla_ego_vehicle_status__type_support.c.o[0m
[4.168s] [  2%] [32mBuilding C object CMakeFiles/carla_msgs__rosidl_generator_c.dir/rosidl_generator_c/carla_msgs/msg/detail/carla_ego_vehicle_info_wheel__description.c.o[0m
[4.168s] [  2%] [32mBuilding C object CMakeFiles/carla_msgs__rosidl_generator_c.dir/rosidl_generator_c/carla_msgs/msg/detail/carla_ego_vehicle_status__functions.c.o[0m
[4.168s] [  2%] [32mBuilding C object CMakeFiles/carla_msgs__rosidl_generator_c.dir/rosidl_generator_c/carla_msgs/msg/detail/carla_ego_vehicle_info_wheel__functions.c.o[0m
[4.168s] [  3%] [32mBuilding C object CMakeFiles/carla_msgs__rosidl_generator_c.dir/rosidl_generator_c/carla_msgs/msg/detail/carla_bounding_box__description.c.o[0m
[4.168s] [  3%] [32mBuilding C object CMakeFiles/carla_msgs__rosidl_generator_c.dir/rosidl_generator_c/carla_msgs/msg/detail/carla_ego_vehicle_info_wheel__type_support.c.o[0m
[4.168s] [  4%] [32mBuilding C object CMakeFiles/carla_msgs__rosidl_generator_c.dir/rosidl_generator_c/carla_msgs/msg/detail/carla_bounding_box__functions.c.o[0m
[4.168s] [  4%] [32mBuilding C object CMakeFiles/carla_msgs__rosidl_generator_c.dir/rosidl_generator_c/carla_msgs/msg/detail/carla_bounding_box__type_support.c.o[0m
[4.168s] [  4%] [32mBuilding C object CMakeFiles/carla_msgs__rosidl_generator_c.dir/rosidl_generator_c/carla_msgs/msg/detail/carla_ego_vehicle_control__type_support.c.o[0m
[4.168s] [  5%] [32mBuilding C object CMakeFiles/carla_msgs__rosidl_generator_c.dir/rosidl_generator_c/carla_msgs/msg/detail/carla_ego_vehicle_info__description.c.o[0m
[4.168s] [  5%] [32mBuilding C object CMakeFiles/carla_msgs__rosidl_generator_c.dir/rosidl_generator_c/carla_msgs/msg/detail/carla_ego_vehicle_control__functions.c.o[0m
[4.169s] [  6%] [32mBuilding C object CMakeFiles/carla_msgs__rosidl_generator_c.dir/rosidl_generator_c/carla_msgs/msg/detail/carla_ego_vehicle_status__description.c.o[0m
[4.170s] [  7%] [32mBuilding C object CMakeFiles/carla_msgs__rosidl_generator_c.dir/rosidl_generator_c/carla_msgs/msg/detail/carla_lane_invasion_event__description.c.o[0m
[4.170s] [  8%] [32mBuilding C object CMakeFiles/carla_msgs__rosidl_generator_c.dir/rosidl_generator_c/carla_msgs/msg/detail/carla_ego_vehicle_info__type_support.c.o[0m
[4.170s] [  8%] [32mBuilding C object CMakeFiles/carla_msgs__rosidl_generator_c.dir/rosidl_generator_c/carla_msgs/msg/detail/carla_ego_vehicle_info__functions.c.o[0m
[4.171s] [  9%] [32mBuilding C object CMakeFiles/carla_msgs__rosidl_generator_c.dir/rosidl_generator_c/carla_msgs/msg/detail/carla_collision_event__description.c.o[0m
[4.171s] [  9%] [32mBuilding C object CMakeFiles/carla_msgs__rosidl_generator_c.dir/rosidl_generator_c/carla_msgs/msg/detail/carla_lane_invasion_event__functions.c.o[0m
[4.171s] [  9%] [32mBuilding C object CMakeFiles/carla_msgs__rosidl_generator_c.dir/rosidl_generator_c/carla_msgs/msg/detail/carla_collision_event__type_support.c.o[0m
[4.171s] [  9%] [32mBuilding C object CMakeFiles/carla_msgs__rosidl_generator_c.dir/rosidl_generator_c/carla_msgs/msg/detail/carla_collision_event__functions.c.o[0m
[4.172s] [ 10%] [32mBuilding C object CMakeFiles/carla_msgs__rosidl_generator_c.dir/rosidl_generator_c/carla_msgs/msg/detail/carla_lane_invasion_event__type_support.c.o[0m
[4.172s] [ 10%] [32mBuilding C object CMakeFiles/carla_msgs__rosidl_generator_c.dir/rosidl_generator_c/carla_msgs/msg/detail/carla_world_info__description.c.o[0m
[4.172s] [ 10%] [32mBuilding C object CMakeFiles/carla_msgs__rosidl_generator_c.dir/rosidl_generator_c/carla_msgs/msg/detail/carla_world_info__type_support.c.o[0m
[4.172s] [ 11%] [32mBuilding C object CMakeFiles/carla_msgs__rosidl_generator_c.dir/rosidl_generator_c/carla_msgs/msg/detail/carla_world_info__functions.c.o[0m
[4.172s] [ 11%] [32mBuilding C object CMakeFiles/carla_msgs__rosidl_generator_c.dir/rosidl_generator_c/carla_msgs/msg/detail/carla_actor_info__description.c.o[0m
[4.172s] [ 12%] [32mBuilding C object CMakeFiles/carla_msgs__rosidl_generator_c.dir/rosidl_generator_c/carla_msgs/msg/detail/carla_actor_info__functions.c.o[0m
[4.173s] [ 13%] [32mBuilding C object CMakeFiles/carla_msgs__rosidl_generator_c.dir/rosidl_generator_c/carla_msgs/msg/detail/carla_actor_list__type_support.c.o[0m
[4.173s] [ 14%] [32mBuilding C object CMakeFiles/carla_msgs__rosidl_generator_c.dir/rosidl_generator_c/carla_msgs/msg/detail/carla_actor_list__description.c.o[0m
[4.173s] [ 14%] [32mBuilding C object CMakeFiles/carla_msgs__rosidl_generator_c.dir/rosidl_generator_c/carla_msgs/msg/detail/carla_control__functions.c.o[0m
[4.173s] [ 14%] [32mBuilding C object CMakeFiles/carla_msgs__rosidl_generator_c.dir/rosidl_generator_c/carla_msgs/msg/detail/carla_actor_list__functions.c.o[0m
[4.174s] [ 14%] [32mBuilding C object CMakeFiles/carla_msgs__rosidl_generator_c.dir/rosidl_generator_c/carla_msgs/msg/detail/carla_control__description.c.o[0m
[4.174s] [ 14%] [32mBuilding C object CMakeFiles/carla_msgs__rosidl_generator_c.dir/rosidl_generator_c/carla_msgs/msg/detail/carla_actor_info__type_support.c.o[0m
[4.204s] [ 15%] [32mBuilding C object CMakeFiles/carla_msgs__rosidl_generator_c.dir/rosidl_generator_c/carla_msgs/msg/detail/carla_control__type_support.c.o[0m
[4.204s] [ 15%] [32mBuilding C object CMakeFiles/carla_msgs__rosidl_generator_c.dir/rosidl_generator_c/carla_msgs/msg/detail/carla_status__description.c.o[0m
[4.205s] [ 16%] [32mBuilding C object CMakeFiles/carla_msgs__rosidl_generator_c.dir/rosidl_generator_c/carla_msgs/msg/detail/carla_status__functions.c.o[0m
[4.205s] [ 16%] [32mBuilding C object CMakeFiles/carla_msgs__rosidl_generator_c.dir/rosidl_generator_c/carla_msgs/msg/detail/carla_status__type_support.c.o[0m
[4.205s] [ 17%] [32mBuilding C object CMakeFiles/carla_msgs__rosidl_generator_c.dir/rosidl_generator_c/carla_msgs/msg/detail/carla_traffic_light_info__description.c.o[0m
[4.205s] [ 17%] [32mBuilding C object CMakeFiles/carla_msgs__rosidl_generator_c.dir/rosidl_generator_c/carla_msgs/msg/detail/carla_traffic_light_info__functions.c.o[0m
[4.205s] [ 17%] [32mBuilding C object CMakeFiles/carla_msgs__rosidl_generator_c.dir/rosidl_generator_c/carla_msgs/msg/detail/carla_traffic_light_info__type_support.c.o[0m
[4.206s] [ 18%] [32mBuilding C object CMakeFiles/carla_msgs__rosidl_generator_c.dir/rosidl_generator_c/carla_msgs/msg/detail/carla_traffic_light_info_list__description.c.o[0m
[4.206s] [ 18%] [32mBuilding C object CMakeFiles/carla_msgs__rosidl_generator_c.dir/rosidl_generator_c/carla_msgs/msg/detail/carla_traffic_light_info_list__functions.c.o[0m
[4.210s] [ 18%] [32mBuilding C object CMakeFiles/carla_msgs__rosidl_generator_c.dir/rosidl_generator_c/carla_msgs/msg/detail/carla_traffic_light_status__type_support.c.o[0m
[4.211s] [ 20%] [32mBuilding C object CMakeFiles/carla_msgs__rosidl_generator_c.dir/rosidl_generator_c/carla_msgs/msg/detail/carla_traffic_light_status__functions.c.o[0m
[4.211s] [ 20%] [32mBuilding C object CMakeFiles/carla_msgs__rosidl_generator_c.dir/rosidl_generator_c/carla_msgs/msg/detail/carla_traffic_light_status__description.c.o[0m
[4.211s] [ 20%] [32mBuilding C object CMakeFiles/carla_msgs__rosidl_generator_c.dir/rosidl_generator_c/carla_msgs/msg/detail/carla_traffic_light_info_list__type_support.c.o[0m
[4.214s] [ 21%] [32mBuilding C object CMakeFiles/carla_msgs__rosidl_generator_c.dir/rosidl_generator_c/carla_msgs/msg/detail/carla_traffic_light_status_list__functions.c.o[0m
[4.214s] [ 21%] [32mBuilding C object CMakeFiles/carla_msgs__rosidl_generator_c.dir/rosidl_generator_c/carla_msgs/msg/detail/carla_traffic_light_status_list__description.c.o[0m
[4.216s] [ 22%] [32mBuilding C object CMakeFiles/carla_msgs__rosidl_generator_c.dir/rosidl_generator_c/carla_msgs/msg/detail/carla_traffic_light_status_list__type_support.c.o[0m
[4.216s] [ 22%] [32mBuilding C object CMakeFiles/carla_msgs__rosidl_generator_c.dir/rosidl_generator_c/carla_msgs/msg/detail/carla_walker_control__description.c.o[0m
[4.217s] [ 22%] [32mBuilding C object CMakeFiles/carla_msgs__rosidl_generator_c.dir/rosidl_generator_c/carla_msgs/msg/detail/carla_walker_control__functions.c.o[0m
[4.217s] [ 22%] [32mBuilding C object CMakeFiles/carla_msgs__rosidl_generator_c.dir/rosidl_generator_c/carla_msgs/msg/detail/carla_weather_parameters__description.c.o[0m
[4.218s] [ 22%] [32mBuilding C object CMakeFiles/carla_msgs__rosidl_generator_c.dir/rosidl_generator_c/carla_msgs/msg/detail/carla_weather_parameters__functions.c.o[0m
[4.218s] [ 23%] [32mBuilding C object CMakeFiles/carla_msgs__rosidl_generator_c.dir/rosidl_generator_c/carla_msgs/msg/detail/carla_walker_control__type_support.c.o[0m
[4.221s] [ 25%] [32mBuilding C object CMakeFiles/carla_msgs__rosidl_generator_c.dir/rosidl_generator_c/carla_msgs/srv/detail/spawn_object__functions.c.o[0m
[4.221s] [ 25%] [32mBuilding C object CMakeFiles/carla_msgs__rosidl_generator_c.dir/rosidl_generator_c/carla_msgs/msg/detail/carla_weather_parameters__type_support.c.o[0m
[4.222s] [ 25%] [32mBuilding C object CMakeFiles/carla_msgs__rosidl_generator_c.dir/rosidl_generator_c/carla_msgs/srv/detail/spawn_object__type_support.c.o[0m
[4.222s] [ 26%] [32mBuilding C object CMakeFiles/carla_msgs__rosidl_generator_c.dir/rosidl_generator_c/carla_msgs/srv/detail/destroy_object__description.c.o[0m
[4.222s] [ 26%] [32mBuilding C object CMakeFiles/carla_msgs__rosidl_generator_c.dir/rosidl_generator_c/carla_msgs/srv/detail/destroy_object__functions.c.o[0m
[4.222s] [ 26%] [32mBuilding C object CMakeFiles/carla_msgs__rosidl_generator_c.dir/rosidl_generator_c/carla_msgs/srv/detail/spawn_object__description.c.o[0m
[4.223s] [ 26%] [32mBuilding C object CMakeFiles/carla_msgs__rosidl_generator_c.dir/rosidl_generator_c/carla_msgs/srv/detail/get_blueprints__functions.c.o[0m
[4.223s] [ 26%] [32mBuilding C object CMakeFiles/carla_msgs__rosidl_generator_c.dir/rosidl_generator_c/carla_msgs/srv/detail/destroy_object__type_support.c.o[0m
[4.223s] [ 27%] [32mBuilding C object CMakeFiles/carla_msgs__rosidl_generator_c.dir/rosidl_generator_c/carla_msgs/srv/detail/get_blueprints__description.c.o[0m
[4.224s] [ 28%] [32mBuilding C object CMakeFiles/carla_msgs__rosidl_generator_c.dir/rosidl_generator_c/carla_msgs/srv/detail/get_blueprints__type_support.c.o[0m
[4.268s] [ 28%] [32m[1mLinking C shared library libcarla_msgs__rosidl_generator_c.so[0m
[4.303s] [ 28%] Built target carla_msgs__rosidl_generator_c
[4.311s] [ 28%] [34m[1mGenerating C++ type support dispatch for ROS interfaces[0m
[4.313s] [ 29%] [34m[1mGenerating C type support for eProsima Fast-RTPS[0m
[4.313s] [ 29%] [34m[1mGenerating C++ introspection for ROS interfaces[0m
[4.313s] [ 29%] [34m[1mGenerating C type support dispatch for ROS interfaces[0m
[4.313s] [ 30%] [34m[1mGenerating C++ type support for eProsima Fast-RTPS[0m
[4.313s] [ 31%] [34m[1mGenerating C introspection for ROS interfaces[0m
[4.786s] [ 31%] [32mBuilding CXX object CMakeFiles/carla_msgs__rosidl_typesupport_c.dir/rosidl_typesupport_c/carla_msgs/msg/carla_ego_vehicle_control__type_support.cpp.o[0m
[4.786s] [ 31%] [32mBuilding CXX object CMakeFiles/carla_msgs__rosidl_typesupport_c.dir/rosidl_typesupport_c/carla_msgs/msg/carla_lane_invasion_event__type_support.cpp.o[0m
[4.786s] [ 32%] [32mBuilding CXX object CMakeFiles/carla_msgs__rosidl_typesupport_c.dir/rosidl_typesupport_c/carla_msgs/msg/carla_bounding_box__type_support.cpp.o[0m
[4.786s] [ 33%] [32mBuilding CXX object CMakeFiles/carla_msgs__rosidl_typesupport_c.dir/rosidl_typesupport_c/carla_msgs/msg/carla_actor_list__type_support.cpp.o[0m
[4.786s] [ 33%] [32mBuilding CXX object CMakeFiles/carla_msgs__rosidl_typesupport_c.dir/rosidl_typesupport_c/carla_msgs/msg/carla_collision_event__type_support.cpp.o[0m
[4.786s] [ 33%] [32mBuilding CXX object CMakeFiles/carla_msgs__rosidl_typesupport_c.dir/rosidl_typesupport_c/carla_msgs/msg/carla_ego_vehicle_info_wheel__type_support.cpp.o[0m
[4.786s] [ 34%] [32mBuilding CXX object CMakeFiles/carla_msgs__rosidl_typesupport_c.dir/rosidl_typesupport_c/carla_msgs/msg/carla_ego_vehicle_status__type_support.cpp.o[0m
[4.786s] [ 35%] [32mBuilding CXX object CMakeFiles/carla_msgs__rosidl_typesupport_c.dir/rosidl_typesupport_c/carla_msgs/msg/carla_status__type_support.cpp.o[0m
[4.786s] [ 36%] [32mBuilding CXX object CMakeFiles/carla_msgs__rosidl_typesupport_c.dir/rosidl_typesupport_c/carla_msgs/msg/carla_ego_vehicle_info__type_support.cpp.o[0m
[4.787s] [ 37%] [32mBuilding CXX object CMakeFiles/carla_msgs__rosidl_typesupport_c.dir/rosidl_typesupport_c/carla_msgs/msg/carla_world_info__type_support.cpp.o[0m
[4.787s] [ 37%] [32mBuilding CXX object CMakeFiles/carla_msgs__rosidl_typesupport_c.dir/rosidl_typesupport_c/carla_msgs/msg/carla_traffic_light_info_list__type_support.cpp.o[0m
[4.787s] [ 37%] [32mBuilding CXX object CMakeFiles/carla_msgs__rosidl_typesupport_c.dir/rosidl_typesupport_c/carla_msgs/msg/carla_actor_info__type_support.cpp.o[0m
[4.788s] [ 38%] [32mBuilding CXX object CMakeFiles/carla_msgs__rosidl_typesupport_cpp.dir/rosidl_typesupport_cpp/carla_msgs/msg/carla_collision_event__type_support.cpp.o[0m
[4.789s] [ 39%] [32mBuilding CXX object CMakeFiles/carla_msgs__rosidl_typesupport_c.dir/rosidl_typesupport_c/carla_msgs/msg/carla_walker_control__type_support.cpp.o[0m
[4.789s] [ 39%] [32mBuilding CXX object CMakeFiles/carla_msgs__rosidl_typesupport_c.dir/rosidl_typesupport_c/carla_msgs/msg/carla_control__type_support.cpp.o[0m
[4.789s] [ 40%] [32mBuilding CXX object CMakeFiles/carla_msgs__rosidl_typesupport_c.dir/rosidl_typesupport_c/carla_msgs/msg/carla_weather_parameters__type_support.cpp.o[0m
[4.789s] [ 40%] [32mBuilding CXX object CMakeFiles/carla_msgs__rosidl_typesupport_c.dir/rosidl_typesupport_c/carla_msgs/msg/carla_traffic_light_status__type_support.cpp.o[0m
[4.789s] [ 40%] [32mBuilding CXX object CMakeFiles/carla_msgs__rosidl_typesupport_cpp.dir/rosidl_typesupport_cpp/carla_msgs/msg/carla_ego_vehicle_info__type_support.cpp.o[0m
[4.789s] [ 40%] [32mBuilding CXX object CMakeFiles/carla_msgs__rosidl_typesupport_cpp.dir/rosidl_typesupport_cpp/carla_msgs/msg/carla_lane_invasion_event__type_support.cpp.o[0m
[4.789s] [ 41%] [32mBuilding CXX object CMakeFiles/carla_msgs__rosidl_typesupport_c.dir/rosidl_typesupport_c/carla_msgs/msg/carla_traffic_light_info__type_support.cpp.o[0m
[4.789s] [ 41%] [32mBuilding CXX object CMakeFiles/carla_msgs__rosidl_typesupport_cpp.dir/rosidl_typesupport_cpp/carla_msgs/msg/carla_bounding_box__type_support.cpp.o[0m
[4.789s] [ 41%] [32mBuilding CXX object CMakeFiles/carla_msgs__rosidl_typesupport_cpp.dir/rosidl_typesupport_cpp/carla_msgs/msg/carla_ego_vehicle_control__type_support.cpp.o[0m
[4.789s] [ 41%] [32mBuilding CXX object CMakeFiles/carla_msgs__rosidl_typesupport_c.dir/rosidl_typesupport_c/carla_msgs/msg/carla_traffic_light_status_list__type_support.cpp.o[0m
[4.789s] [ 41%] [32mBuilding CXX object CMakeFiles/carla_msgs__rosidl_typesupport_cpp.dir/rosidl_typesupport_cpp/carla_msgs/msg/carla_ego_vehicle_info_wheel__type_support.cpp.o[0m
[4.789s] [ 43%] [32mBuilding CXX object CMakeFiles/carla_msgs__rosidl_typesupport_cpp.dir/rosidl_typesupport_cpp/carla_msgs/msg/carla_ego_vehicle_status__type_support.cpp.o[0m
[4.789s] [ 43%] [32mBuilding CXX object CMakeFiles/carla_msgs__rosidl_typesupport_c.dir/rosidl_typesupport_c/carla_msgs/srv/spawn_object__type_support.cpp.o[0m
[4.790s] [ 43%] [32mBuilding CXX object CMakeFiles/carla_msgs__rosidl_typesupport_c.dir/rosidl_typesupport_c/carla_msgs/srv/get_blueprints__type_support.cpp.o[0m
[4.790s] [ 43%] [32mBuilding CXX object CMakeFiles/carla_msgs__rosidl_typesupport_c.dir/rosidl_typesupport_c/carla_msgs/srv/destroy_object__type_support.cpp.o[0m
[4.816s] [ 44%] [32mBuilding CXX object CMakeFiles/carla_msgs__rosidl_typesupport_cpp.dir/rosidl_typesupport_cpp/carla_msgs/msg/carla_actor_list__type_support.cpp.o[0m
[4.816s] [ 44%] [32mBuilding CXX object CMakeFiles/carla_msgs__rosidl_typesupport_cpp.dir/rosidl_typesupport_cpp/carla_msgs/msg/carla_world_info__type_support.cpp.o[0m
[4.817s] [ 44%] [32mBuilding CXX object CMakeFiles/carla_msgs__rosidl_typesupport_cpp.dir/rosidl_typesupport_cpp/carla_msgs/msg/carla_traffic_light_info_list__type_support.cpp.o[0m
[4.817s] [ 45%] [32mBuilding CXX object CMakeFiles/carla_msgs__rosidl_typesupport_cpp.dir/rosidl_typesupport_cpp/carla_msgs/msg/carla_traffic_light_info__type_support.cpp.o[0m
[4.817s] [ 45%] [32mBuilding CXX object CMakeFiles/carla_msgs__rosidl_typesupport_cpp.dir/rosidl_typesupport_cpp/carla_msgs/msg/carla_actor_info__type_support.cpp.o[0m
[4.817s] [ 46%] [32mBuilding CXX object CMakeFiles/carla_msgs__rosidl_typesupport_cpp.dir/rosidl_typesupport_cpp/carla_msgs/msg/carla_control__type_support.cpp.o[0m
[4.818s] [ 46%] [32mBuilding CXX object CMakeFiles/carla_msgs__rosidl_typesupport_cpp.dir/rosidl_typesupport_cpp/carla_msgs/msg/carla_status__type_support.cpp.o[0m
[4.818s] [ 47%] [32mBuilding CXX object CMakeFiles/carla_msgs__rosidl_typesupport_cpp.dir/rosidl_typesupport_cpp/carla_msgs/msg/carla_weather_parameters__type_support.cpp.o[0m
[4.818s] [ 47%] [32mBuilding CXX object CMakeFiles/carla_msgs__rosidl_typesupport_cpp.dir/rosidl_typesupport_cpp/carla_msgs/srv/spawn_object__type_support.cpp.o[0m
[4.818s] [ 48%] [32mBuilding CXX object CMakeFiles/carla_msgs__rosidl_typesupport_cpp.dir/rosidl_typesupport_cpp/carla_msgs/msg/carla_traffic_light_status__type_support.cpp.o[0m
[4.819s] [ 49%] [32mBuilding CXX object CMakeFiles/carla_msgs__rosidl_typesupport_cpp.dir/rosidl_typesupport_cpp/carla_msgs/srv/destroy_object__type_support.cpp.o[0m
[4.819s] [ 49%] [32mBuilding CXX object CMakeFiles/carla_msgs__rosidl_typesupport_cpp.dir/rosidl_typesupport_cpp/carla_msgs/msg/carla_traffic_light_status_list__type_support.cpp.o[0m
[4.819s] [ 49%] [32mBuilding CXX object CMakeFiles/carla_msgs__rosidl_typesupport_cpp.dir/rosidl_typesupport_cpp/carla_msgs/msg/carla_walker_control__type_support.cpp.o[0m
[4.820s] [ 49%] [32mBuilding CXX object CMakeFiles/carla_msgs__rosidl_typesupport_cpp.dir/rosidl_typesupport_cpp/carla_msgs/srv/get_blueprints__type_support.cpp.o[0m
[4.827s] [ 50%] [32m[1mLinking CXX shared library libcarla_msgs__rosidl_typesupport_c.so[0m
[4.866s] [ 50%] Built target carla_msgs__rosidl_typesupport_c
[4.956s] [ 50%] [32mBuilding CXX object CMakeFiles/carla_msgs__rosidl_typesupport_introspection_cpp.dir/rosidl_typesupport_introspection_cpp/carla_msgs/msg/detail/carla_bounding_box__type_support.cpp.o[0m
[4.956s] [ 51%] [32mBuilding CXX object CMakeFiles/carla_msgs__rosidl_typesupport_introspection_cpp.dir/rosidl_typesupport_introspection_cpp/carla_msgs/msg/detail/carla_ego_vehicle_control__type_support.cpp.o[0m
[4.956s] [ 51%] [32mBuilding CXX object CMakeFiles/carla_msgs__rosidl_typesupport_introspection_cpp.dir/rosidl_typesupport_introspection_cpp/carla_msgs/msg/detail/carla_ego_vehicle_status__type_support.cpp.o[0m
[4.956s] [ 51%] [32mBuilding CXX object CMakeFiles/carla_msgs__rosidl_typesupport_introspection_cpp.dir/rosidl_typesupport_introspection_cpp/carla_msgs/msg/detail/carla_ego_vehicle_info_wheel__type_support.cpp.o[0m
[4.964s] [ 52%] [32mBuilding CXX object CMakeFiles/carla_msgs__rosidl_typesupport_introspection_cpp.dir/rosidl_typesupport_introspection_cpp/carla_msgs/msg/detail/carla_ego_vehicle_info__type_support.cpp.o[0m
[4.967s] [ 53%] [32mBuilding CXX object CMakeFiles/carla_msgs__rosidl_typesupport_introspection_cpp.dir/rosidl_typesupport_introspection_cpp/carla_msgs/msg/detail/carla_lane_invasion_event__type_support.cpp.o[0m
[4.971s] [ 53%] [32mBuilding CXX object CMakeFiles/carla_msgs__rosidl_typesupport_introspection_cpp.dir/rosidl_typesupport_introspection_cpp/carla_msgs/msg/detail/carla_collision_event__type_support.cpp.o[0m
[4.988s] [ 53%] [32mBuilding CXX object CMakeFiles/carla_msgs__rosidl_typesupport_introspection_cpp.dir/rosidl_typesupport_introspection_cpp/carla_msgs/msg/detail/carla_world_info__type_support.cpp.o[0m
[4.989s] [ 53%] [32mBuilding CXX object CMakeFiles/carla_msgs__rosidl_typesupport_introspection_cpp.dir/rosidl_typesupport_introspection_cpp/carla_msgs/msg/detail/carla_actor_info__type_support.cpp.o[0m
[4.992s] [ 54%] [32mBuilding CXX object CMakeFiles/carla_msgs__rosidl_typesupport_introspection_cpp.dir/rosidl_typesupport_introspection_cpp/carla_msgs/msg/detail/carla_actor_list__type_support.cpp.o[0m
[4.993s] [ 54%] [32mBuilding CXX object CMakeFiles/carla_msgs__rosidl_typesupport_introspection_cpp.dir/rosidl_typesupport_introspection_cpp/carla_msgs/msg/detail/carla_control__type_support.cpp.o[0m
[4.995s] [ 55%] [32mBuilding CXX object CMakeFiles/carla_msgs__rosidl_typesupport_introspection_cpp.dir/rosidl_typesupport_introspection_cpp/carla_msgs/msg/detail/carla_status__type_support.cpp.o[0m
[5.029s] [ 55%] [32mBuilding CXX object CMakeFiles/carla_msgs__rosidl_typesupport_introspection_cpp.dir/rosidl_typesupport_introspection_cpp/carla_msgs/msg/detail/carla_traffic_light_info__type_support.cpp.o[0m
[5.033s] [ 56%] [32mBuilding CXX object CMakeFiles/carla_msgs__rosidl_typesupport_introspection_cpp.dir/rosidl_typesupport_introspection_cpp/carla_msgs/msg/detail/carla_traffic_light_info_list__type_support.cpp.o[0m
[5.045s] [ 56%] [32mBuilding C object CMakeFiles/carla_msgs__rosidl_typesupport_introspection_c.dir/rosidl_typesupport_introspection_c/carla_msgs/msg/detail/carla_bounding_box__type_support.c.o[0m
[5.049s] [ 57%] [32mBuilding C object CMakeFiles/carla_msgs__rosidl_typesupport_introspection_c.dir/rosidl_typesupport_introspection_c/carla_msgs/msg/detail/carla_ego_vehicle_control__type_support.c.o[0m
[5.058s] [ 57%] [32mBuilding C object CMakeFiles/carla_msgs__rosidl_typesupport_introspection_c.dir/rosidl_typesupport_introspection_c/carla_msgs/msg/detail/carla_ego_vehicle_status__type_support.c.o[0m
[5.059s] [ 57%] [32mBuilding CXX object CMakeFiles/carla_msgs__rosidl_typesupport_introspection_cpp.dir/rosidl_typesupport_introspection_cpp/carla_msgs/msg/detail/carla_traffic_light_status__type_support.cpp.o[0m
[5.060s] [ 57%] [32mBuilding CXX object CMakeFiles/carla_msgs__rosidl_typesupport_introspection_cpp.dir/rosidl_typesupport_introspection_cpp/carla_msgs/msg/detail/carla_traffic_light_status_list__type_support.cpp.o[0m
[5.070s] [ 57%] [32mBuilding C object CMakeFiles/carla_msgs__rosidl_typesupport_introspection_c.dir/rosidl_typesupport_introspection_c/carla_msgs/msg/detail/carla_ego_vehicle_info_wheel__type_support.c.o[0m
[5.072s] [ 58%] [32mBuilding C object CMakeFiles/carla_msgs__rosidl_typesupport_introspection_c.dir/rosidl_typesupport_introspection_c/carla_msgs/msg/detail/carla_ego_vehicle_info__type_support.c.o[0m
[5.075s] [ 59%] [32mBuilding C object CMakeFiles/carla_msgs__rosidl_typesupport_introspection_c.dir/rosidl_typesupport_introspection_c/carla_msgs/msg/detail/carla_lane_invasion_event__type_support.c.o[0m
[5.075s] [ 60%] [32mBuilding CXX object CMakeFiles/carla_msgs__rosidl_typesupport_introspection_cpp.dir/rosidl_typesupport_introspection_cpp/carla_msgs/msg/detail/carla_walker_control__type_support.cpp.o[0m
[5.076s] [ 60%] [32mBuilding C object CMakeFiles/carla_msgs__rosidl_typesupport_introspection_c.dir/rosidl_typesupport_introspection_c/carla_msgs/msg/detail/carla_collision_event__type_support.c.o[0m
[5.076s] [ 60%] [32mBuilding C object CMakeFiles/carla_msgs__rosidl_typesupport_introspection_c.dir/rosidl_typesupport_introspection_c/carla_msgs/msg/detail/carla_world_info__type_support.c.o[0m
[5.077s] [ 60%] [32mBuilding CXX object CMakeFiles/carla_msgs__rosidl_typesupport_introspection_cpp.dir/rosidl_typesupport_introspection_cpp/carla_msgs/msg/detail/carla_weather_parameters__type_support.cpp.o[0m
[5.077s] [ 61%] [32mBuilding C object CMakeFiles/carla_msgs__rosidl_typesupport_introspection_c.dir/rosidl_typesupport_introspection_c/carla_msgs/msg/detail/carla_actor_info__type_support.c.o[0m
[5.078s] [ 62%] [32mBuilding CXX object CMakeFiles/carla_msgs__rosidl_typesupport_introspection_cpp.dir/rosidl_typesupport_introspection_cpp/carla_msgs/srv/detail/spawn_object__type_support.cpp.o[0m
[5.078s] [ 62%] [32mBuilding CXX object CMakeFiles/carla_msgs__rosidl_typesupport_introspection_cpp.dir/rosidl_typesupport_introspection_cpp/carla_msgs/srv/detail/destroy_object__type_support.cpp.o[0m
[5.083s] [ 63%] [32mBuilding CXX object CMakeFiles/carla_msgs__rosidl_typesupport_introspection_cpp.dir/rosidl_typesupport_introspection_cpp/carla_msgs/srv/detail/get_blueprints__type_support.cpp.o[0m
[5.096s] [ 63%] [32mBuilding C object CMakeFiles/carla_msgs__rosidl_typesupport_introspection_c.dir/rosidl_typesupport_introspection_c/carla_msgs/msg/detail/carla_actor_list__type_support.c.o[0m
[5.105s] [ 63%] [32mBuilding C object CMakeFiles/carla_msgs__rosidl_typesupport_introspection_c.dir/rosidl_typesupport_introspection_c/carla_msgs/msg/detail/carla_control__type_support.c.o[0m
[5.107s] [ 64%] [32mBuilding C object CMakeFiles/carla_msgs__rosidl_typesupport_introspection_c.dir/rosidl_typesupport_introspection_c/carla_msgs/msg/detail/carla_status__type_support.c.o[0m
[5.107s] [ 64%] [32mBuilding C object CMakeFiles/carla_msgs__rosidl_typesupport_introspection_c.dir/rosidl_typesupport_introspection_c/carla_msgs/msg/detail/carla_traffic_light_info__type_support.c.o[0m
[5.107s] [ 65%] [32mBuilding C object CMakeFiles/carla_msgs__rosidl_typesupport_introspection_c.dir/rosidl_typesupport_introspection_c/carla_msgs/msg/detail/carla_traffic_light_info_list__type_support.c.o[0m
[5.109s] [ 66%] [32mBuilding C object CMakeFiles/carla_msgs__rosidl_typesupport_introspection_c.dir/rosidl_typesupport_introspection_c/carla_msgs/msg/detail/carla_traffic_light_status_list__type_support.c.o[0m
[5.110s] [ 66%] [32mBuilding C object CMakeFiles/carla_msgs__rosidl_typesupport_introspection_c.dir/rosidl_typesupport_introspection_c/carla_msgs/msg/detail/carla_traffic_light_status__type_support.c.o[0m
[5.111s] [ 66%] [32mBuilding C object CMakeFiles/carla_msgs__rosidl_typesupport_introspection_c.dir/rosidl_typesupport_introspection_c/carla_msgs/msg/detail/carla_walker_control__type_support.c.o[0m
[5.130s] [ 66%] [32mBuilding C object CMakeFiles/carla_msgs__rosidl_typesupport_introspection_c.dir/rosidl_typesupport_introspection_c/carla_msgs/msg/detail/carla_weather_parameters__type_support.c.o[0m
[5.136s] [ 67%] [32mBuilding C object CMakeFiles/carla_msgs__rosidl_typesupport_introspection_c.dir/rosidl_typesupport_introspection_c/carla_msgs/srv/detail/spawn_object__type_support.c.o[0m
[5.140s] [ 67%] [32mBuilding C object CMakeFiles/carla_msgs__rosidl_typesupport_introspection_c.dir/rosidl_typesupport_introspection_c/carla_msgs/srv/detail/destroy_object__type_support.c.o[0m
[5.140s] [ 68%] [32mBuilding C object CMakeFiles/carla_msgs__rosidl_typesupport_introspection_c.dir/rosidl_typesupport_introspection_c/carla_msgs/srv/detail/get_blueprints__type_support.c.o[0m
[5.182s] [ 68%] [32m[1mLinking C shared library libcarla_msgs__rosidl_typesupport_introspection_c.so[0m
[5.184s] [ 69%] [32m[1mLinking CXX shared library libcarla_msgs__rosidl_typesupport_cpp.so[0m
[5.208s] [ 70%] [32mBuilding CXX object CMakeFiles/carla_msgs__rosidl_typesupport_fastrtps_cpp.dir/rosidl_typesupport_fastrtps_cpp/carla_msgs/msg/detail/dds_fastrtps/carla_ego_vehicle_status__type_support.cpp.o[0m
[5.208s] [ 70%] [32mBuilding CXX object CMakeFiles/carla_msgs__rosidl_typesupport_fastrtps_cpp.dir/rosidl_typesupport_fastrtps_cpp/carla_msgs/msg/detail/dds_fastrtps/carla_ego_vehicle_info_wheel__type_support.cpp.o[0m
[5.208s] [ 70%] [32mBuilding CXX object CMakeFiles/carla_msgs__rosidl_typesupport_fastrtps_cpp.dir/rosidl_typesupport_fastrtps_cpp/carla_msgs/msg/detail/dds_fastrtps/carla_bounding_box__type_support.cpp.o[0m
[5.208s] [ 71%] [32mBuilding CXX object CMakeFiles/carla_msgs__rosidl_typesupport_fastrtps_cpp.dir/rosidl_typesupport_fastrtps_cpp/carla_msgs/msg/detail/dds_fastrtps/carla_ego_vehicle_control__type_support.cpp.o[0m
[5.208s] [ 71%] Built target carla_msgs__rosidl_typesupport_introspection_c
[5.208s] [ 71%] [32mBuilding CXX object CMakeFiles/carla_msgs__rosidl_typesupport_fastrtps_cpp.dir/rosidl_typesupport_fastrtps_cpp/carla_msgs/msg/detail/dds_fastrtps/carla_collision_event__type_support.cpp.o[0m
[5.209s] [ 71%] [32mBuilding CXX object CMakeFiles/carla_msgs__rosidl_typesupport_fastrtps_cpp.dir/rosidl_typesupport_fastrtps_cpp/carla_msgs/msg/detail/dds_fastrtps/carla_ego_vehicle_info__type_support.cpp.o[0m
[5.209s] [ 72%] [32mBuilding CXX object CMakeFiles/carla_msgs__rosidl_typesupport_fastrtps_cpp.dir/rosidl_typesupport_fastrtps_cpp/carla_msgs/msg/detail/dds_fastrtps/carla_actor_list__type_support.cpp.o[0m
[5.209s] [ 72%] [32mBuilding CXX object CMakeFiles/carla_msgs__rosidl_typesupport_fastrtps_cpp.dir/rosidl_typesupport_fastrtps_cpp/carla_msgs/msg/detail/dds_fastrtps/carla_lane_invasion_event__type_support.cpp.o[0m
[5.211s] [ 72%] [32mBuilding CXX object CMakeFiles/carla_msgs__rosidl_typesupport_fastrtps_cpp.dir/rosidl_typesupport_fastrtps_cpp/carla_msgs/msg/detail/dds_fastrtps/carla_world_info__type_support.cpp.o[0m
[5.211s] [ 73%] [32mBuilding CXX object CMakeFiles/carla_msgs__rosidl_typesupport_fastrtps_cpp.dir/rosidl_typesupport_fastrtps_cpp/carla_msgs/msg/detail/dds_fastrtps/carla_control__type_support.cpp.o[0m
[5.211s] [ 74%] [32mBuilding CXX object CMakeFiles/carla_msgs__rosidl_typesupport_fastrtps_cpp.dir/rosidl_typesupport_fastrtps_cpp/carla_msgs/msg/detail/dds_fastrtps/carla_actor_info__type_support.cpp.o[0m
[5.214s] [ 74%] [32mBuilding CXX object CMakeFiles/carla_msgs__rosidl_typesupport_fastrtps_cpp.dir/rosidl_typesupport_fastrtps_cpp/carla_msgs/msg/detail/dds_fastrtps/carla_status__type_support.cpp.o[0m
[5.217s] [ 75%] [32mBuilding CXX object CMakeFiles/carla_msgs__rosidl_typesupport_fastrtps_cpp.dir/rosidl_typesupport_fastrtps_cpp/carla_msgs/msg/detail/dds_fastrtps/carla_traffic_light_info_list__type_support.cpp.o[0m
[5.218s] [ 75%] [32mBuilding CXX object CMakeFiles/carla_msgs__rosidl_typesupport_fastrtps_cpp.dir/rosidl_typesupport_fastrtps_cpp/carla_msgs/msg/detail/dds_fastrtps/carla_traffic_light_info__type_support.cpp.o[0m
[5.218s] [ 75%] [32mBuilding CXX object CMakeFiles/carla_msgs__rosidl_typesupport_fastrtps_cpp.dir/rosidl_typesupport_fastrtps_cpp/carla_msgs/msg/detail/dds_fastrtps/carla_traffic_light_status__type_support.cpp.o[0m
[5.234s] [ 76%] [32mBuilding CXX object CMakeFiles/carla_msgs__rosidl_typesupport_fastrtps_cpp.dir/rosidl_typesupport_fastrtps_cpp/carla_msgs/msg/detail/dds_fastrtps/carla_traffic_light_status_list__type_support.cpp.o[0m
[5.238s] [ 76%] [32mBuilding CXX object CMakeFiles/carla_msgs__rosidl_typesupport_fastrtps_cpp.dir/rosidl_typesupport_fastrtps_cpp/carla_msgs/msg/detail/dds_fastrtps/carla_walker_control__type_support.cpp.o[0m
[5.245s] [ 76%] [32mBuilding CXX object CMakeFiles/carla_msgs__rosidl_typesupport_fastrtps_cpp.dir/rosidl_typesupport_fastrtps_cpp/carla_msgs/srv/detail/dds_fastrtps/destroy_object__type_support.cpp.o[0m
[5.247s] [ 77%] [32mBuilding CXX object CMakeFiles/carla_msgs__rosidl_typesupport_fastrtps_cpp.dir/rosidl_typesupport_fastrtps_cpp/carla_msgs/msg/detail/dds_fastrtps/carla_weather_parameters__type_support.cpp.o[0m
[5.250s] [ 77%] [32mBuilding CXX object CMakeFiles/carla_msgs__rosidl_typesupport_fastrtps_cpp.dir/rosidl_typesupport_fastrtps_cpp/carla_msgs/srv/detail/dds_fastrtps/spawn_object__type_support.cpp.o[0m
[5.259s] [ 78%] [32mBuilding CXX object CMakeFiles/carla_msgs__rosidl_typesupport_fastrtps_cpp.dir/rosidl_typesupport_fastrtps_cpp/carla_msgs/srv/detail/dds_fastrtps/get_blueprints__type_support.cpp.o[0m
[5.264s] [ 78%] Built target carla_msgs__rosidl_typesupport_cpp
[5.373s] [ 81%] [32mBuilding CXX object CMakeFiles/carla_msgs__rosidl_typesupport_fastrtps_c.dir/rosidl_typesupport_fastrtps_c/carla_msgs/msg/detail/carla_collision_event__type_support_c.cpp.o[0m
[5.373s] [ 81%] [32mBuilding CXX object CMakeFiles/carla_msgs__rosidl_typesupport_fastrtps_c.dir/rosidl_typesupport_fastrtps_c/carla_msgs/msg/detail/carla_world_info__type_support_c.cpp.o[0m
[5.373s] [ 81%] [32mBuilding CXX object CMakeFiles/carla_msgs__rosidl_typesupport_fastrtps_c.dir/rosidl_typesupport_fastrtps_c/carla_msgs/msg/detail/carla_ego_vehicle_status__type_support_c.cpp.o[0m
[5.374s] [ 81%] [32mBuilding CXX object CMakeFiles/carla_msgs__rosidl_typesupport_fastrtps_c.dir/rosidl_typesupport_fastrtps_c/carla_msgs/msg/detail/carla_ego_vehicle_info_wheel__type_support_c.cpp.o[0m
[5.374s] [ 81%] [32mBuilding CXX object CMakeFiles/carla_msgs__rosidl_typesupport_fastrtps_c.dir/rosidl_typesupport_fastrtps_c/carla_msgs/msg/detail/carla_ego_vehicle_info__type_support_c.cpp.o[0m
[5.374s] [ 81%] [32mBuilding CXX object CMakeFiles/carla_msgs__rosidl_typesupport_fastrtps_c.dir/rosidl_typesupport_fastrtps_c/carla_msgs/msg/detail/carla_ego_vehicle_control__type_support_c.cpp.o[0m
[5.374s] [ 81%] [32mBuilding CXX object CMakeFiles/carla_msgs__rosidl_typesupport_fastrtps_c.dir/rosidl_typesupport_fastrtps_c/carla_msgs/msg/detail/carla_lane_invasion_event__type_support_c.cpp.o[0m
[5.374s] [ 81%] [32mBuilding CXX object CMakeFiles/carla_msgs__rosidl_typesupport_fastrtps_c.dir/rosidl_typesupport_fastrtps_c/carla_msgs/msg/detail/carla_bounding_box__type_support_c.cpp.o[0m
[5.404s] [ 82%] [32mBuilding CXX object CMakeFiles/carla_msgs__rosidl_typesupport_fastrtps_c.dir/rosidl_typesupport_fastrtps_c/carla_msgs/msg/detail/carla_actor_info__type_support_c.cpp.o[0m
[5.438s] [ 82%] [32mBuilding CXX object CMakeFiles/carla_msgs__rosidl_typesupport_fastrtps_c.dir/rosidl_typesupport_fastrtps_c/carla_msgs/msg/detail/carla_actor_list__type_support_c.cpp.o[0m
[5.509s] [ 82%] [32m[1mLinking CXX shared library libcarla_msgs__rosidl_typesupport_introspection_cpp.so[0m
[5.540s] [ 83%] [32mBuilding CXX object CMakeFiles/carla_msgs__rosidl_typesupport_fastrtps_c.dir/rosidl_typesupport_fastrtps_c/carla_msgs/msg/detail/carla_control__type_support_c.cpp.o[0m
[5.546s] [ 83%] [32mBuilding CXX object CMakeFiles/carla_msgs__rosidl_typesupport_fastrtps_c.dir/rosidl_typesupport_fastrtps_c/carla_msgs/msg/detail/carla_status__type_support_c.cpp.o[0m
[5.555s] [ 84%] [32mBuilding CXX object CMakeFiles/carla_msgs__rosidl_typesupport_fastrtps_c.dir/rosidl_typesupport_fastrtps_c/carla_msgs/msg/detail/carla_traffic_light_info__type_support_c.cpp.o[0m
[5.560s] [ 84%] [32mBuilding CXX object CMakeFiles/carla_msgs__rosidl_typesupport_fastrtps_c.dir/rosidl_typesupport_fastrtps_c/carla_msgs/msg/detail/carla_traffic_light_info_list__type_support_c.cpp.o[0m
[5.563s] [ 84%] [32mBuilding CXX object CMakeFiles/carla_msgs__rosidl_typesupport_fastrtps_c.dir/rosidl_typesupport_fastrtps_c/carla_msgs/msg/detail/carla_traffic_light_status__type_support_c.cpp.o[0m
[5.587s] [ 85%] [32mBuilding CXX object CMakeFiles/carla_msgs__rosidl_typesupport_fastrtps_c.dir/rosidl_typesupport_fastrtps_c/carla_msgs/msg/detail/carla_traffic_light_status_list__type_support_c.cpp.o[0m
[5.606s] [ 85%] [32mBuilding CXX object CMakeFiles/carla_msgs__rosidl_typesupport_fastrtps_c.dir/rosidl_typesupport_fastrtps_c/carla_msgs/msg/detail/carla_walker_control__type_support_c.cpp.o[0m
[5.607s] [ 85%] Built target carla_msgs__rosidl_typesupport_introspection_cpp
[5.607s] [ 86%] [32mBuilding CXX object CMakeFiles/carla_msgs__rosidl_typesupport_fastrtps_c.dir/rosidl_typesupport_fastrtps_c/carla_msgs/msg/detail/carla_weather_parameters__type_support_c.cpp.o[0m
[5.608s] [ 86%] [32mBuilding CXX object CMakeFiles/carla_msgs__rosidl_typesupport_fastrtps_c.dir/rosidl_typesupport_fastrtps_c/carla_msgs/srv/detail/spawn_object__type_support_c.cpp.o[0m
[5.616s] [ 87%] [32mBuilding CXX object CMakeFiles/carla_msgs__rosidl_typesupport_fastrtps_c.dir/rosidl_typesupport_fastrtps_c/carla_msgs/srv/detail/destroy_object__type_support_c.cpp.o[0m
[5.625s] [ 87%] [32mBuilding CXX object CMakeFiles/carla_msgs__rosidl_typesupport_fastrtps_c.dir/rosidl_typesupport_fastrtps_c/carla_msgs/srv/detail/get_blueprints__type_support_c.cpp.o[0m
[5.813s] [ 87%] [32m[1mLinking CXX shared library libcarla_msgs__rosidl_typesupport_fastrtps_cpp.so[0m
[5.869s] [ 87%] Built target carla_msgs__rosidl_typesupport_fastrtps_cpp
[5.941s] [ 87%] [32m[1mLinking CXX shared library libcarla_msgs__rosidl_typesupport_fastrtps_c.so[0m
[5.998s] [ 87%] Built target carla_msgs__rosidl_typesupport_fastrtps_c
[6.014s] [ 87%] Built target carla_msgs
[6.037s] [ 87%] [34m[1mGenerating Python code for ROS interfaces[0m
[7.212s] [ 87%] Built target carla_msgs__py
[7.237s] [ 88%] [32mBuilding C object CMakeFiles/carla_msgs__rosidl_generator_py.dir/rosidl_generator_py/carla_msgs/msg/_carla_world_info_s.c.o[0m
[7.237s] [ 89%] [32mBuilding C object CMakeFiles/carla_msgs__rosidl_generator_py.dir/rosidl_generator_py/carla_msgs/msg/_carla_collision_event_s.c.o[0m
[7.237s] [ 89%] [32mBuilding C object CMakeFiles/carla_msgs__rosidl_generator_py.dir/rosidl_generator_py/carla_msgs/msg/_carla_actor_info_s.c.o[0m
[7.237s] [ 90%] [32mBuilding C object CMakeFiles/carla_msgs__rosidl_generator_py.dir/rosidl_generator_py/carla_msgs/msg/_carla_control_s.c.o[0m
[7.238s] [ 91%] [32mBuilding C object CMakeFiles/carla_msgs__rosidl_generator_py.dir/rosidl_generator_py/carla_msgs/msg/_carla_bounding_box_s.c.o[0m
[7.238s] [ 91%] [32mBuilding C object CMakeFiles/carla_msgs__rosidl_generator_py.dir/rosidl_generator_py/carla_msgs/msg/_carla_ego_vehicle_control_s.c.o[0m
[7.238s] [ 91%] [32mBuilding C object CMakeFiles/carla_msgs__rosidl_generator_py.dir/rosidl_generator_py/carla_msgs/msg/_carla_status_s.c.o[0m
[7.238s] [ 92%] [32mBuilding C object CMakeFiles/carla_msgs__rosidl_generator_py.dir/rosidl_generator_py/carla_msgs/msg/_carla_ego_vehicle_info_wheel_s.c.o[0m
[7.238s] [ 92%] [32mBuilding C object CMakeFiles/carla_msgs__rosidl_generator_py.dir/rosidl_generator_py/carla_msgs/msg/_carla_ego_vehicle_status_s.c.o[0m
[7.239s] [ 92%] [32mBuilding C object CMakeFiles/carla_msgs__rosidl_generator_py.dir/rosidl_generator_py/carla_msgs/msg/_carla_ego_vehicle_info_s.c.o[0m
[7.239s] [ 92%] [32mBuilding C object CMakeFiles/carla_msgs__rosidl_generator_py.dir/rosidl_generator_py/carla_msgs/msg/_carla_traffic_light_status_list_s.c.o[0m
[7.240s] [ 92%] [32mBuilding C object CMakeFiles/carla_msgs__rosidl_generator_py.dir/rosidl_generator_py/carla_msgs/msg/_carla_lane_invasion_event_s.c.o[0m
[7.240s] [ 92%] [32mBuilding C object CMakeFiles/carla_msgs__rosidl_generator_py.dir/rosidl_generator_py/carla_msgs/srv/_spawn_object_s.c.o[0m
[7.241s] [ 92%] [32mBuilding C object CMakeFiles/carla_msgs__rosidl_generator_py.dir/rosidl_generator_py/carla_msgs/msg/_carla_actor_list_s.c.o[0m
[7.241s] [ 93%] [32mBuilding C object CMakeFiles/carla_msgs__rosidl_generator_py.dir/rosidl_generator_py/carla_msgs/srv/_destroy_object_s.c.o[0m
[7.242s] [ 94%] [32mBuilding C object CMakeFiles/carla_msgs__rosidl_generator_py.dir/rosidl_generator_py/carla_msgs/msg/_carla_traffic_light_info_s.c.o[0m
[7.242s] [ 95%] [32mBuilding C object CMakeFiles/carla_msgs__rosidl_generator_py.dir/rosidl_generator_py/carla_msgs/msg/_carla_traffic_light_status_s.c.o[0m
[7.243s] [ 95%] [32mBuilding C object CMakeFiles/carla_msgs__rosidl_generator_py.dir/rosidl_generator_py/carla_msgs/srv/_get_blueprints_s.c.o[0m
[7.243s] [ 95%] [32mBuilding C object CMakeFiles/carla_msgs__rosidl_generator_py.dir/rosidl_generator_py/carla_msgs/msg/_carla_traffic_light_info_list_s.c.o[0m
[7.243s] [ 95%] [32mBuilding C object CMakeFiles/carla_msgs__rosidl_generator_py.dir/rosidl_generator_py/carla_msgs/msg/_carla_walker_control_s.c.o[0m
[7.244s] [ 96%] [32mBuilding C object CMakeFiles/carla_msgs__rosidl_generator_py.dir/rosidl_generator_py/carla_msgs/msg/_carla_weather_parameters_s.c.o[0m
[7.386s] [ 97%] [32m[1mLinking C shared library libcarla_msgs__rosidl_generator_py.so[0m
[7.419s] [ 97%] Built target carla_msgs__rosidl_generator_py
[7.433s] [ 97%] [32mBuilding C object CMakeFiles/carla_msgs_s__rosidl_typesupport_c.dir/rosidl_generator_py/carla_msgs/_carla_msgs_s.ep.rosidl_typesupport_c.c.o[0m
[7.434s] [ 97%] [32mBuilding C object CMakeFiles/carla_msgs_s__rosidl_typesupport_fastrtps_c.dir/rosidl_generator_py/carla_msgs/_carla_msgs_s.ep.rosidl_typesupport_fastrtps_c.c.o[0m
[7.435s] [ 97%] [32mBuilding C object CMakeFiles/carla_msgs_s__rosidl_typesupport_introspection_c.dir/rosidl_generator_py/carla_msgs/_carla_msgs_s.ep.rosidl_typesupport_introspection_c.c.o[0m
[7.514s] [ 98%] [32m[1mLinking C shared module rosidl_generator_py/carla_msgs/carla_msgs_s__rosidl_typesupport_c.so[0m
[7.520s] [ 99%] [32m[1mLinking C shared module rosidl_generator_py/carla_msgs/carla_msgs_s__rosidl_typesupport_introspection_c.so[0m
[7.523s] [100%] [32m[1mLinking C shared module rosidl_generator_py/carla_msgs/carla_msgs_s__rosidl_typesupport_fastrtps_c.so[0m
[7.534s] [100%] Built target carla_msgs_s__rosidl_typesupport_c
[7.538s] [100%] Built target carla_msgs_s__rosidl_typesupport_introspection_c
[7.548s] [100%] Built target carla_msgs_s__rosidl_typesupport_fastrtps_c
[7.568s] Invoked command in '/home/airlab/ros2_ws/build/carla_msgs' returned '0': CMAKE_PREFIX_PATH=${CMAKE_PREFIX_PATH}:/opt/ros/jazzy DEBUGINFOD_URLS=https://debuginfod.ubuntu.com /usr/bin/cmake --build /home/airlab/ros2_ws/build/carla_msgs -- -j32 -l32
[7.581s] Invoking command in '/home/airlab/ros2_ws/build/carla_msgs': CMAKE_PREFIX_PATH=${CMAKE_PREFIX_PATH}:/opt/ros/jazzy DEBUGINFOD_URLS=https://debuginfod.ubuntu.com /usr/bin/cmake --install /home/airlab/ros2_ws/build/carla_msgs
[7.596s] -- Install configuration: ""
[7.596s] -- Installing: /home/airlab/ros2_ws/install/carla_msgs/share/ament_index/resource_index/rosidl_interfaces/carla_msgs
[7.597s] -- Installing: /home/airlab/ros2_ws/install/carla_msgs/share/carla_msgs/msg/CarlaBoundingBox.json
[7.597s] -- Installing: /home/airlab/ros2_ws/install/carla_msgs/share/carla_msgs/msg/CarlaEgoVehicleControl.json
[7.598s] -- Installing: /home/airlab/ros2_ws/install/carla_msgs/share/carla_msgs/msg/CarlaEgoVehicleStatus.json
[7.598s] -- Installing: /home/airlab/ros2_ws/install/carla_msgs/share/carla_msgs/msg/CarlaEgoVehicleInfoWheel.json
[7.598s] -- Installing: /home/airlab/ros2_ws/install/carla_msgs/share/carla_msgs/msg/CarlaEgoVehicleInfo.json
[7.599s] -- Installing: /home/airlab/ros2_ws/install/carla_msgs/share/carla_msgs/msg/CarlaCollisionEvent.json
[7.599s] -- Installing: /home/airlab/ros2_ws/install/carla_msgs/share/carla_msgs/msg/CarlaLaneInvasionEvent.json
[7.599s] -- Installing: /home/airlab/ros2_ws/install/carla_msgs/share/carla_msgs/msg/CarlaWorldInfo.json
[7.599s] -- Installing: /home/airlab/ros2_ws/install/carla_msgs/share/carla_msgs/msg/CarlaActorInfo.json
[7.600s] -- Installing: /home/airlab/ros2_ws/install/carla_msgs/share/carla_msgs/msg/CarlaActorList.json
[7.600s] -- Installing: /home/airlab/ros2_ws/install/carla_msgs/share/carla_msgs/msg/CarlaControl.json
[7.600s] -- Installing: /home/airlab/ros2_ws/install/carla_msgs/share/carla_msgs/msg/CarlaStatus.json
[7.600s] -- Installing: /home/airlab/ros2_ws/install/carla_msgs/share/carla_msgs/msg/CarlaTrafficLightInfo.json
[7.600s] -- Installing: /home/airlab/ros2_ws/install/carla_msgs/share/carla_msgs/msg/CarlaTrafficLightInfoList.json
[7.600s] -- Installing: /home/airlab/ros2_ws/install/carla_msgs/share/carla_msgs/msg/CarlaTrafficLightStatus.json
[7.600s] -- Installing: /home/airlab/ros2_ws/install/carla_msgs/share/carla_msgs/msg/CarlaTrafficLightStatusList.json
[7.600s] -- Installing: /home/airlab/ros2_ws/install/carla_msgs/share/carla_msgs/msg/CarlaWalkerControl.json
[7.601s] -- Installing: /home/airlab/ros2_ws/install/carla_msgs/share/carla_msgs/msg/CarlaWeatherParameters.json
[7.601s] -- Installing: /home/airlab/ros2_ws/install/carla_msgs/share/carla_msgs/srv/SpawnObject.json
[7.601s] -- Installing: /home/airlab/ros2_ws/install/carla_msgs/share/carla_msgs/srv/DestroyObject.json
[7.601s] -- Installing: /home/airlab/ros2_ws/install/carla_msgs/share/carla_msgs/srv/GetBlueprints.json
[7.601s] -- Installing: /home/airlab/ros2_ws/install/carla_msgs/include/carla_msgs/carla_msgs
[7.601s] -- Installing: /home/airlab/ros2_ws/install/carla_msgs/include/carla_msgs/carla_msgs/srv
[7.601s] -- Installing: /home/airlab/ros2_ws/install/carla_msgs/include/carla_msgs/carla_msgs/srv/detail
[7.601s] -- Installing: /home/airlab/ros2_ws/install/carla_msgs/include/carla_msgs/carla_msgs/srv/detail/get_blueprints__struct.h
[7.601s] -- Installing: /home/airlab/ros2_ws/install/carla_msgs/include/carla_msgs/carla_msgs/srv/detail/spawn_object__description.c
[7.602s] -- Installing: /home/airlab/ros2_ws/install/carla_msgs/include/carla_msgs/carla_msgs/srv/detail/spawn_object__functions.h
[7.602s] -- Installing: /home/airlab/ros2_ws/install/carla_msgs/include/carla_msgs/carla_msgs/srv/detail/spawn_object__struct.h
[7.602s] -- Installing: /home/airlab/ros2_ws/install/carla_msgs/include/carla_msgs/carla_msgs/srv/detail/spawn_object__functions.c
[7.602s] -- Installing: /home/airlab/ros2_ws/install/carla_msgs/include/carla_msgs/carla_msgs/srv/detail/spawn_object__type_support.c
[7.602s] -- Installing: /home/airlab/ros2_ws/install/carla_msgs/include/carla_msgs/carla_msgs/srv/detail/destroy_object__description.c
[7.602s] -- Installing: /home/airlab/ros2_ws/install/carla_msgs/include/carla_msgs/carla_msgs/srv/detail/get_blueprints__description.c
[7.602s] -- Installing: /home/airlab/ros2_ws/install/carla_msgs/include/carla_msgs/carla_msgs/srv/detail/get_blueprints__functions.c
[7.602s] -- Installing: /home/airlab/ros2_ws/install/carla_msgs/include/carla_msgs/carla_msgs/srv/detail/destroy_object__struct.h
[7.602s] -- Installing: /home/airlab/ros2_ws/install/carla_msgs/include/carla_msgs/carla_msgs/srv/detail/spawn_object__type_support.h
[7.603s] -- Installing: /home/airlab/ros2_ws/install/carla_msgs/include/carla_msgs/carla_msgs/srv/detail/get_blueprints__type_support.c
[7.603s] -- Installing: /home/airlab/ros2_ws/install/carla_msgs/include/carla_msgs/carla_msgs/srv/detail/destroy_object__type_support.h
[7.603s] -- Installing: /home/airlab/ros2_ws/install/carla_msgs/include/carla_msgs/carla_msgs/srv/detail/destroy_object__type_support.c
[7.603s] -- Installing: /home/airlab/ros2_ws/install/carla_msgs/include/carla_msgs/carla_msgs/srv/detail/destroy_object__functions.c
[7.603s] -- Installing: /home/airlab/ros2_ws/install/carla_msgs/include/carla_msgs/carla_msgs/srv/detail/get_blueprints__type_support.h
[7.603s] -- Installing: /home/airlab/ros2_ws/install/carla_msgs/include/carla_msgs/carla_msgs/srv/detail/get_blueprints__functions.h
[7.603s] -- Installing: /home/airlab/ros2_ws/install/carla_msgs/include/carla_msgs/carla_msgs/srv/detail/destroy_object__functions.h
[7.603s] -- Installing: /home/airlab/ros2_ws/install/carla_msgs/include/carla_msgs/carla_msgs/srv/spawn_object.h
[7.603s] -- Installing: /home/airlab/ros2_ws/install/carla_msgs/include/carla_msgs/carla_msgs/srv/destroy_object.h
[7.604s] -- Installing: /home/airlab/ros2_ws/install/carla_msgs/include/carla_msgs/carla_msgs/srv/get_blueprints.h
[7.604s] -- Installing: /home/airlab/ros2_ws/install/carla_msgs/include/carla_msgs/carla_msgs/msg
[7.604s] -- Installing: /home/airlab/ros2_ws/install/carla_msgs/include/carla_msgs/carla_msgs/msg/carla_actor_list.h
[7.604s] -- Installing: /home/airlab/ros2_ws/install/carla_msgs/include/carla_msgs/carla_msgs/msg/detail
[7.604s] -- Installing: /home/airlab/ros2_ws/install/carla_msgs/include/carla_msgs/carla_msgs/msg/detail/carla_traffic_light_status__type_support.c
[7.604s] -- Installing: /home/airlab/ros2_ws/install/carla_msgs/include/carla_msgs/carla_msgs/msg/detail/carla_weather_parameters__functions.h
[7.604s] -- Installing: /home/airlab/ros2_ws/install/carla_msgs/include/carla_msgs/carla_msgs/msg/detail/carla_bounding_box__type_support.c
[7.604s] -- Installing: /home/airlab/ros2_ws/install/carla_msgs/include/carla_msgs/carla_msgs/msg/detail/carla_ego_vehicle_info__functions.h
[7.604s] -- Installing: /home/airlab/ros2_ws/install/carla_msgs/include/carla_msgs/carla_msgs/msg/detail/carla_ego_vehicle_info__type_support.c
[7.604s] -- Installing: /home/airlab/ros2_ws/install/carla_msgs/include/carla_msgs/carla_msgs/msg/detail/carla_weather_parameters__description.c
[7.604s] -- Installing: /home/airlab/ros2_ws/install/carla_msgs/include/carla_msgs/carla_msgs/msg/detail/carla_walker_control__functions.h
[7.604s] -- Installing: /home/airlab/ros2_ws/install/carla_msgs/include/carla_msgs/carla_msgs/msg/detail/carla_bounding_box__functions.c
[7.605s] -- Installing: /home/airlab/ros2_ws/install/carla_msgs/include/carla_msgs/carla_msgs/msg/detail/carla_actor_info__functions.c
[7.605s] -- Installing: /home/airlab/ros2_ws/install/carla_msgs/include/carla_msgs/carla_msgs/msg/detail/carla_ego_vehicle_control__type_support.h
[7.605s] -- Installing: /home/airlab/ros2_ws/install/carla_msgs/include/carla_msgs/carla_msgs/msg/detail/carla_walker_control__struct.h
[7.605s] -- Installing: /home/airlab/ros2_ws/install/carla_msgs/include/carla_msgs/carla_msgs/msg/detail/carla_ego_vehicle_control__struct.h
[7.605s] -- Installing: /home/airlab/ros2_ws/install/carla_msgs/include/carla_msgs/carla_msgs/msg/detail/carla_lane_invasion_event__type_support.h
[7.605s] -- Installing: /home/airlab/ros2_ws/install/carla_msgs/include/carla_msgs/carla_msgs/msg/detail/carla_actor_info__description.c
[7.605s] -- Installing: /home/airlab/ros2_ws/install/carla_msgs/include/carla_msgs/carla_msgs/msg/detail/carla_ego_vehicle_control__type_support.c
[7.605s] -- Installing: /home/airlab/ros2_ws/install/carla_msgs/include/carla_msgs/carla_msgs/msg/detail/carla_ego_vehicle_status__type_support.c
[7.605s] -- Installing: /home/airlab/ros2_ws/install/carla_msgs/include/carla_msgs/carla_msgs/msg/detail/carla_weather_parameters__struct.h
[7.605s] -- Installing: /home/airlab/ros2_ws/install/carla_msgs/include/carla_msgs/carla_msgs/msg/detail/carla_collision_event__functions.h
[7.605s] -- Installing: /home/airlab/ros2_ws/install/carla_msgs/include/carla_msgs/carla_msgs/msg/detail/carla_traffic_light_status__type_support.h
[7.605s] -- Installing: /home/airlab/ros2_ws/install/carla_msgs/include/carla_msgs/carla_msgs/msg/detail/carla_actor_info__type_support.c
[7.605s] -- Installing: /home/airlab/ros2_ws/install/carla_msgs/include/carla_msgs/carla_msgs/msg/detail/carla_traffic_light_status_list__functions.c
[7.605s] -- Installing: /home/airlab/ros2_ws/install/carla_msgs/include/carla_msgs/carla_msgs/msg/detail/carla_weather_parameters__functions.c
[7.606s] -- Installing: /home/airlab/ros2_ws/install/carla_msgs/include/carla_msgs/carla_msgs/msg/detail/carla_walker_control__functions.c
[7.606s] -- Installing: /home/airlab/ros2_ws/install/carla_msgs/include/carla_msgs/carla_msgs/msg/detail/carla_ego_vehicle_control__description.c
[7.606s] -- Installing: /home/airlab/ros2_ws/install/carla_msgs/include/carla_msgs/carla_msgs/msg/detail/carla_weather_parameters__type_support.h
[7.606s] -- Installing: /home/airlab/ros2_ws/install/carla_msgs/include/carla_msgs/carla_msgs/msg/detail/carla_actor_list__type_support.c
[7.606s] -- Installing: /home/airlab/ros2_ws/install/carla_msgs/include/carla_msgs/carla_msgs/msg/detail/carla_walker_control__type_support.h
[7.606s] -- Installing: /home/airlab/ros2_ws/install/carla_msgs/include/carla_msgs/carla_msgs/msg/detail/carla_traffic_light_status__functions.c
[7.606s] -- Installing: /home/airlab/ros2_ws/install/carla_msgs/include/carla_msgs/carla_msgs/msg/detail/carla_control__struct.h
[7.606s] -- Installing: /home/airlab/ros2_ws/install/carla_msgs/include/carla_msgs/carla_msgs/msg/detail/carla_traffic_light_info__type_support.h
[7.606s] -- Installing: /home/airlab/ros2_ws/install/carla_msgs/include/carla_msgs/carla_msgs/msg/detail/carla_status__type_support.c
[7.606s] -- Installing: /home/airlab/ros2_ws/install/carla_msgs/include/carla_msgs/carla_msgs/msg/detail/carla_ego_vehicle_status__type_support.h
[7.606s] -- Installing: /home/airlab/ros2_ws/install/carla_msgs/include/carla_msgs/carla_msgs/msg/detail/carla_collision_event__functions.c
[7.606s] -- Installing: /home/airlab/ros2_ws/install/carla_msgs/include/carla_msgs/carla_msgs/msg/detail/carla_control__functions.h
[7.607s] -- Installing: /home/airlab/ros2_ws/install/carla_msgs/include/carla_msgs/carla_msgs/msg/detail/carla_ego_vehicle_control__functions.c
[7.607s] -- Installing: /home/airlab/ros2_ws/install/carla_msgs/include/carla_msgs/carla_msgs/msg/detail/carla_traffic_light_info_list__functions.c
[7.607s] -- Installing: /home/airlab/ros2_ws/install/carla_msgs/include/carla_msgs/carla_msgs/msg/detail/carla_actor_info__type_support.h
[7.607s] -- Installing: /home/airlab/ros2_ws/install/carla_msgs/include/carla_msgs/carla_msgs/msg/detail/carla_status__functions.c
[7.607s] -- Installing: /home/airlab/ros2_ws/install/carla_msgs/include/carla_msgs/carla_msgs/msg/detail/carla_ego_vehicle_control__functions.h
[7.607s] -- Installing: /home/airlab/ros2_ws/install/carla_msgs/include/carla_msgs/carla_msgs/msg/detail/carla_ego_vehicle_info_wheel__type_support.c
[7.607s] -- Installing: /home/airlab/ros2_ws/install/carla_msgs/include/carla_msgs/carla_msgs/msg/detail/carla_actor_list__type_support.h
[7.607s] -- Installing: /home/airlab/ros2_ws/install/carla_msgs/include/carla_msgs/carla_msgs/msg/detail/carla_ego_vehicle_status__functions.c
[7.607s] -- Installing: /home/airlab/ros2_ws/install/carla_msgs/include/carla_msgs/carla_msgs/msg/detail/carla_control__description.c
[7.607s] -- Installing: /home/airlab/ros2_ws/install/carla_msgs/include/carla_msgs/carla_msgs/msg/detail/carla_status__struct.h
[7.607s] -- Installing: /home/airlab/ros2_ws/install/carla_msgs/include/carla_msgs/carla_msgs/msg/detail/carla_ego_vehicle_info__struct.h
[7.607s] -- Installing: /home/airlab/ros2_ws/install/carla_msgs/include/carla_msgs/carla_msgs/msg/detail/carla_ego_vehicle_status__functions.h
[7.607s] -- Installing: /home/airlab/ros2_ws/install/carla_msgs/include/carla_msgs/carla_msgs/msg/detail/carla_traffic_light_info__functions.c
[7.608s] -- Installing: /home/airlab/ros2_ws/install/carla_msgs/include/carla_msgs/carla_msgs/msg/detail/carla_traffic_light_status_list__type_support.h
[7.608s] -- Installing: /home/airlab/ros2_ws/install/carla_msgs/include/carla_msgs/carla_msgs/msg/detail/carla_traffic_light_info_list__description.c
[7.608s] -- Installing: /home/airlab/ros2_ws/install/carla_msgs/include/carla_msgs/carla_msgs/msg/detail/carla_actor_list__description.c
[7.608s] -- Installing: /home/airlab/ros2_ws/install/carla_msgs/include/carla_msgs/carla_msgs/msg/detail/carla_collision_event__struct.h
[7.608s] -- Installing: /home/airlab/ros2_ws/install/carla_msgs/include/carla_msgs/carla_msgs/msg/detail/carla_ego_vehicle_info_wheel__struct.h
[7.608s] -- Installing: /home/airlab/ros2_ws/install/carla_msgs/include/carla_msgs/carla_msgs/msg/detail/carla_ego_vehicle_info_wheel__functions.c
[7.608s] -- Installing: /home/airlab/ros2_ws/install/carla_msgs/include/carla_msgs/carla_msgs/msg/detail/carla_collision_event__type_support.h
[7.608s] -- Installing: /home/airlab/ros2_ws/install/carla_msgs/include/carla_msgs/carla_msgs/msg/detail/carla_ego_vehicle_info__type_support.h
[7.608s] -- Installing: /home/airlab/ros2_ws/install/carla_msgs/include/carla_msgs/carla_msgs/msg/detail/carla_traffic_light_status_list__description.c
[7.608s] -- Installing: /home/airlab/ros2_ws/install/carla_msgs/include/carla_msgs/carla_msgs/msg/detail/carla_status__functions.h
[7.608s] -- Installing: /home/airlab/ros2_ws/install/carla_msgs/include/carla_msgs/carla_msgs/msg/detail/carla_ego_vehicle_info__functions.c
[7.608s] -- Installing: /home/airlab/ros2_ws/install/carla_msgs/include/carla_msgs/carla_msgs/msg/detail/carla_status__type_support.h
[7.608s] -- Installing: /home/airlab/ros2_ws/install/carla_msgs/include/carla_msgs/carla_msgs/msg/detail/carla_world_info__type_support.c
[7.608s] -- Installing: /home/airlab/ros2_ws/install/carla_msgs/include/carla_msgs/carla_msgs/msg/detail/carla_actor_list__functions.c
[7.608s] -- Installing: /home/airlab/ros2_ws/install/carla_msgs/include/carla_msgs/carla_msgs/msg/detail/carla_collision_event__type_support.c
[7.608s] -- Installing: /home/airlab/ros2_ws/install/carla_msgs/include/carla_msgs/carla_msgs/msg/detail/carla_ego_vehicle_info_wheel__type_support.h
[7.608s] -- Installing: /home/airlab/ros2_ws/install/carla_msgs/include/carla_msgs/carla_msgs/msg/detail/carla_collision_event__description.c
[7.608s] -- Installing: /home/airlab/ros2_ws/install/carla_msgs/include/carla_msgs/carla_msgs/msg/detail/carla_traffic_light_status__functions.h
[7.608s] -- Installing: /home/airlab/ros2_ws/install/carla_msgs/include/carla_msgs/carla_msgs/msg/detail/carla_traffic_light_status__struct.h
[7.609s] -- Installing: /home/airlab/ros2_ws/install/carla_msgs/include/carla_msgs/carla_msgs/msg/detail/carla_traffic_light_info_list__type_support.c
[7.609s] -- Installing: /home/airlab/ros2_ws/install/carla_msgs/include/carla_msgs/carla_msgs/msg/detail/carla_ego_vehicle_info_wheel__description.c
[7.609s] -- Installing: /home/airlab/ros2_ws/install/carla_msgs/include/carla_msgs/carla_msgs/msg/detail/carla_bounding_box__struct.h
[7.609s] -- Installing: /home/airlab/ros2_ws/install/carla_msgs/include/carla_msgs/carla_msgs/msg/detail/carla_bounding_box__functions.h
[7.609s] -- Installing: /home/airlab/ros2_ws/install/carla_msgs/include/carla_msgs/carla_msgs/msg/detail/carla_actor_list__functions.h
[7.609s] -- Installing: /home/airlab/ros2_ws/install/carla_msgs/include/carla_msgs/carla_msgs/msg/detail/carla_traffic_light_status_list__functions.h
[7.609s] -- Installing: /home/airlab/ros2_ws/install/carla_msgs/include/carla_msgs/carla_msgs/msg/detail/carla_walker_control__type_support.c
[7.609s] -- Installing: /home/airlab/ros2_ws/install/carla_msgs/include/carla_msgs/carla_msgs/msg/detail/carla_world_info__type_support.h
[7.609s] -- Installing: /home/airlab/ros2_ws/install/carla_msgs/include/carla_msgs/carla_msgs/msg/detail/carla_status__description.c
[7.609s] -- Installing: /home/airlab/ros2_ws/install/carla_msgs/include/carla_msgs/carla_msgs/msg/detail/carla_traffic_light_info_list__type_support.h
[7.609s] -- Installing: /home/airlab/ros2_ws/install/carla_msgs/include/carla_msgs/carla_msgs/msg/detail/carla_traffic_light_info__type_support.c
[7.609s] -- Installing: /home/airlab/ros2_ws/install/carla_msgs/include/carla_msgs/carla_msgs/msg/detail/carla_actor_info__functions.h
[7.609s] -- Installing: /home/airlab/ros2_ws/install/carla_msgs/include/carla_msgs/carla_msgs/msg/detail/carla_weather_parameters__type_support.c
[7.609s] -- Installing: /home/airlab/ros2_ws/install/carla_msgs/include/carla_msgs/carla_msgs/msg/detail/carla_lane_invasion_event__type_support.c
[7.609s] -- Installing: /home/airlab/ros2_ws/install/carla_msgs/include/carla_msgs/carla_msgs/msg/detail/carla_control__type_support.c
[7.609s] -- Installing: /home/airlab/ros2_ws/install/carla_msgs/include/carla_msgs/carla_msgs/msg/detail/carla_world_info__functions.c
[7.609s] -- Installing: /home/airlab/ros2_ws/install/carla_msgs/include/carla_msgs/carla_msgs/msg/detail/carla_traffic_light_info_list__functions.h
[7.609s] -- Installing: /home/airlab/ros2_ws/install/carla_msgs/include/carla_msgs/carla_msgs/msg/detail/carla_actor_info__struct.h
[7.609s] -- Installing: /home/airlab/ros2_ws/install/carla_msgs/include/carla_msgs/carla_msgs/msg/detail/carla_lane_invasion_event__description.c
[7.609s] -- Installing: /home/airlab/ros2_ws/install/carla_msgs/include/carla_msgs/carla_msgs/msg/detail/carla_traffic_light_info__functions.h
[7.610s] -- Installing: /home/airlab/ros2_ws/install/carla_msgs/include/carla_msgs/carla_msgs/msg/detail/carla_lane_invasion_event__functions.c
[7.610s] -- Installing: /home/airlab/ros2_ws/install/carla_msgs/include/carla_msgs/carla_msgs/msg/detail/carla_traffic_light_info__description.c
[7.610s] -- Installing: /home/airlab/ros2_ws/install/carla_msgs/include/carla_msgs/carla_msgs/msg/detail/carla_ego_vehicle_info__description.c
[7.610s] -- Installing: /home/airlab/ros2_ws/install/carla_msgs/include/carla_msgs/carla_msgs/msg/detail/carla_ego_vehicle_info_wheel__functions.h
[7.610s] -- Installing: /home/airlab/ros2_ws/install/carla_msgs/include/carla_msgs/carla_msgs/msg/detail/carla_ego_vehicle_status__description.c
[7.610s] -- Installing: /home/airlab/ros2_ws/install/carla_msgs/include/carla_msgs/carla_msgs/msg/detail/carla_traffic_light_info__struct.h
[7.610s] -- Installing: /home/airlab/ros2_ws/install/carla_msgs/include/carla_msgs/carla_msgs/msg/detail/carla_lane_invasion_event__struct.h
[7.610s] -- Installing: /home/airlab/ros2_ws/install/carla_msgs/include/carla_msgs/carla_msgs/msg/detail/carla_traffic_light_status_list__type_support.c
[7.610s] -- Installing: /home/airlab/ros2_ws/install/carla_msgs/include/carla_msgs/carla_msgs/msg/detail/carla_traffic_light_info_list__struct.h
[7.610s] -- Installing: /home/airlab/ros2_ws/install/carla_msgs/include/carla_msgs/carla_msgs/msg/detail/carla_traffic_light_status_list__struct.h
[7.610s] -- Installing: /home/airlab/ros2_ws/install/carla_msgs/include/carla_msgs/carla_msgs/msg/detail/carla_world_info__struct.h
[7.610s] -- Installing: /home/airlab/ros2_ws/install/carla_msgs/include/carla_msgs/carla_msgs/msg/detail/carla_world_info__description.c
[7.610s] -- Installing: /home/airlab/ros2_ws/install/carla_msgs/include/carla_msgs/carla_msgs/msg/detail/carla_bounding_box__type_support.h
[7.610s] -- Installing: /home/airlab/ros2_ws/install/carla_msgs/include/carla_msgs/carla_msgs/msg/detail/carla_ego_vehicle_status__struct.h
[7.610s] -- Installing: /home/airlab/ros2_ws/install/carla_msgs/include/carla_msgs/carla_msgs/msg/detail/carla_lane_invasion_event__functions.h
[7.610s] -- Installing: /home/airlab/ros2_ws/install/carla_msgs/include/carla_msgs/carla_msgs/msg/detail/carla_walker_control__description.c
[7.610s] -- Installing: /home/airlab/ros2_ws/install/carla_msgs/include/carla_msgs/carla_msgs/msg/detail/carla_world_info__functions.h
[7.610s] -- Installing: /home/airlab/ros2_ws/install/carla_msgs/include/carla_msgs/carla_msgs/msg/detail/carla_control__type_support.h
[7.610s] -- Installing: /home/airlab/ros2_ws/install/carla_msgs/include/carla_msgs/carla_msgs/msg/detail/carla_actor_list__struct.h
[7.610s] -- Installing: /home/airlab/ros2_ws/install/carla_msgs/include/carla_msgs/carla_msgs/msg/detail/carla_bounding_box__description.c
[7.611s] -- Installing: /home/airlab/ros2_ws/install/carla_msgs/include/carla_msgs/carla_msgs/msg/detail/carla_control__functions.c
[7.611s] -- Installing: /home/airlab/ros2_ws/install/carla_msgs/include/carla_msgs/carla_msgs/msg/detail/carla_traffic_light_status__description.c
[7.611s] -- Installing: /home/airlab/ros2_ws/install/carla_msgs/include/carla_msgs/carla_msgs/msg/carla_ego_vehicle_info.h
[7.611s] -- Installing: /home/airlab/ros2_ws/install/carla_msgs/include/carla_msgs/carla_msgs/msg/carla_lane_invasion_event.h
[7.611s] -- Installing: /home/airlab/ros2_ws/install/carla_msgs/include/carla_msgs/carla_msgs/msg/carla_weather_parameters.h
[7.611s] -- Installing: /home/airlab/ros2_ws/install/carla_msgs/include/carla_msgs/carla_msgs/msg/carla_bounding_box.h
[7.611s] -- Installing: /home/airlab/ros2_ws/install/carla_msgs/include/carla_msgs/carla_msgs/msg/carla_collision_event.h
[7.611s] -- Installing: /home/airlab/ros2_ws/install/carla_msgs/include/carla_msgs/carla_msgs/msg/carla_actor_info.h
[7.611s] -- Installing: /home/airlab/ros2_ws/install/carla_msgs/include/carla_msgs/carla_msgs/msg/carla_traffic_light_info.h
[7.611s] -- Installing: /home/airlab/ros2_ws/install/carla_msgs/include/carla_msgs/carla_msgs/msg/carla_traffic_light_info_list.h
[7.611s] -- Installing: /home/airlab/ros2_ws/install/carla_msgs/include/carla_msgs/carla_msgs/msg/carla_walker_control.h
[7.611s] -- Installing: /home/airlab/ros2_ws/install/carla_msgs/include/carla_msgs/carla_msgs/msg/rosidl_generator_c__visibility_control.h
[7.611s] -- Installing: /home/airlab/ros2_ws/install/carla_msgs/include/carla_msgs/carla_msgs/msg/carla_world_info.h
[7.611s] -- Installing: /home/airlab/ros2_ws/install/carla_msgs/include/carla_msgs/carla_msgs/msg/carla_ego_vehicle_control.h
[7.611s] -- Installing: /home/airlab/ros2_ws/install/carla_msgs/include/carla_msgs/carla_msgs/msg/carla_traffic_light_status_list.h
[7.611s] -- Installing: /home/airlab/ros2_ws/install/carla_msgs/include/carla_msgs/carla_msgs/msg/carla_traffic_light_status.h
[7.611s] -- Installing: /home/airlab/ros2_ws/install/carla_msgs/include/carla_msgs/carla_msgs/msg/carla_ego_vehicle_info_wheel.h
[7.611s] -- Installing: /home/airlab/ros2_ws/install/carla_msgs/include/carla_msgs/carla_msgs/msg/carla_status.h
[7.611s] -- Installing: /home/airlab/ros2_ws/install/carla_msgs/include/carla_msgs/carla_msgs/msg/carla_control.h
[7.611s] -- Installing: /home/airlab/ros2_ws/install/carla_msgs/include/carla_msgs/carla_msgs/msg/carla_ego_vehicle_status.h
[7.612s] -- Installing: /home/airlab/ros2_ws/install/carla_msgs/share/carla_msgs/environment/library_path.sh
[7.612s] -- Installing: /home/airlab/ros2_ws/install/carla_msgs/share/carla_msgs/environment/library_path.dsv
[7.612s] -- Installing: /home/airlab/ros2_ws/install/carla_msgs/lib/libcarla_msgs__rosidl_generator_c.so
[7.612s] -- Set non-toolchain portion of runtime path of "/home/airlab/ros2_ws/install/carla_msgs/lib/libcarla_msgs__rosidl_generator_c.so" to ""
[7.612s] -- Up-to-date: /home/airlab/ros2_ws/install/carla_msgs/include/carla_msgs/carla_msgs
[7.612s] -- Up-to-date: /home/airlab/ros2_ws/install/carla_msgs/include/carla_msgs/carla_msgs/srv
[7.612s] -- Up-to-date: /home/airlab/ros2_ws/install/carla_msgs/include/carla_msgs/carla_msgs/srv/detail
[7.612s] -- Installing: /home/airlab/ros2_ws/install/carla_msgs/include/carla_msgs/carla_msgs/srv/detail/destroy_object__rosidl_typesupport_fastrtps_c.h
[7.612s] -- Installing: /home/airlab/ros2_ws/install/carla_msgs/include/carla_msgs/carla_msgs/srv/detail/spawn_object__rosidl_typesupport_fastrtps_c.h
[7.612s] -- Installing: /home/airlab/ros2_ws/install/carla_msgs/include/carla_msgs/carla_msgs/srv/detail/get_blueprints__rosidl_typesupport_fastrtps_c.h
[7.612s] -- Up-to-date: /home/airlab/ros2_ws/install/carla_msgs/include/carla_msgs/carla_msgs/msg
[7.612s] -- Up-to-date: /home/airlab/ros2_ws/install/carla_msgs/include/carla_msgs/carla_msgs/msg/detail
[7.612s] -- Installing: /home/airlab/ros2_ws/install/carla_msgs/include/carla_msgs/carla_msgs/msg/detail/carla_actor_list__rosidl_typesupport_fastrtps_c.h
[7.612s] -- Installing: /home/airlab/ros2_ws/install/carla_msgs/include/carla_msgs/carla_msgs/msg/detail/carla_actor_info__rosidl_typesupport_fastrtps_c.h
[7.612s] -- Installing: /home/airlab/ros2_ws/install/carla_msgs/include/carla_msgs/carla_msgs/msg/detail/carla_traffic_light_info__rosidl_typesupport_fastrtps_c.h
[7.612s] -- Installing: /home/airlab/ros2_ws/install/carla_msgs/include/carla_msgs/carla_msgs/msg/detail/carla_traffic_light_status__rosidl_typesupport_fastrtps_c.h
[7.612s] -- Installing: /home/airlab/ros2_ws/install/carla_msgs/include/carla_msgs/carla_msgs/msg/detail/carla_control__rosidl_typesupport_fastrtps_c.h
[7.612s] -- Installing: /home/airlab/ros2_ws/install/carla_msgs/include/carla_msgs/carla_msgs/msg/detail/carla_weather_parameters__rosidl_typesupport_fastrtps_c.h
[7.612s] -- Installing: /home/airlab/ros2_ws/install/carla_msgs/include/carla_msgs/carla_msgs/msg/detail/carla_traffic_light_status_list__rosidl_typesupport_fastrtps_c.h
[7.612s] -- Installing: /home/airlab/ros2_ws/install/carla_msgs/include/carla_msgs/carla_msgs/msg/detail/carla_bounding_box__rosidl_typesupport_fastrtps_c.h
[7.612s] -- Installing: /home/airlab/ros2_ws/install/carla_msgs/include/carla_msgs/carla_msgs/msg/detail/carla_walker_control__rosidl_typesupport_fastrtps_c.h
[7.612s] -- Installing: /home/airlab/ros2_ws/install/carla_msgs/include/carla_msgs/carla_msgs/msg/detail/carla_status__rosidl_typesupport_fastrtps_c.h
[7.612s] -- Installing: /home/airlab/ros2_ws/install/carla_msgs/include/carla_msgs/carla_msgs/msg/detail/carla_ego_vehicle_info__rosidl_typesupport_fastrtps_c.h
[7.612s] -- Installing: /home/airlab/ros2_ws/install/carla_msgs/include/carla_msgs/carla_msgs/msg/detail/carla_world_info__rosidl_typesupport_fastrtps_c.h
[7.612s] -- Installing: /home/airlab/ros2_ws/install/carla_msgs/include/carla_msgs/carla_msgs/msg/detail/carla_collision_event__rosidl_typesupport_fastrtps_c.h
[7.612s] -- Installing: /home/airlab/ros2_ws/install/carla_msgs/include/carla_msgs/carla_msgs/msg/detail/carla_lane_invasion_event__rosidl_typesupport_fastrtps_c.h
[7.612s] -- Installing: /home/airlab/ros2_ws/install/carla_msgs/include/carla_msgs/carla_msgs/msg/detail/carla_ego_vehicle_status__rosidl_typesupport_fastrtps_c.h
[7.612s] -- Installing: /home/airlab/ros2_ws/install/carla_msgs/include/carla_msgs/carla_msgs/msg/detail/carla_ego_vehicle_info_wheel__rosidl_typesupport_fastrtps_c.h
[7.613s] -- Installing: /home/airlab/ros2_ws/install/carla_msgs/include/carla_msgs/carla_msgs/msg/detail/carla_traffic_light_info_list__rosidl_typesupport_fastrtps_c.h
[7.613s] -- Installing: /home/airlab/ros2_ws/install/carla_msgs/include/carla_msgs/carla_msgs/msg/detail/carla_ego_vehicle_control__rosidl_typesupport_fastrtps_c.h
[7.613s] -- Installing: /home/airlab/ros2_ws/install/carla_msgs/include/carla_msgs/carla_msgs/msg/rosidl_typesupport_fastrtps_c__visibility_control.h
[7.613s] -- Installing: /home/airlab/ros2_ws/install/carla_msgs/lib/libcarla_msgs__rosidl_typesupport_fastrtps_c.so
[7.613s] -- Set non-toolchain portion of runtime path of "/home/airlab/ros2_ws/install/carla_msgs/lib/libcarla_msgs__rosidl_typesupport_fastrtps_c.so" to ""
[7.613s] -- Up-to-date: /home/airlab/ros2_ws/install/carla_msgs/include/carla_msgs/carla_msgs
[7.613s] -- Up-to-date: /home/airlab/ros2_ws/install/carla_msgs/include/carla_msgs/carla_msgs/srv
[7.613s] -- Up-to-date: /home/airlab/ros2_ws/install/carla_msgs/include/carla_msgs/carla_msgs/srv/detail
[7.613s] -- Installing: /home/airlab/ros2_ws/install/carla_msgs/include/carla_msgs/carla_msgs/srv/detail/spawn_object__traits.hpp
[7.613s] -- Installing: /home/airlab/ros2_ws/install/carla_msgs/include/carla_msgs/carla_msgs/srv/detail/get_blueprints__type_support.hpp
[7.613s] -- Installing: /home/airlab/ros2_ws/install/carla_msgs/include/carla_msgs/carla_msgs/srv/detail/get_blueprints__struct.hpp
[7.613s] -- Installing: /home/airlab/ros2_ws/install/carla_msgs/include/carla_msgs/carla_msgs/srv/detail/destroy_object__builder.hpp
[7.613s] -- Installing: /home/airlab/ros2_ws/install/carla_msgs/include/carla_msgs/carla_msgs/srv/detail/get_blueprints__builder.hpp
[7.613s] -- Installing: /home/airlab/ros2_ws/install/carla_msgs/include/carla_msgs/carla_msgs/srv/detail/destroy_object__struct.hpp
[7.613s] -- Installing: /home/airlab/ros2_ws/install/carla_msgs/include/carla_msgs/carla_msgs/srv/detail/destroy_object__traits.hpp
[7.613s] -- Installing: /home/airlab/ros2_ws/install/carla_msgs/include/carla_msgs/carla_msgs/srv/detail/get_blueprints__traits.hpp
[7.613s] -- Installing: /home/airlab/ros2_ws/install/carla_msgs/include/carla_msgs/carla_msgs/srv/detail/destroy_object__type_support.hpp
[7.613s] -- Installing: /home/airlab/ros2_ws/install/carla_msgs/include/carla_msgs/carla_msgs/srv/detail/spawn_object__type_support.hpp
[7.613s] -- Installing: /home/airlab/ros2_ws/install/carla_msgs/include/carla_msgs/carla_msgs/srv/detail/spawn_object__builder.hpp
[7.613s] -- Installing: /home/airlab/ros2_ws/install/carla_msgs/include/carla_msgs/carla_msgs/srv/detail/spawn_object__struct.hpp
[7.613s] -- Installing: /home/airlab/ros2_ws/install/carla_msgs/include/carla_msgs/carla_msgs/srv/spawn_object.hpp
[7.613s] -- Installing: /home/airlab/ros2_ws/install/carla_msgs/include/carla_msgs/carla_msgs/srv/get_blueprints.hpp
[7.613s] -- Installing: /home/airlab/ros2_ws/install/carla_msgs/include/carla_msgs/carla_msgs/srv/destroy_object.hpp
[7.613s] -- Up-to-date: /home/airlab/ros2_ws/install/carla_msgs/include/carla_msgs/carla_msgs/msg
[7.613s] -- Up-to-date: /home/airlab/ros2_ws/install/carla_msgs/include/carla_msgs/carla_msgs/msg/detail
[7.613s] -- Installing: /home/airlab/ros2_ws/install/carla_msgs/include/carla_msgs/carla_msgs/msg/detail/carla_ego_vehicle_info__builder.hpp
[7.613s] -- Installing: /home/airlab/ros2_ws/install/carla_msgs/include/carla_msgs/carla_msgs/msg/detail/carla_actor_list__builder.hpp
[7.613s] -- Installing: /home/airlab/ros2_ws/install/carla_msgs/include/carla_msgs/carla_msgs/msg/detail/carla_world_info__traits.hpp
[7.614s] -- Installing: /home/airlab/ros2_ws/install/carla_msgs/include/carla_msgs/carla_msgs/msg/detail/carla_bounding_box__struct.hpp
[7.614s] -- Installing: /home/airlab/ros2_ws/install/carla_msgs/include/carla_msgs/carla_msgs/msg/detail/carla_traffic_light_status__type_support.hpp
[7.614s] -- Installing: /home/airlab/ros2_ws/install/carla_msgs/include/carla_msgs/carla_msgs/msg/detail/carla_ego_vehicle_control__type_support.hpp
[7.614s] -- Installing: /home/airlab/ros2_ws/install/carla_msgs/include/carla_msgs/carla_msgs/msg/detail/carla_status__traits.hpp
[7.614s] -- Installing: /home/airlab/ros2_ws/install/carla_msgs/include/carla_msgs/carla_msgs/msg/detail/carla_traffic_light_info__struct.hpp
[7.614s] -- Installing: /home/airlab/ros2_ws/install/carla_msgs/include/carla_msgs/carla_msgs/msg/detail/carla_actor_info__builder.hpp
[7.614s] -- Installing: /home/airlab/ros2_ws/install/carla_msgs/include/carla_msgs/carla_msgs/msg/detail/carla_walker_control__builder.hpp
[7.614s] -- Installing: /home/airlab/ros2_ws/install/carla_msgs/include/carla_msgs/carla_msgs/msg/detail/carla_control__struct.hpp
[7.614s] -- Installing: /home/airlab/ros2_ws/install/carla_msgs/include/carla_msgs/carla_msgs/msg/detail/carla_traffic_light_info__type_support.hpp
[7.614s] -- Installing: /home/airlab/ros2_ws/install/carla_msgs/include/carla_msgs/carla_msgs/msg/detail/carla_walker_control__traits.hpp
[7.614s] -- Installing: /home/airlab/ros2_ws/install/carla_msgs/include/carla_msgs/carla_msgs/msg/detail/carla_actor_info__struct.hpp
[7.614s] -- Installing: /home/airlab/ros2_ws/install/carla_msgs/include/carla_msgs/carla_msgs/msg/detail/carla_ego_vehicle_control__builder.hpp
[7.614s] -- Installing: /home/airlab/ros2_ws/install/carla_msgs/include/carla_msgs/carla_msgs/msg/detail/carla_lane_invasion_event__type_support.hpp
[7.614s] -- Installing: /home/airlab/ros2_ws/install/carla_msgs/include/carla_msgs/carla_msgs/msg/detail/carla_actor_info__traits.hpp
[7.614s] -- Installing: /home/airlab/ros2_ws/install/carla_msgs/include/carla_msgs/carla_msgs/msg/detail/carla_weather_parameters__type_support.hpp
[7.614s] -- Installing: /home/airlab/ros2_ws/install/carla_msgs/include/carla_msgs/carla_msgs/msg/detail/carla_actor_info__type_support.hpp
[7.614s] -- Installing: /home/airlab/ros2_ws/install/carla_msgs/include/carla_msgs/carla_msgs/msg/detail/carla_world_info__struct.hpp
[7.614s] -- Installing: /home/airlab/ros2_ws/install/carla_msgs/include/carla_msgs/carla_msgs/msg/detail/carla_ego_vehicle_control__struct.hpp
[7.614s] -- Installing: /home/airlab/ros2_ws/install/carla_msgs/include/carla_msgs/carla_msgs/msg/detail/carla_traffic_light_info_list__type_support.hpp
[7.614s] -- Installing: /home/airlab/ros2_ws/install/carla_msgs/include/carla_msgs/carla_msgs/msg/detail/carla_traffic_light_status__traits.hpp
[7.614s] -- Installing: /home/airlab/ros2_ws/install/carla_msgs/include/carla_msgs/carla_msgs/msg/detail/carla_traffic_light_info_list__traits.hpp
[7.614s] -- Installing: /home/airlab/ros2_ws/install/carla_msgs/include/carla_msgs/carla_msgs/msg/detail/carla_ego_vehicle_control__traits.hpp
[7.614s] -- Installing: /home/airlab/ros2_ws/install/carla_msgs/include/carla_msgs/carla_msgs/msg/detail/carla_collision_event__traits.hpp
[7.614s] -- Installing: /home/airlab/ros2_ws/install/carla_msgs/include/carla_msgs/carla_msgs/msg/detail/carla_ego_vehicle_info_wheel__traits.hpp
[7.614s] -- Installing: /home/airlab/ros2_ws/install/carla_msgs/include/carla_msgs/carla_msgs/msg/detail/carla_ego_vehicle_info_wheel__struct.hpp
[7.614s] -- Installing: /home/airlab/ros2_ws/install/carla_msgs/include/carla_msgs/carla_msgs/msg/detail/carla_traffic_light_status__builder.hpp
[7.614s] -- Installing: /home/airlab/ros2_ws/install/carla_msgs/include/carla_msgs/carla_msgs/msg/detail/carla_ego_vehicle_status__traits.hpp
[7.614s] -- Installing: /home/airlab/ros2_ws/install/carla_msgs/include/carla_msgs/carla_msgs/msg/detail/carla_actor_list__struct.hpp
[7.614s] -- Installing: /home/airlab/ros2_ws/install/carla_msgs/include/carla_msgs/carla_msgs/msg/detail/carla_bounding_box__traits.hpp
[7.614s] -- Installing: /home/airlab/ros2_ws/install/carla_msgs/include/carla_msgs/carla_msgs/msg/detail/carla_status__struct.hpp
[7.614s] -- Installing: /home/airlab/ros2_ws/install/carla_msgs/include/carla_msgs/carla_msgs/msg/detail/carla_traffic_light_info__traits.hpp
[7.615s] -- Installing: /home/airlab/ros2_ws/install/carla_msgs/include/carla_msgs/carla_msgs/msg/detail/carla_weather_parameters__traits.hpp
[7.615s] -- Installing: /home/airlab/ros2_ws/install/carla_msgs/include/carla_msgs/carla_msgs/msg/detail/carla_lane_invasion_event__traits.hpp
[7.615s] -- Installing: /home/airlab/ros2_ws/install/carla_msgs/include/carla_msgs/carla_msgs/msg/detail/carla_traffic_light_status_list__builder.hpp
[7.615s] -- Installing: /home/airlab/ros2_ws/install/carla_msgs/include/carla_msgs/carla_msgs/msg/detail/carla_ego_vehicle_status__builder.hpp
[7.615s] -- Installing: /home/airlab/ros2_ws/install/carla_msgs/include/carla_msgs/carla_msgs/msg/detail/carla_collision_event__builder.hpp
[7.615s] -- Installing: /home/airlab/ros2_ws/install/carla_msgs/include/carla_msgs/carla_msgs/msg/detail/carla_traffic_light_status__struct.hpp
[7.615s] -- Installing: /home/airlab/ros2_ws/install/carla_msgs/include/carla_msgs/carla_msgs/msg/detail/carla_bounding_box__type_support.hpp
[7.615s] -- Installing: /home/airlab/ros2_ws/install/carla_msgs/include/carla_msgs/carla_msgs/msg/detail/carla_control__type_support.hpp
[7.615s] -- Installing: /home/airlab/ros2_ws/install/carla_msgs/include/carla_msgs/carla_msgs/msg/detail/carla_ego_vehicle_status__type_support.hpp
[7.615s] -- Installing: /home/airlab/ros2_ws/install/carla_msgs/include/carla_msgs/carla_msgs/msg/detail/carla_walker_control__type_support.hpp
[7.615s] -- Installing: /home/airlab/ros2_ws/install/carla_msgs/include/carla_msgs/carla_msgs/msg/detail/carla_actor_list__traits.hpp
[7.615s] -- Installing: /home/airlab/ros2_ws/install/carla_msgs/include/carla_msgs/carla_msgs/msg/detail/carla_ego_vehicle_status__struct.hpp
[7.615s] -- Installing: /home/airlab/ros2_ws/install/carla_msgs/include/carla_msgs/carla_msgs/msg/detail/carla_actor_list__type_support.hpp
[7.615s] -- Installing: /home/airlab/ros2_ws/install/carla_msgs/include/carla_msgs/carla_msgs/msg/detail/carla_lane_invasion_event__struct.hpp
[7.615s] -- Installing: /home/airlab/ros2_ws/install/carla_msgs/include/carla_msgs/carla_msgs/msg/detail/carla_control__traits.hpp
[7.615s] -- Installing: /home/airlab/ros2_ws/install/carla_msgs/include/carla_msgs/carla_msgs/msg/detail/carla_traffic_light_info_list__builder.hpp
[7.615s] -- Installing: /home/airlab/ros2_ws/install/carla_msgs/include/carla_msgs/carla_msgs/msg/detail/carla_lane_invasion_event__builder.hpp
[7.615s] -- Installing: /home/airlab/ros2_ws/install/carla_msgs/include/carla_msgs/carla_msgs/msg/detail/carla_world_info__type_support.hpp
[7.615s] -- Installing: /home/airlab/ros2_ws/install/carla_msgs/include/carla_msgs/carla_msgs/msg/detail/carla_ego_vehicle_info__struct.hpp
[7.615s] -- Installing: /home/airlab/ros2_ws/install/carla_msgs/include/carla_msgs/carla_msgs/msg/detail/carla_ego_vehicle_info_wheel__type_support.hpp
[7.615s] -- Installing: /home/airlab/ros2_ws/install/carla_msgs/include/carla_msgs/carla_msgs/msg/detail/carla_ego_vehicle_info__traits.hpp
[7.615s] -- Installing: /home/airlab/ros2_ws/install/carla_msgs/include/carla_msgs/carla_msgs/msg/detail/carla_collision_event__struct.hpp
[7.615s] -- Installing: /home/airlab/ros2_ws/install/carla_msgs/include/carla_msgs/carla_msgs/msg/detail/carla_traffic_light_status_list__traits.hpp
[7.615s] -- Installing: /home/airlab/ros2_ws/install/carla_msgs/include/carla_msgs/carla_msgs/msg/detail/carla_traffic_light_status_list__struct.hpp
[7.615s] -- Installing: /home/airlab/ros2_ws/install/carla_msgs/include/carla_msgs/carla_msgs/msg/detail/carla_weather_parameters__builder.hpp
[7.615s] -- Installing: /home/airlab/ros2_ws/install/carla_msgs/include/carla_msgs/carla_msgs/msg/detail/carla_traffic_light_info_list__struct.hpp
[7.615s] -- Installing: /home/airlab/ros2_ws/install/carla_msgs/include/carla_msgs/carla_msgs/msg/detail/carla_collision_event__type_support.hpp
[7.615s] -- Installing: /home/airlab/ros2_ws/install/carla_msgs/include/carla_msgs/carla_msgs/msg/detail/carla_ego_vehicle_info_wheel__builder.hpp
[7.615s] -- Installing: /home/airlab/ros2_ws/install/carla_msgs/include/carla_msgs/carla_msgs/msg/detail/carla_control__builder.hpp
[7.615s] -- Installing: /home/airlab/ros2_ws/install/carla_msgs/include/carla_msgs/carla_msgs/msg/detail/carla_traffic_light_status_list__type_support.hpp
[7.616s] -- Installing: /home/airlab/ros2_ws/install/carla_msgs/include/carla_msgs/carla_msgs/msg/detail/carla_status__type_support.hpp
[7.616s] -- Installing: /home/airlab/ros2_ws/install/carla_msgs/include/carla_msgs/carla_msgs/msg/detail/carla_bounding_box__builder.hpp
[7.616s] -- Installing: /home/airlab/ros2_ws/install/carla_msgs/include/carla_msgs/carla_msgs/msg/detail/carla_weather_parameters__struct.hpp
[7.616s] -- Installing: /home/airlab/ros2_ws/install/carla_msgs/include/carla_msgs/carla_msgs/msg/detail/carla_traffic_light_info__builder.hpp
[7.616s] -- Installing: /home/airlab/ros2_ws/install/carla_msgs/include/carla_msgs/carla_msgs/msg/detail/carla_status__builder.hpp
[7.616s] -- Installing: /home/airlab/ros2_ws/install/carla_msgs/include/carla_msgs/carla_msgs/msg/detail/carla_walker_control__struct.hpp
[7.616s] -- Installing: /home/airlab/ros2_ws/install/carla_msgs/include/carla_msgs/carla_msgs/msg/detail/carla_ego_vehicle_info__type_support.hpp
[7.616s] -- Installing: /home/airlab/ros2_ws/install/carla_msgs/include/carla_msgs/carla_msgs/msg/detail/carla_world_info__builder.hpp
[7.616s] -- Installing: /home/airlab/ros2_ws/install/carla_msgs/include/carla_msgs/carla_msgs/msg/carla_traffic_light_status.hpp
[7.616s] -- Installing: /home/airlab/ros2_ws/install/carla_msgs/include/carla_msgs/carla_msgs/msg/carla_traffic_light_info_list.hpp
[7.616s] -- Installing: /home/airlab/ros2_ws/install/carla_msgs/include/carla_msgs/carla_msgs/msg/carla_traffic_light_info.hpp
[7.616s] -- Installing: /home/airlab/ros2_ws/install/carla_msgs/include/carla_msgs/carla_msgs/msg/carla_ego_vehicle_control.hpp
[7.616s] -- Installing: /home/airlab/ros2_ws/install/carla_msgs/include/carla_msgs/carla_msgs/msg/carla_bounding_box.hpp
[7.616s] -- Installing: /home/airlab/ros2_ws/install/carla_msgs/include/carla_msgs/carla_msgs/msg/carla_actor_list.hpp
[7.616s] -- Installing: /home/airlab/ros2_ws/install/carla_msgs/include/carla_msgs/carla_msgs/msg/rosidl_generator_cpp__visibility_control.hpp
[7.616s] -- Installing: /home/airlab/ros2_ws/install/carla_msgs/include/carla_msgs/carla_msgs/msg/carla_collision_event.hpp
[7.616s] -- Installing: /home/airlab/ros2_ws/install/carla_msgs/include/carla_msgs/carla_msgs/msg/carla_weather_parameters.hpp
[7.616s] -- Installing: /home/airlab/ros2_ws/install/carla_msgs/include/carla_msgs/carla_msgs/msg/carla_control.hpp
[7.616s] -- Installing: /home/airlab/ros2_ws/install/carla_msgs/include/carla_msgs/carla_msgs/msg/carla_status.hpp
[7.616s] -- Installing: /home/airlab/ros2_ws/install/carla_msgs/include/carla_msgs/carla_msgs/msg/carla_world_info.hpp
[7.616s] -- Installing: /home/airlab/ros2_ws/install/carla_msgs/include/carla_msgs/carla_msgs/msg/carla_ego_vehicle_info_wheel.hpp
[7.616s] -- Installing: /home/airlab/ros2_ws/install/carla_msgs/include/carla_msgs/carla_msgs/msg/carla_actor_info.hpp
[7.616s] -- Installing: /home/airlab/ros2_ws/install/carla_msgs/include/carla_msgs/carla_msgs/msg/carla_ego_vehicle_info.hpp
[7.616s] -- Installing: /home/airlab/ros2_ws/install/carla_msgs/include/carla_msgs/carla_msgs/msg/carla_traffic_light_status_list.hpp
[7.616s] -- Installing: /home/airlab/ros2_ws/install/carla_msgs/include/carla_msgs/carla_msgs/msg/carla_ego_vehicle_status.hpp
[7.616s] -- Installing: /home/airlab/ros2_ws/install/carla_msgs/include/carla_msgs/carla_msgs/msg/carla_walker_control.hpp
[7.616s] -- Installing: /home/airlab/ros2_ws/install/carla_msgs/include/carla_msgs/carla_msgs/msg/carla_lane_invasion_event.hpp
[7.616s] -- Up-to-date: /home/airlab/ros2_ws/install/carla_msgs/include/carla_msgs/carla_msgs
[7.616s] -- Up-to-date: /home/airlab/ros2_ws/install/carla_msgs/include/carla_msgs/carla_msgs/srv
[7.616s] -- Up-to-date: /home/airlab/ros2_ws/install/carla_msgs/include/carla_msgs/carla_msgs/srv/detail
[7.616s] -- Installing: /home/airlab/ros2_ws/install/carla_msgs/include/carla_msgs/carla_msgs/srv/detail/get_blueprints__rosidl_typesupport_fastrtps_cpp.hpp
[7.617s] -- Installing: /home/airlab/ros2_ws/install/carla_msgs/include/carla_msgs/carla_msgs/srv/detail/spawn_object__rosidl_typesupport_fastrtps_cpp.hpp
[7.617s] -- Installing: /home/airlab/ros2_ws/install/carla_msgs/include/carla_msgs/carla_msgs/srv/detail/dds_fastrtps
[7.617s] -- Installing: /home/airlab/ros2_ws/install/carla_msgs/include/carla_msgs/carla_msgs/srv/detail/destroy_object__rosidl_typesupport_fastrtps_cpp.hpp
[7.617s] -- Up-to-date: /home/airlab/ros2_ws/install/carla_msgs/include/carla_msgs/carla_msgs/msg
[7.617s] -- Up-to-date: /home/airlab/ros2_ws/install/carla_msgs/include/carla_msgs/carla_msgs/msg/detail
[7.617s] -- Installing: /home/airlab/ros2_ws/install/carla_msgs/include/carla_msgs/carla_msgs/msg/detail/carla_walker_control__rosidl_typesupport_fastrtps_cpp.hpp
[7.617s] -- Installing: /home/airlab/ros2_ws/install/carla_msgs/include/carla_msgs/carla_msgs/msg/detail/carla_world_info__rosidl_typesupport_fastrtps_cpp.hpp
[7.617s] -- Installing: /home/airlab/ros2_ws/install/carla_msgs/include/carla_msgs/carla_msgs/msg/detail/carla_traffic_light_info__rosidl_typesupport_fastrtps_cpp.hpp
[7.617s] -- Installing: /home/airlab/ros2_ws/install/carla_msgs/include/carla_msgs/carla_msgs/msg/detail/carla_weather_parameters__rosidl_typesupport_fastrtps_cpp.hpp
[7.617s] -- Installing: /home/airlab/ros2_ws/install/carla_msgs/include/carla_msgs/carla_msgs/msg/detail/carla_ego_vehicle_info_wheel__rosidl_typesupport_fastrtps_cpp.hpp
[7.617s] -- Installing: /home/airlab/ros2_ws/install/carla_msgs/include/carla_msgs/carla_msgs/msg/detail/carla_ego_vehicle_info__rosidl_typesupport_fastrtps_cpp.hpp
[7.617s] -- Installing: /home/airlab/ros2_ws/install/carla_msgs/include/carla_msgs/carla_msgs/msg/detail/carla_collision_event__rosidl_typesupport_fastrtps_cpp.hpp
[7.617s] -- Installing: /home/airlab/ros2_ws/install/carla_msgs/include/carla_msgs/carla_msgs/msg/detail/carla_traffic_light_info_list__rosidl_typesupport_fastrtps_cpp.hpp
[7.617s] -- Installing: /home/airlab/ros2_ws/install/carla_msgs/include/carla_msgs/carla_msgs/msg/detail/carla_ego_vehicle_status__rosidl_typesupport_fastrtps_cpp.hpp
[7.617s] -- Installing: /home/airlab/ros2_ws/install/carla_msgs/include/carla_msgs/carla_msgs/msg/detail/carla_actor_list__rosidl_typesupport_fastrtps_cpp.hpp
[7.617s] -- Installing: /home/airlab/ros2_ws/install/carla_msgs/include/carla_msgs/carla_msgs/msg/detail/carla_status__rosidl_typesupport_fastrtps_cpp.hpp
[7.617s] -- Installing: /home/airlab/ros2_ws/install/carla_msgs/include/carla_msgs/carla_msgs/msg/detail/carla_control__rosidl_typesupport_fastrtps_cpp.hpp
[7.617s] -- Installing: /home/airlab/ros2_ws/install/carla_msgs/include/carla_msgs/carla_msgs/msg/detail/carla_lane_invasion_event__rosidl_typesupport_fastrtps_cpp.hpp
[7.617s] -- Installing: /home/airlab/ros2_ws/install/carla_msgs/include/carla_msgs/carla_msgs/msg/detail/carla_bounding_box__rosidl_typesupport_fastrtps_cpp.hpp
[7.617s] -- Installing: /home/airlab/ros2_ws/install/carla_msgs/include/carla_msgs/carla_msgs/msg/detail/carla_actor_info__rosidl_typesupport_fastrtps_cpp.hpp
[7.617s] -- Installing: /home/airlab/ros2_ws/install/carla_msgs/include/carla_msgs/carla_msgs/msg/detail/dds_fastrtps
[7.617s] -- Installing: /home/airlab/ros2_ws/install/carla_msgs/include/carla_msgs/carla_msgs/msg/detail/carla_ego_vehicle_control__rosidl_typesupport_fastrtps_cpp.hpp
[7.617s] -- Installing: /home/airlab/ros2_ws/install/carla_msgs/include/carla_msgs/carla_msgs/msg/detail/carla_traffic_light_status_list__rosidl_typesupport_fastrtps_cpp.hpp
[7.617s] -- Installing: /home/airlab/ros2_ws/install/carla_msgs/include/carla_msgs/carla_msgs/msg/detail/carla_traffic_light_status__rosidl_typesupport_fastrtps_cpp.hpp
[7.617s] -- Installing: /home/airlab/ros2_ws/install/carla_msgs/include/carla_msgs/carla_msgs/msg/rosidl_typesupport_fastrtps_cpp__visibility_control.h
[7.617s] -- Installing: /home/airlab/ros2_ws/install/carla_msgs/lib/libcarla_msgs__rosidl_typesupport_fastrtps_cpp.so
[7.617s] -- Set non-toolchain portion of runtime path of "/home/airlab/ros2_ws/install/carla_msgs/lib/libcarla_msgs__rosidl_typesupport_fastrtps_cpp.so" to ""
[7.617s] -- Up-to-date: /home/airlab/ros2_ws/install/carla_msgs/include/carla_msgs/carla_msgs
[7.617s] -- Up-to-date: /home/airlab/ros2_ws/install/carla_msgs/include/carla_msgs/carla_msgs/srv
[7.617s] -- Up-to-date: /home/airlab/ros2_ws/install/carla_msgs/include/carla_msgs/carla_msgs/srv/detail
[7.617s] -- Installing: /home/airlab/ros2_ws/install/carla_msgs/include/carla_msgs/carla_msgs/srv/detail/get_blueprints__rosidl_typesupport_introspection_c.h
[7.617s] -- Installing: /home/airlab/ros2_ws/install/carla_msgs/include/carla_msgs/carla_msgs/srv/detail/spawn_object__rosidl_typesupport_introspection_c.h
[7.618s] -- Installing: /home/airlab/ros2_ws/install/carla_msgs/include/carla_msgs/carla_msgs/srv/detail/spawn_object__type_support.c
[7.618s] -- Installing: /home/airlab/ros2_ws/install/carla_msgs/include/carla_msgs/carla_msgs/srv/detail/get_blueprints__type_support.c
[7.618s] -- Installing: /home/airlab/ros2_ws/install/carla_msgs/include/carla_msgs/carla_msgs/srv/detail/destroy_object__type_support.c
[7.618s] -- Installing: /home/airlab/ros2_ws/install/carla_msgs/include/carla_msgs/carla_msgs/srv/detail/destroy_object__rosidl_typesupport_introspection_c.h
[7.618s] -- Up-to-date: /home/airlab/ros2_ws/install/carla_msgs/include/carla_msgs/carla_msgs/msg
[7.618s] -- Up-to-date: /home/airlab/ros2_ws/install/carla_msgs/include/carla_msgs/carla_msgs/msg/detail
[7.618s] -- Installing: /home/airlab/ros2_ws/install/carla_msgs/include/carla_msgs/carla_msgs/msg/detail/carla_traffic_light_status__type_support.c
[7.618s] -- Installing: /home/airlab/ros2_ws/install/carla_msgs/include/carla_msgs/carla_msgs/msg/detail/carla_bounding_box__type_support.c
[7.618s] -- Installing: /home/airlab/ros2_ws/install/carla_msgs/include/carla_msgs/carla_msgs/msg/detail/carla_bounding_box__rosidl_typesupport_introspection_c.h
[7.618s] -- Installing: /home/airlab/ros2_ws/install/carla_msgs/include/carla_msgs/carla_msgs/msg/detail/carla_ego_vehicle_info__type_support.c
[7.618s] -- Installing: /home/airlab/ros2_ws/install/carla_msgs/include/carla_msgs/carla_msgs/msg/detail/carla_actor_info__rosidl_typesupport_introspection_c.h
[7.618s] -- Installing: /home/airlab/ros2_ws/install/carla_msgs/include/carla_msgs/carla_msgs/msg/detail/carla_ego_vehicle_control__type_support.c
[7.618s] -- Installing: /home/airlab/ros2_ws/install/carla_msgs/include/carla_msgs/carla_msgs/msg/detail/carla_ego_vehicle_status__type_support.c
[7.618s] -- Installing: /home/airlab/ros2_ws/install/carla_msgs/include/carla_msgs/carla_msgs/msg/detail/carla_actor_info__type_support.c
[7.618s] -- Installing: /home/airlab/ros2_ws/install/carla_msgs/include/carla_msgs/carla_msgs/msg/detail/carla_actor_list__type_support.c
[7.618s] -- Installing: /home/airlab/ros2_ws/install/carla_msgs/include/carla_msgs/carla_msgs/msg/detail/carla_traffic_light_status__rosidl_typesupport_introspection_c.h
[7.618s] -- Installing: /home/airlab/ros2_ws/install/carla_msgs/include/carla_msgs/carla_msgs/msg/detail/carla_world_info__rosidl_typesupport_introspection_c.h
[7.618s] -- Installing: /home/airlab/ros2_ws/install/carla_msgs/include/carla_msgs/carla_msgs/msg/detail/carla_status__type_support.c
[7.618s] -- Installing: /home/airlab/ros2_ws/install/carla_msgs/include/carla_msgs/carla_msgs/msg/detail/carla_ego_vehicle_info__rosidl_typesupport_introspection_c.h
[7.618s] -- Installing: /home/airlab/ros2_ws/install/carla_msgs/include/carla_msgs/carla_msgs/msg/detail/carla_ego_vehicle_info_wheel__rosidl_typesupport_introspection_c.h
[7.618s] -- Installing: /home/airlab/ros2_ws/install/carla_msgs/include/carla_msgs/carla_msgs/msg/detail/carla_ego_vehicle_control__rosidl_typesupport_introspection_c.h
[7.618s] -- Installing: /home/airlab/ros2_ws/install/carla_msgs/include/carla_msgs/carla_msgs/msg/detail/carla_ego_vehicle_info_wheel__type_support.c
[7.618s] -- Installing: /home/airlab/ros2_ws/install/carla_msgs/include/carla_msgs/carla_msgs/msg/detail/carla_traffic_light_info_list__rosidl_typesupport_introspection_c.h
[7.618s] -- Installing: /home/airlab/ros2_ws/install/carla_msgs/include/carla_msgs/carla_msgs/msg/detail/carla_world_info__type_support.c
[7.618s] -- Installing: /home/airlab/ros2_ws/install/carla_msgs/include/carla_msgs/carla_msgs/msg/detail/carla_collision_event__type_support.c
[7.618s] -- Installing: /home/airlab/ros2_ws/install/carla_msgs/include/carla_msgs/carla_msgs/msg/detail/carla_weather_parameters__rosidl_typesupport_introspection_c.h
[7.618s] -- Installing: /home/airlab/ros2_ws/install/carla_msgs/include/carla_msgs/carla_msgs/msg/detail/carla_actor_list__rosidl_typesupport_introspection_c.h
[7.618s] -- Installing: /home/airlab/ros2_ws/install/carla_msgs/include/carla_msgs/carla_msgs/msg/detail/carla_lane_invasion_event__rosidl_typesupport_introspection_c.h
[7.618s] -- Installing: /home/airlab/ros2_ws/install/carla_msgs/include/carla_msgs/carla_msgs/msg/detail/carla_traffic_light_info_list__type_support.c
[7.618s] -- Installing: /home/airlab/ros2_ws/install/carla_msgs/include/carla_msgs/carla_msgs/msg/detail/carla_walker_control__type_support.c
[7.619s] -- Installing: /home/airlab/ros2_ws/install/carla_msgs/include/carla_msgs/carla_msgs/msg/detail/carla_traffic_light_info__type_support.c
[7.619s] -- Installing: /home/airlab/ros2_ws/install/carla_msgs/include/carla_msgs/carla_msgs/msg/detail/carla_weather_parameters__type_support.c
[7.619s] -- Installing: /home/airlab/ros2_ws/install/carla_msgs/include/carla_msgs/carla_msgs/msg/detail/carla_lane_invasion_event__type_support.c
[7.619s] -- Installing: /home/airlab/ros2_ws/install/carla_msgs/include/carla_msgs/carla_msgs/msg/detail/carla_ego_vehicle_status__rosidl_typesupport_introspection_c.h
[7.619s] -- Installing: /home/airlab/ros2_ws/install/carla_msgs/include/carla_msgs/carla_msgs/msg/detail/carla_control__type_support.c
[7.619s] -- Installing: /home/airlab/ros2_ws/install/carla_msgs/include/carla_msgs/carla_msgs/msg/detail/carla_control__rosidl_typesupport_introspection_c.h
[7.619s] -- Installing: /home/airlab/ros2_ws/install/carla_msgs/include/carla_msgs/carla_msgs/msg/detail/carla_traffic_light_status_list__rosidl_typesupport_introspection_c.h
[7.619s] -- Installing: /home/airlab/ros2_ws/install/carla_msgs/include/carla_msgs/carla_msgs/msg/detail/carla_status__rosidl_typesupport_introspection_c.h
[7.619s] -- Installing: /home/airlab/ros2_ws/install/carla_msgs/include/carla_msgs/carla_msgs/msg/detail/carla_traffic_light_status_list__type_support.c
[7.619s] -- Installing: /home/airlab/ros2_ws/install/carla_msgs/include/carla_msgs/carla_msgs/msg/detail/carla_collision_event__rosidl_typesupport_introspection_c.h
[7.619s] -- Installing: /home/airlab/ros2_ws/install/carla_msgs/include/carla_msgs/carla_msgs/msg/detail/carla_walker_control__rosidl_typesupport_introspection_c.h
[7.619s] -- Installing: /home/airlab/ros2_ws/install/carla_msgs/include/carla_msgs/carla_msgs/msg/detail/carla_traffic_light_info__rosidl_typesupport_introspection_c.h
[7.619s] -- Installing: /home/airlab/ros2_ws/install/carla_msgs/include/carla_msgs/carla_msgs/msg/rosidl_typesupport_introspection_c__visibility_control.h
[7.619s] -- Installing: /home/airlab/ros2_ws/install/carla_msgs/lib/libcarla_msgs__rosidl_typesupport_introspection_c.so
[7.619s] -- Set non-toolchain portion of runtime path of "/home/airlab/ros2_ws/install/carla_msgs/lib/libcarla_msgs__rosidl_typesupport_introspection_c.so" to ""
[7.619s] -- Installing: /home/airlab/ros2_ws/install/carla_msgs/lib/libcarla_msgs__rosidl_typesupport_c.so
[7.619s] -- Set non-toolchain portion of runtime path of "/home/airlab/ros2_ws/install/carla_msgs/lib/libcarla_msgs__rosidl_typesupport_c.so" to ""
[7.619s] -- Up-to-date: /home/airlab/ros2_ws/install/carla_msgs/include/carla_msgs/carla_msgs
[7.619s] -- Up-to-date: /home/airlab/ros2_ws/install/carla_msgs/include/carla_msgs/carla_msgs/srv
[7.619s] -- Up-to-date: /home/airlab/ros2_ws/install/carla_msgs/include/carla_msgs/carla_msgs/srv/detail
[7.619s] -- Installing: /home/airlab/ros2_ws/install/carla_msgs/include/carla_msgs/carla_msgs/srv/detail/destroy_object__type_support.cpp
[7.619s] -- Installing: /home/airlab/ros2_ws/install/carla_msgs/include/carla_msgs/carla_msgs/srv/detail/spawn_object__rosidl_typesupport_introspection_cpp.hpp
[7.619s] -- Installing: /home/airlab/ros2_ws/install/carla_msgs/include/carla_msgs/carla_msgs/srv/detail/spawn_object__type_support.cpp
[7.619s] -- Installing: /home/airlab/ros2_ws/install/carla_msgs/include/carla_msgs/carla_msgs/srv/detail/get_blueprints__type_support.cpp
[7.619s] -- Installing: /home/airlab/ros2_ws/install/carla_msgs/include/carla_msgs/carla_msgs/srv/detail/get_blueprints__rosidl_typesupport_introspection_cpp.hpp
[7.619s] -- Installing: /home/airlab/ros2_ws/install/carla_msgs/include/carla_msgs/carla_msgs/srv/detail/destroy_object__rosidl_typesupport_introspection_cpp.hpp
[7.619s] -- Up-to-date: /home/airlab/ros2_ws/install/carla_msgs/include/carla_msgs/carla_msgs/msg
[7.619s] -- Up-to-date: /home/airlab/ros2_ws/install/carla_msgs/include/carla_msgs/carla_msgs/msg/detail
[7.619s] -- Installing: /home/airlab/ros2_ws/install/carla_msgs/include/carla_msgs/carla_msgs/msg/detail/carla_ego_vehicle_control__rosidl_typesupport_introspection_cpp.hpp
[7.619s] -- Installing: /home/airlab/ros2_ws/install/carla_msgs/include/carla_msgs/carla_msgs/msg/detail/carla_lane_invasion_event__rosidl_typesupport_introspection_cpp.hpp
[7.620s] -- Installing: /home/airlab/ros2_ws/install/carla_msgs/include/carla_msgs/carla_msgs/msg/detail/carla_weather_parameters__rosidl_typesupport_introspection_cpp.hpp
[7.620s] -- Installing: /home/airlab/ros2_ws/install/carla_msgs/include/carla_msgs/carla_msgs/msg/detail/carla_actor_info__rosidl_typesupport_introspection_cpp.hpp
[7.620s] -- Installing: /home/airlab/ros2_ws/install/carla_msgs/include/carla_msgs/carla_msgs/msg/detail/carla_traffic_light_status_list__type_support.cpp
[7.620s] -- Installing: /home/airlab/ros2_ws/install/carla_msgs/include/carla_msgs/carla_msgs/msg/detail/carla_actor_list__type_support.cpp
[7.620s] -- Installing: /home/airlab/ros2_ws/install/carla_msgs/include/carla_msgs/carla_msgs/msg/detail/carla_world_info__rosidl_typesupport_introspection_cpp.hpp
[7.620s] -- Installing: /home/airlab/ros2_ws/install/carla_msgs/include/carla_msgs/carla_msgs/msg/detail/carla_world_info__type_support.cpp
[7.620s] -- Installing: /home/airlab/ros2_ws/install/carla_msgs/include/carla_msgs/carla_msgs/msg/detail/carla_traffic_light_status__type_support.cpp
[7.620s] -- Installing: /home/airlab/ros2_ws/install/carla_msgs/include/carla_msgs/carla_msgs/msg/detail/carla_walker_control__type_support.cpp
[7.620s] -- Installing: /home/airlab/ros2_ws/install/carla_msgs/include/carla_msgs/carla_msgs/msg/detail/carla_ego_vehicle_info__type_support.cpp
[7.620s] -- Installing: /home/airlab/ros2_ws/install/carla_msgs/include/carla_msgs/carla_msgs/msg/detail/carla_traffic_light_info__type_support.cpp
[7.620s] -- Installing: /home/airlab/ros2_ws/install/carla_msgs/include/carla_msgs/carla_msgs/msg/detail/carla_control__rosidl_typesupport_introspection_cpp.hpp
[7.620s] -- Installing: /home/airlab/ros2_ws/install/carla_msgs/include/carla_msgs/carla_msgs/msg/detail/carla_weather_parameters__type_support.cpp
[7.620s] -- Installing: /home/airlab/ros2_ws/install/carla_msgs/include/carla_msgs/carla_msgs/msg/detail/carla_actor_info__type_support.cpp
[7.620s] -- Installing: /home/airlab/ros2_ws/install/carla_msgs/include/carla_msgs/carla_msgs/msg/detail/carla_traffic_light_info_list__rosidl_typesupport_introspection_cpp.hpp
[7.620s] -- Installing: /home/airlab/ros2_ws/install/carla_msgs/include/carla_msgs/carla_msgs/msg/detail/carla_ego_vehicle_control__type_support.cpp
[7.620s] -- Installing: /home/airlab/ros2_ws/install/carla_msgs/include/carla_msgs/carla_msgs/msg/detail/carla_bounding_box__type_support.cpp
[7.620s] -- Installing: /home/airlab/ros2_ws/install/carla_msgs/include/carla_msgs/carla_msgs/msg/detail/carla_ego_vehicle_info_wheel__type_support.cpp
[7.620s] -- Installing: /home/airlab/ros2_ws/install/carla_msgs/include/carla_msgs/carla_msgs/msg/detail/carla_lane_invasion_event__type_support.cpp
[7.620s] -- Installing: /home/airlab/ros2_ws/install/carla_msgs/include/carla_msgs/carla_msgs/msg/detail/carla_traffic_light_status__rosidl_typesupport_introspection_cpp.hpp
[7.620s] -- Installing: /home/airlab/ros2_ws/install/carla_msgs/include/carla_msgs/carla_msgs/msg/detail/carla_status__type_support.cpp
[7.620s] -- Installing: /home/airlab/ros2_ws/install/carla_msgs/include/carla_msgs/carla_msgs/msg/detail/carla_actor_list__rosidl_typesupport_introspection_cpp.hpp
[7.620s] -- Installing: /home/airlab/ros2_ws/install/carla_msgs/include/carla_msgs/carla_msgs/msg/detail/carla_ego_vehicle_status__type_support.cpp
[7.620s] -- Installing: /home/airlab/ros2_ws/install/carla_msgs/include/carla_msgs/carla_msgs/msg/detail/carla_ego_vehicle_info_wheel__rosidl_typesupport_introspection_cpp.hpp
[7.620s] -- Installing: /home/airlab/ros2_ws/install/carla_msgs/include/carla_msgs/carla_msgs/msg/detail/carla_traffic_light_info_list__type_support.cpp
[7.620s] -- Installing: /home/airlab/ros2_ws/install/carla_msgs/include/carla_msgs/carla_msgs/msg/detail/carla_traffic_light_status_list__rosidl_typesupport_introspection_cpp.hpp
[7.620s] -- Installing: /home/airlab/ros2_ws/install/carla_msgs/include/carla_msgs/carla_msgs/msg/detail/carla_status__rosidl_typesupport_introspection_cpp.hpp
[7.620s] -- Installing: /home/airlab/ros2_ws/install/carla_msgs/include/carla_msgs/carla_msgs/msg/detail/carla_traffic_light_info__rosidl_typesupport_introspection_cpp.hpp
[7.620s] -- Installing: /home/airlab/ros2_ws/install/carla_msgs/include/carla_msgs/carla_msgs/msg/detail/carla_ego_vehicle_info__rosidl_typesupport_introspection_cpp.hpp
[7.620s] -- Installing: /home/airlab/ros2_ws/install/carla_msgs/include/carla_msgs/carla_msgs/msg/detail/carla_ego_vehicle_status__rosidl_typesupport_introspection_cpp.hpp
[7.620s] -- Installing: /home/airlab/ros2_ws/install/carla_msgs/include/carla_msgs/carla_msgs/msg/detail/carla_collision_event__type_support.cpp
[7.620s] -- Installing: /home/airlab/ros2_ws/install/carla_msgs/include/carla_msgs/carla_msgs/msg/detail/carla_control__type_support.cpp
[7.620s] -- Installing: /home/airlab/ros2_ws/install/carla_msgs/include/carla_msgs/carla_msgs/msg/detail/carla_collision_event__rosidl_typesupport_introspection_cpp.hpp
[7.620s] -- Installing: /home/airlab/ros2_ws/install/carla_msgs/include/carla_msgs/carla_msgs/msg/detail/carla_bounding_box__rosidl_typesupport_introspection_cpp.hpp
[7.621s] -- Installing: /home/airlab/ros2_ws/install/carla_msgs/include/carla_msgs/carla_msgs/msg/detail/carla_walker_control__rosidl_typesupport_introspection_cpp.hpp
[7.621s] -- Installing: /home/airlab/ros2_ws/install/carla_msgs/lib/libcarla_msgs__rosidl_typesupport_introspection_cpp.so
[7.621s] -- Set non-toolchain portion of runtime path of "/home/airlab/ros2_ws/install/carla_msgs/lib/libcarla_msgs__rosidl_typesupport_introspection_cpp.so" to ""
[7.621s] -- Installing: /home/airlab/ros2_ws/install/carla_msgs/lib/libcarla_msgs__rosidl_typesupport_cpp.so
[7.621s] -- Set non-toolchain portion of runtime path of "/home/airlab/ros2_ws/install/carla_msgs/lib/libcarla_msgs__rosidl_typesupport_cpp.so" to ""
[7.621s] -- Installing: /home/airlab/ros2_ws/install/carla_msgs/share/carla_msgs/environment/pythonpath.sh
[7.621s] -- Installing: /home/airlab/ros2_ws/install/carla_msgs/share/carla_msgs/environment/pythonpath.dsv
[7.621s] -- Installing: /home/airlab/ros2_ws/install/carla_msgs/lib/python3.12/site-packages/carla_msgs-1.3.0-py3.12.egg-info
[7.621s] -- Installing: /home/airlab/ros2_ws/install/carla_msgs/lib/python3.12/site-packages/carla_msgs-1.3.0-py3.12.egg-info/PKG-INFO
[7.621s] -- Installing: /home/airlab/ros2_ws/install/carla_msgs/lib/python3.12/site-packages/carla_msgs-1.3.0-py3.12.egg-info/dependency_links.txt
[7.621s] -- Installing: /home/airlab/ros2_ws/install/carla_msgs/lib/python3.12/site-packages/carla_msgs-1.3.0-py3.12.egg-info/top_level.txt
[7.621s] -- Installing: /home/airlab/ros2_ws/install/carla_msgs/lib/python3.12/site-packages/carla_msgs-1.3.0-py3.12.egg-info/SOURCES.txt
[7.621s] -- Installing: /home/airlab/ros2_ws/install/carla_msgs/lib/python3.12/site-packages/carla_msgs
[7.621s] -- Installing: /home/airlab/ros2_ws/install/carla_msgs/lib/python3.12/site-packages/carla_msgs/srv
[7.621s] -- Installing: /home/airlab/ros2_ws/install/carla_msgs/lib/python3.12/site-packages/carla_msgs/srv/_spawn_object_s.c
[7.621s] -- Installing: /home/airlab/ros2_ws/install/carla_msgs/lib/python3.12/site-packages/carla_msgs/srv/_get_blueprints_s.c
[7.621s] -- Installing: /home/airlab/ros2_ws/install/carla_msgs/lib/python3.12/site-packages/carla_msgs/srv/_spawn_object.py
[7.621s] -- Installing: /home/airlab/ros2_ws/install/carla_msgs/lib/python3.12/site-packages/carla_msgs/srv/_destroy_object.py
[7.621s] -- Installing: /home/airlab/ros2_ws/install/carla_msgs/lib/python3.12/site-packages/carla_msgs/srv/__init__.py
[7.621s] -- Installing: /home/airlab/ros2_ws/install/carla_msgs/lib/python3.12/site-packages/carla_msgs/srv/_destroy_object_s.c
[7.621s] -- Installing: /home/airlab/ros2_ws/install/carla_msgs/lib/python3.12/site-packages/carla_msgs/srv/_get_blueprints.py
[7.622s] -- Installing: /home/airlab/ros2_ws/install/carla_msgs/lib/python3.12/site-packages/carla_msgs/carla_msgs_s__rosidl_typesupport_fastrtps_c.so
[7.622s] -- Installing: /home/airlab/ros2_ws/install/carla_msgs/lib/python3.12/site-packages/carla_msgs/carla_msgs_s__rosidl_typesupport_introspection_c.so
[7.622s] -- Installing: /home/airlab/ros2_ws/install/carla_msgs/lib/python3.12/site-packages/carla_msgs/__init__.py
[7.622s] -- Installing: /home/airlab/ros2_ws/install/carla_msgs/lib/python3.12/site-packages/carla_msgs/msg
[7.622s] -- Installing: /home/airlab/ros2_ws/install/carla_msgs/lib/python3.12/site-packages/carla_msgs/msg/_carla_walker_control.py
[7.622s] -- Installing: /home/airlab/ros2_ws/install/carla_msgs/lib/python3.12/site-packages/carla_msgs/msg/_carla_traffic_light_info_s.c
[7.622s] -- Installing: /home/airlab/ros2_ws/install/carla_msgs/lib/python3.12/site-packages/carla_msgs/msg/_carla_world_info_s.c
[7.622s] -- Installing: /home/airlab/ros2_ws/install/carla_msgs/lib/python3.12/site-packages/carla_msgs/msg/_carla_ego_vehicle_control.py
[7.622s] -- Installing: /home/airlab/ros2_ws/install/carla_msgs/lib/python3.12/site-packages/carla_msgs/msg/_carla_status_s.c
[7.622s] -- Installing: /home/airlab/ros2_ws/install/carla_msgs/lib/python3.12/site-packages/carla_msgs/msg/_carla_ego_vehicle_status_s.c
[7.622s] -- Installing: /home/airlab/ros2_ws/install/carla_msgs/lib/python3.12/site-packages/carla_msgs/msg/_carla_actor_list.py
[7.622s] -- Installing: /home/airlab/ros2_ws/install/carla_msgs/lib/python3.12/site-packages/carla_msgs/msg/_carla_ego_vehicle_control_s.c
[7.622s] -- Installing: /home/airlab/ros2_ws/install/carla_msgs/lib/python3.12/site-packages/carla_msgs/msg/_carla_ego_vehicle_status.py
[7.622s] -- Installing: /home/airlab/ros2_ws/install/carla_msgs/lib/python3.12/site-packages/carla_msgs/msg/_carla_walker_control_s.c
[7.622s] -- Installing: /home/airlab/ros2_ws/install/carla_msgs/lib/python3.12/site-packages/carla_msgs/msg/_carla_ego_vehicle_info_wheel.py
[7.622s] -- Installing: /home/airlab/ros2_ws/install/carla_msgs/lib/python3.12/site-packages/carla_msgs/msg/_carla_collision_event_s.c
[7.622s] -- Installing: /home/airlab/ros2_ws/install/carla_msgs/lib/python3.12/site-packages/carla_msgs/msg/__init__.py
[7.622s] -- Installing: /home/airlab/ros2_ws/install/carla_msgs/lib/python3.12/site-packages/carla_msgs/msg/_carla_bounding_box.py
[7.622s] -- Installing: /home/airlab/ros2_ws/install/carla_msgs/lib/python3.12/site-packages/carla_msgs/msg/_carla_traffic_light_status_s.c
[7.622s] -- Installing: /home/airlab/ros2_ws/install/carla_msgs/lib/python3.12/site-packages/carla_msgs/msg/_carla_ego_vehicle_info_wheel_s.c
[7.622s] -- Installing: /home/airlab/ros2_ws/install/carla_msgs/lib/python3.12/site-packages/carla_msgs/msg/_carla_traffic_light_info.py
[7.622s] -- Installing: /home/airlab/ros2_ws/install/carla_msgs/lib/python3.12/site-packages/carla_msgs/msg/_carla_traffic_light_info_list.py
[7.622s] -- Installing: /home/airlab/ros2_ws/install/carla_msgs/lib/python3.12/site-packages/carla_msgs/msg/_carla_traffic_light_info_list_s.c
[7.622s] -- Installing: /home/airlab/ros2_ws/install/carla_msgs/lib/python3.12/site-packages/carla_msgs/msg/_carla_lane_invasion_event.py
[7.622s] -- Installing: /home/airlab/ros2_ws/install/carla_msgs/lib/python3.12/site-packages/carla_msgs/msg/_carla_weather_parameters_s.c
[7.622s] -- Installing: /home/airlab/ros2_ws/install/carla_msgs/lib/python3.12/site-packages/carla_msgs/msg/_carla_collision_event.py
[7.622s] -- Installing: /home/airlab/ros2_ws/install/carla_msgs/lib/python3.12/site-packages/carla_msgs/msg/_carla_status.py
[7.622s] -- Installing: /home/airlab/ros2_ws/install/carla_msgs/lib/python3.12/site-packages/carla_msgs/msg/_carla_control_s.c
[7.622s] -- Installing: /home/airlab/ros2_ws/install/carla_msgs/lib/python3.12/site-packages/carla_msgs/msg/_carla_actor_list_s.c
[7.622s] -- Installing: /home/airlab/ros2_ws/install/carla_msgs/lib/python3.12/site-packages/carla_msgs/msg/_carla_traffic_light_status.py
[7.622s] -- Installing: /home/airlab/ros2_ws/install/carla_msgs/lib/python3.12/site-packages/carla_msgs/msg/_carla_actor_info.py
[7.623s] -- Installing: /home/airlab/ros2_ws/install/carla_msgs/lib/python3.12/site-packages/carla_msgs/msg/_carla_ego_vehicle_info_s.c
[7.623s] -- Installing: /home/airlab/ros2_ws/install/carla_msgs/lib/python3.12/site-packages/carla_msgs/msg/_carla_traffic_light_status_list.py
[7.623s] -- Installing: /home/airlab/ros2_ws/install/carla_msgs/lib/python3.12/site-packages/carla_msgs/msg/_carla_weather_parameters.py
[7.623s] -- Installing: /home/airlab/ros2_ws/install/carla_msgs/lib/python3.12/site-packages/carla_msgs/msg/_carla_control.py
[7.623s] -- Installing: /home/airlab/ros2_ws/install/carla_msgs/lib/python3.12/site-packages/carla_msgs/msg/_carla_traffic_light_status_list_s.c
[7.623s] -- Installing: /home/airlab/ros2_ws/install/carla_msgs/lib/python3.12/site-packages/carla_msgs/msg/_carla_lane_invasion_event_s.c
[7.623s] -- Installing: /home/airlab/ros2_ws/install/carla_msgs/lib/python3.12/site-packages/carla_msgs/msg/_carla_ego_vehicle_info.py
[7.623s] -- Installing: /home/airlab/ros2_ws/install/carla_msgs/lib/python3.12/site-packages/carla_msgs/msg/_carla_actor_info_s.c
[7.623s] -- Installing: /home/airlab/ros2_ws/install/carla_msgs/lib/python3.12/site-packages/carla_msgs/msg/_carla_bounding_box_s.c
[7.623s] -- Installing: /home/airlab/ros2_ws/install/carla_msgs/lib/python3.12/site-packages/carla_msgs/msg/_carla_world_info.py
[7.623s] -- Installing: /home/airlab/ros2_ws/install/carla_msgs/lib/python3.12/site-packages/carla_msgs/_carla_msgs_s.ep.rosidl_typesupport_c.c
[7.623s] -- Installing: /home/airlab/ros2_ws/install/carla_msgs/lib/python3.12/site-packages/carla_msgs/_carla_msgs_s.ep.rosidl_typesupport_fastrtps_c.c
[7.623s] -- Installing: /home/airlab/ros2_ws/install/carla_msgs/lib/python3.12/site-packages/carla_msgs/_carla_msgs_s.ep.rosidl_typesupport_introspection_c.c
[7.623s] -- Installing: /home/airlab/ros2_ws/install/carla_msgs/lib/python3.12/site-packages/carla_msgs/carla_msgs_s__rosidl_typesupport_c.so
[7.659s] Listing '/home/airlab/ros2_ws/install/carla_msgs/lib/python3.12/site-packages/carla_msgs'...
[7.659s] Compiling '/home/airlab/ros2_ws/install/carla_msgs/lib/python3.12/site-packages/carla_msgs/__init__.py'...
[7.659s] Listing '/home/airlab/ros2_ws/install/carla_msgs/lib/python3.12/site-packages/carla_msgs/msg'...
[7.659s] Compiling '/home/airlab/ros2_ws/install/carla_msgs/lib/python3.12/site-packages/carla_msgs/msg/__init__.py'...
[7.659s] Compiling '/home/airlab/ros2_ws/install/carla_msgs/lib/python3.12/site-packages/carla_msgs/msg/_carla_actor_info.py'...
[7.659s] Compiling '/home/airlab/ros2_ws/install/carla_msgs/lib/python3.12/site-packages/carla_msgs/msg/_carla_actor_list.py'...
[7.659s] Compiling '/home/airlab/ros2_ws/install/carla_msgs/lib/python3.12/site-packages/carla_msgs/msg/_carla_bounding_box.py'...
[7.659s] Compiling '/home/airlab/ros2_ws/install/carla_msgs/lib/python3.12/site-packages/carla_msgs/msg/_carla_collision_event.py'...
[7.659s] Compiling '/home/airlab/ros2_ws/install/carla_msgs/lib/python3.12/site-packages/carla_msgs/msg/_carla_control.py'...
[7.660s] Compiling '/home/airlab/ros2_ws/install/carla_msgs/lib/python3.12/site-packages/carla_msgs/msg/_carla_ego_vehicle_control.py'...
[7.660s] Compiling '/home/airlab/ros2_ws/install/carla_msgs/lib/python3.12/site-packages/carla_msgs/msg/_carla_ego_vehicle_info.py'...
[7.660s] Compiling '/home/airlab/ros2_ws/install/carla_msgs/lib/python3.12/site-packages/carla_msgs/msg/_carla_ego_vehicle_info_wheel.py'...
[7.660s] Compiling '/home/airlab/ros2_ws/install/carla_msgs/lib/python3.12/site-packages/carla_msgs/msg/_carla_ego_vehicle_status.py'...
[7.660s] Compiling '/home/airlab/ros2_ws/install/carla_msgs/lib/python3.12/site-packages/carla_msgs/msg/_carla_lane_invasion_event.py'...
[7.660s] Compiling '/home/airlab/ros2_ws/install/carla_msgs/lib/python3.12/site-packages/carla_msgs/msg/_carla_status.py'...
[7.660s] Compiling '/home/airlab/ros2_ws/install/carla_msgs/lib/python3.12/site-packages/carla_msgs/msg/_carla_traffic_light_info.py'...
[7.660s] Compiling '/home/airlab/ros2_ws/install/carla_msgs/lib/python3.12/site-packages/carla_msgs/msg/_carla_traffic_light_info_list.py'...
[7.660s] Compiling '/home/airlab/ros2_ws/install/carla_msgs/lib/python3.12/site-packages/carla_msgs/msg/_carla_traffic_light_status.py'...
[7.660s] Compiling '/home/airlab/ros2_ws/install/carla_msgs/lib/python3.12/site-packages/carla_msgs/msg/_carla_traffic_light_status_list.py'...
[7.660s] Compiling '/home/airlab/ros2_ws/install/carla_msgs/lib/python3.12/site-packages/carla_msgs/msg/_carla_walker_control.py'...
[7.660s] Compiling '/home/airlab/ros2_ws/install/carla_msgs/lib/python3.12/site-packages/carla_msgs/msg/_carla_weather_parameters.py'...
[7.660s] Compiling '/home/airlab/ros2_ws/install/carla_msgs/lib/python3.12/site-packages/carla_msgs/msg/_carla_world_info.py'...
[7.660s] Listing '/home/airlab/ros2_ws/install/carla_msgs/lib/python3.12/site-packages/carla_msgs/srv'...
[7.660s] Compiling '/home/airlab/ros2_ws/install/carla_msgs/lib/python3.12/site-packages/carla_msgs/srv/__init__.py'...
[7.660s] Compiling '/home/airlab/ros2_ws/install/carla_msgs/lib/python3.12/site-packages/carla_msgs/srv/_destroy_object.py'...
[7.660s] Compiling '/home/airlab/ros2_ws/install/carla_msgs/lib/python3.12/site-packages/carla_msgs/srv/_get_blueprints.py'...
[7.660s] Compiling '/home/airlab/ros2_ws/install/carla_msgs/lib/python3.12/site-packages/carla_msgs/srv/_spawn_object.py'...
[7.662s] -- Installing: /home/airlab/ros2_ws/install/carla_msgs/lib/python3.12/site-packages/carla_msgs/carla_msgs_s__rosidl_typesupport_fastrtps_c.so
[7.662s] -- Set non-toolchain portion of runtime path of "/home/airlab/ros2_ws/install/carla_msgs/lib/python3.12/site-packages/carla_msgs/carla_msgs_s__rosidl_typesupport_fastrtps_c.so" to ""
[7.662s] -- Installing: /home/airlab/ros2_ws/install/carla_msgs/lib/python3.12/site-packages/carla_msgs/carla_msgs_s__rosidl_typesupport_introspection_c.so
[7.662s] -- Set non-toolchain portion of runtime path of "/home/airlab/ros2_ws/install/carla_msgs/lib/python3.12/site-packages/carla_msgs/carla_msgs_s__rosidl_typesupport_introspection_c.so" to ""
[7.662s] -- Installing: /home/airlab/ros2_ws/install/carla_msgs/lib/python3.12/site-packages/carla_msgs/carla_msgs_s__rosidl_typesupport_c.so
[7.663s] -- Set non-toolchain portion of runtime path of "/home/airlab/ros2_ws/install/carla_msgs/lib/python3.12/site-packages/carla_msgs/carla_msgs_s__rosidl_typesupport_c.so" to ""
[7.663s] -- Installing: /home/airlab/ros2_ws/install/carla_msgs/lib/libcarla_msgs__rosidl_generator_py.so
[7.663s] -- Set non-toolchain portion of runtime path of "/home/airlab/ros2_ws/install/carla_msgs/lib/libcarla_msgs__rosidl_generator_py.so" to ""
[7.663s] -- Installing: /home/airlab/ros2_ws/install/carla_msgs/share/carla_msgs/msg/CarlaBoundingBox.idl
[7.663s] -- Installing: /home/airlab/ros2_ws/install/carla_msgs/share/carla_msgs/msg/CarlaEgoVehicleControl.idl
[7.663s] -- Installing: /home/airlab/ros2_ws/install/carla_msgs/share/carla_msgs/msg/CarlaEgoVehicleStatus.idl
[7.663s] -- Installing: /home/airlab/ros2_ws/install/carla_msgs/share/carla_msgs/msg/CarlaEgoVehicleInfoWheel.idl
[7.663s] -- Installing: /home/airlab/ros2_ws/install/carla_msgs/share/carla_msgs/msg/CarlaEgoVehicleInfo.idl
[7.663s] -- Installing: /home/airlab/ros2_ws/install/carla_msgs/share/carla_msgs/msg/CarlaCollisionEvent.idl
[7.663s] -- Installing: /home/airlab/ros2_ws/install/carla_msgs/share/carla_msgs/msg/CarlaLaneInvasionEvent.idl
[7.663s] -- Installing: /home/airlab/ros2_ws/install/carla_msgs/share/carla_msgs/msg/CarlaWorldInfo.idl
[7.663s] -- Installing: /home/airlab/ros2_ws/install/carla_msgs/share/carla_msgs/msg/CarlaActorInfo.idl
[7.663s] -- Installing: /home/airlab/ros2_ws/install/carla_msgs/share/carla_msgs/msg/CarlaActorList.idl
[7.663s] -- Installing: /home/airlab/ros2_ws/install/carla_msgs/share/carla_msgs/msg/CarlaControl.idl
[7.663s] -- Installing: /home/airlab/ros2_ws/install/carla_msgs/share/carla_msgs/msg/CarlaStatus.idl
[7.663s] -- Installing: /home/airlab/ros2_ws/install/carla_msgs/share/carla_msgs/msg/CarlaTrafficLightInfo.idl
[7.663s] -- Installing: /home/airlab/ros2_ws/install/carla_msgs/share/carla_msgs/msg/CarlaTrafficLightInfoList.idl
[7.663s] -- Installing: /home/airlab/ros2_ws/install/carla_msgs/share/carla_msgs/msg/CarlaTrafficLightStatus.idl
[7.663s] -- Installing: /home/airlab/ros2_ws/install/carla_msgs/share/carla_msgs/msg/CarlaTrafficLightStatusList.idl
[7.663s] -- Installing: /home/airlab/ros2_ws/install/carla_msgs/share/carla_msgs/msg/CarlaWalkerControl.idl
[7.663s] -- Installing: /home/airlab/ros2_ws/install/carla_msgs/share/carla_msgs/msg/CarlaWeatherParameters.idl
[7.664s] -- Installing: /home/airlab/ros2_ws/install/carla_msgs/share/carla_msgs/srv/SpawnObject.idl
[7.664s] -- Installing: /home/airlab/ros2_ws/install/carla_msgs/share/carla_msgs/srv/DestroyObject.idl
[7.664s] -- Installing: /home/airlab/ros2_ws/install/carla_msgs/share/carla_msgs/srv/GetBlueprints.idl
[7.664s] -- Installing: /home/airlab/ros2_ws/install/carla_msgs/share/carla_msgs/msg/CarlaBoundingBox.msg
[7.664s] -- Installing: /home/airlab/ros2_ws/install/carla_msgs/share/carla_msgs/msg/CarlaEgoVehicleControl.msg
[7.664s] -- Installing: /home/airlab/ros2_ws/install/carla_msgs/share/carla_msgs/msg/CarlaEgoVehicleStatus.msg
[7.664s] -- Installing: /home/airlab/ros2_ws/install/carla_msgs/share/carla_msgs/msg/CarlaEgoVehicleInfoWheel.msg
[7.664s] -- Installing: /home/airlab/ros2_ws/install/carla_msgs/share/carla_msgs/msg/CarlaEgoVehicleInfo.msg
[7.664s] -- Installing: /home/airlab/ros2_ws/install/carla_msgs/share/carla_msgs/msg/CarlaCollisionEvent.msg
[7.664s] -- Installing: /home/airlab/ros2_ws/install/carla_msgs/share/carla_msgs/msg/CarlaLaneInvasionEvent.msg
[7.664s] -- Installing: /home/airlab/ros2_ws/install/carla_msgs/share/carla_msgs/msg/CarlaWorldInfo.msg
[7.664s] -- Installing: /home/airlab/ros2_ws/install/carla_msgs/share/carla_msgs/msg/CarlaActorInfo.msg
[7.664s] -- Installing: /home/airlab/ros2_ws/install/carla_msgs/share/carla_msgs/msg/CarlaActorList.msg
[7.664s] -- Installing: /home/airlab/ros2_ws/install/carla_msgs/share/carla_msgs/msg/CarlaControl.msg
[7.664s] -- Installing: /home/airlab/ros2_ws/install/carla_msgs/share/carla_msgs/msg/CarlaStatus.msg
[7.664s] -- Installing: /home/airlab/ros2_ws/install/carla_msgs/share/carla_msgs/msg/CarlaTrafficLightInfo.msg
[7.664s] -- Installing: /home/airlab/ros2_ws/install/carla_msgs/share/carla_msgs/msg/CarlaTrafficLightInfoList.msg
[7.664s] -- Installing: /home/airlab/ros2_ws/install/carla_msgs/share/carla_msgs/msg/CarlaTrafficLightStatus.msg
[7.664s] -- Installing: /home/airlab/ros2_ws/install/carla_msgs/share/carla_msgs/msg/CarlaTrafficLightStatusList.msg
[7.664s] -- Installing: /home/airlab/ros2_ws/install/carla_msgs/share/carla_msgs/msg/CarlaWalkerControl.msg
[7.664s] -- Installing: /home/airlab/ros2_ws/install/carla_msgs/share/carla_msgs/msg/CarlaWeatherParameters.msg
[7.664s] -- Installing: /home/airlab/ros2_ws/install/carla_msgs/share/carla_msgs/srv/SpawnObject.srv
[7.664s] -- Installing: /home/airlab/ros2_ws/install/carla_msgs/share/carla_msgs/srv/DestroyObject.srv
[7.665s] -- Installing: /home/airlab/ros2_ws/install/carla_msgs/share/carla_msgs/srv/GetBlueprints.srv
[7.665s] -- Installing: /home/airlab/ros2_ws/install/carla_msgs/share/ament_index/resource_index/package_run_dependencies/carla_msgs
[7.665s] -- Installing: /home/airlab/ros2_ws/install/carla_msgs/share/ament_index/resource_index/parent_prefix_path/carla_msgs
[7.665s] -- Installing: /home/airlab/ros2_ws/install/carla_msgs/share/carla_msgs/environment/ament_prefix_path.sh
[7.665s] -- Installing: /home/airlab/ros2_ws/install/carla_msgs/share/carla_msgs/environment/ament_prefix_path.dsv
[7.665s] -- Installing: /home/airlab/ros2_ws/install/carla_msgs/share/carla_msgs/environment/path.sh
[7.665s] -- Installing: /home/airlab/ros2_ws/install/carla_msgs/share/carla_msgs/environment/path.dsv
[7.665s] -- Installing: /home/airlab/ros2_ws/install/carla_msgs/share/carla_msgs/local_setup.bash
[7.665s] -- Installing: /home/airlab/ros2_ws/install/carla_msgs/share/carla_msgs/local_setup.sh
[7.665s] -- Installing: /home/airlab/ros2_ws/install/carla_msgs/share/carla_msgs/local_setup.zsh
[7.665s] -- Installing: /home/airlab/ros2_ws/install/carla_msgs/share/carla_msgs/local_setup.dsv
[7.665s] -- Installing: /home/airlab/ros2_ws/install/carla_msgs/share/carla_msgs/package.dsv
[7.665s] -- Installing: /home/airlab/ros2_ws/install/carla_msgs/share/ament_index/resource_index/packages/carla_msgs
[7.665s] -- Installing: /home/airlab/ros2_ws/install/carla_msgs/share/carla_msgs/cmake/export_carla_msgs__rosidl_generator_cExport.cmake
[7.665s] -- Installing: /home/airlab/ros2_ws/install/carla_msgs/share/carla_msgs/cmake/export_carla_msgs__rosidl_generator_cExport-noconfig.cmake
[7.665s] -- Installing: /home/airlab/ros2_ws/install/carla_msgs/share/carla_msgs/cmake/export_carla_msgs__rosidl_typesupport_fastrtps_cExport.cmake
[7.665s] -- Installing: /home/airlab/ros2_ws/install/carla_msgs/share/carla_msgs/cmake/export_carla_msgs__rosidl_typesupport_fastrtps_cExport-noconfig.cmake
[7.665s] -- Installing: /home/airlab/ros2_ws/install/carla_msgs/share/carla_msgs/cmake/export_carla_msgs__rosidl_generator_cppExport.cmake
[7.666s] -- Installing: /home/airlab/ros2_ws/install/carla_msgs/share/carla_msgs/cmake/export_carla_msgs__rosidl_typesupport_fastrtps_cppExport.cmake
[7.666s] -- Installing: /home/airlab/ros2_ws/install/carla_msgs/share/carla_msgs/cmake/export_carla_msgs__rosidl_typesupport_fastrtps_cppExport-noconfig.cmake
[7.666s] -- Installing: /home/airlab/ros2_ws/install/carla_msgs/share/carla_msgs/cmake/carla_msgs__rosidl_typesupport_introspection_cExport.cmake
[7.666s] -- Installing: /home/airlab/ros2_ws/install/carla_msgs/share/carla_msgs/cmake/carla_msgs__rosidl_typesupport_introspection_cExport-noconfig.cmake
[7.666s] -- Installing: /home/airlab/ros2_ws/install/carla_msgs/share/carla_msgs/cmake/carla_msgs__rosidl_typesupport_cExport.cmake
[7.666s] -- Installing: /home/airlab/ros2_ws/install/carla_msgs/share/carla_msgs/cmake/carla_msgs__rosidl_typesupport_cExport-noconfig.cmake
[7.666s] -- Installing: /home/airlab/ros2_ws/install/carla_msgs/share/carla_msgs/cmake/carla_msgs__rosidl_typesupport_introspection_cppExport.cmake
[7.666s] -- Installing: /home/airlab/ros2_ws/install/carla_msgs/share/carla_msgs/cmake/carla_msgs__rosidl_typesupport_introspection_cppExport-noconfig.cmake
[7.666s] -- Installing: /home/airlab/ros2_ws/install/carla_msgs/share/carla_msgs/cmake/carla_msgs__rosidl_typesupport_cppExport.cmake
[7.666s] -- Installing: /home/airlab/ros2_ws/install/carla_msgs/share/carla_msgs/cmake/carla_msgs__rosidl_typesupport_cppExport-noconfig.cmake
[7.666s] -- Installing: /home/airlab/ros2_ws/install/carla_msgs/share/carla_msgs/cmake/export_carla_msgs__rosidl_generator_pyExport.cmake
[7.666s] -- Installing: /home/airlab/ros2_ws/install/carla_msgs/share/carla_msgs/cmake/export_carla_msgs__rosidl_generator_pyExport-noconfig.cmake
[7.666s] -- Installing: /home/airlab/ros2_ws/install/carla_msgs/share/carla_msgs/cmake/rosidl_cmake-extras.cmake
[7.666s] -- Installing: /home/airlab/ros2_ws/install/carla_msgs/share/carla_msgs/cmake/ament_cmake_export_dependencies-extras.cmake
[7.666s] -- Installing: /home/airlab/ros2_ws/install/carla_msgs/share/carla_msgs/cmake/ament_cmake_export_include_directories-extras.cmake
[7.666s] -- Installing: /home/airlab/ros2_ws/install/carla_msgs/share/carla_msgs/cmake/ament_cmake_export_libraries-extras.cmake
[7.666s] -- Installing: /home/airlab/ros2_ws/install/carla_msgs/share/carla_msgs/cmake/ament_cmake_export_targets-extras.cmake
[7.666s] -- Installing: /home/airlab/ros2_ws/install/carla_msgs/share/carla_msgs/cmake/rosidl_cmake_export_typesupport_targets-extras.cmake
[7.666s] -- Installing: /home/airlab/ros2_ws/install/carla_msgs/share/carla_msgs/cmake/rosidl_cmake_export_typesupport_libraries-extras.cmake
[7.666s] -- Installing: /home/airlab/ros2_ws/install/carla_msgs/share/carla_msgs/cmake/carla_msgsConfig.cmake
[7.666s] -- Installing: /home/airlab/ros2_ws/install/carla_msgs/share/carla_msgs/cmake/carla_msgsConfig-version.cmake
[7.666s] -- Installing: /home/airlab/ros2_ws/install/carla_msgs/share/carla_msgs/package.xml
[7.668s] Invoked command in '/home/airlab/ros2_ws/build/carla_msgs' returned '0': CMAKE_PREFIX_PATH=${CMAKE_PREFIX_PATH}:/opt/ros/jazzy DEBUGINFOD_URLS=https://debuginfod.ubuntu.com /usr/bin/cmake --install /home/airlab/ros2_ws/build/carla_msgs
