[0.000000] (-) TimerEvent: {}
[0.000407] (-) JobUnselected: {'identifier': 'camera'}
[0.000540] (-) JobUnselected: {'identifier': 'carla_ackermann_control'}
[0.000656] (-) JobUnselected: {'identifier': 'carla_ackermann_msgs'}
[0.000705] (-) JobUnselected: {'identifier': 'carla_ad_agent'}
[0.000720] (-) JobUnselected: {'identifier': 'carla_ad_demo'}
[0.000738] (-) JobUnselected: {'identifier': 'carla_common'}
[0.000752] (-) JobUnselected: {'identifier': 'carla_lidar_saver'}
[0.000879] (-) JobUnselected: {'identifier': 'carla_manual_control'}
[0.000898] (-) JobUnselected: {'identifier': 'carla_ros_bridge'}
[0.000910] (-) JobUnselected: {'identifier': 'carla_ros_scenario_runner'}
[0.000924] (-) JobUnselected: {'identifier': 'carla_ros_scenario_runner_types'}
[0.001001] (-) JobUnselected: {'identifier': 'carla_spawn_objects'}
[0.001021] (-) JobUnselected: {'identifier': 'carla_state_publisher'}
[0.001169] (-) JobUnselected: {'identifier': 'carla_twist_launch'}
[0.001184] (-) JobUnselected: {'identifier': 'carla_twist_to_control'}
[0.001214] (-) JobUnselected: {'identifier': 'carla_walker_agent'}
[0.001235] (-) JobUnselected: {'identifier': 'carla_waypoint_publisher'}
[0.001273] (-) JobUnselected: {'identifier': 'carla_waypoint_types'}
[0.001287] (-) JobUnselected: {'identifier': 'dynamixel_sdk'}
[0.001307] (-) JobUnselected: {'identifier': 'dynamixel_sdk_custom_interfaces'}
[0.001319] (-) JobUnselected: {'identifier': 'dynamixel_sdk_examples'}
[0.001337] (-) JobUnselected: {'identifier': 'dynamixel_workbench_msgs'}
[0.001354] (-) JobUnselected: {'identifier': 'dynamixel_workbench_operators'}
[0.001383] (-) JobUnselected: {'identifier': 'lidar_cv_visualizer'}
[0.001396] (-) JobUnselected: {'identifier': 'open3d_ros2_node'}
[0.001423] (-) JobUnselected: {'identifier': 'pcl_recorder'}
[0.001443] (-) JobUnselected: {'identifier': 'ros_compatibility'}
[0.001456] (-) JobUnselected: {'identifier': 'rqt_carla_control'}
[0.001468] (-) JobUnselected: {'identifier': 'rviz_carla_plugin'}
[0.001499] (-) JobUnselected: {'identifier': 'twist_carla_direct_control'}
[0.001513] (-) JobUnselected: {'identifier': 'twist_to_carla_control'}
[0.001632] (-) JobUnselected: {'identifier': 'twist_to_carla_control_nav'}
[0.001674] (carla_msgs) JobQueued: {'identifier': 'carla_msgs', 'dependencies': OrderedDict()}
[0.001697] (carla_msgs) JobStarted: {'identifier': 'carla_msgs'}
[0.013147] (carla_msgs) JobProgress: {'identifier': 'carla_msgs', 'progress': 'cmake'}
[0.013581] (carla_msgs) Command: {'cmd': ['/usr/bin/cmake', '/home/airlab/ros2_ws/src/ros-carla-msgs', '-DCMAKE_INSTALL_PREFIX=/home/airlab/ros2_ws/install/carla_msgs'], 'cwd': '/home/airlab/ros2_ws/build/carla_msgs', 'env': OrderedDict({'LESSOPEN': '| /usr/bin/lesspipe %s', 'LANGUAGE': 'en_US:en', 'USER': 'airlab', 'LC_TIME': 'en_US.UTF-8', 'GZ_CONFIG_PATH': '/opt/ros/jazzy/opt/gz_sim_vendor/share/gz:/opt/ros/jazzy/opt/sdformat_vendor/share/gz:/opt/ros/jazzy/opt/gz_gui_vendor/share/gz:/opt/ros/jazzy/opt/gz_transport_vendor/share/gz:/opt/ros/jazzy/opt/gz_rendering_vendor/share/gz:/opt/ros/jazzy/opt/gz_plugin_vendor/share/gz:/opt/ros/jazzy/opt/gz_fuel_tools_vendor/share/gz:/opt/ros/jazzy/opt/gz_msgs_vendor/share/gz:/opt/ros/jazzy/opt/gz_common_vendor/share/gz', 'XDG_SESSION_TYPE': 'wayland', 'CLUTTER_DISABLE_MIPMAPPED_TEXT': '1', 'SHLVL': '1', 'LD_LIBRARY_PATH': '/opt/ros/jazzy/opt/gz_sim_vendor/lib:/opt/ros/jazzy/opt/gz_sensors_vendor/lib:/opt/ros/jazzy/opt/gz_physics_vendor/lib:/opt/ros/jazzy/opt/sdformat_vendor/lib:/opt/ros/jazzy/opt/rviz_ogre_vendor/lib:/opt/ros/jazzy/lib/x86_64-linux-gnu:/opt/ros/jazzy/opt/gz_gui_vendor/lib:/opt/ros/jazzy/opt/gz_transport_vendor/lib:/opt/ros/jazzy/opt/gz_rendering_vendor/lib:/opt/ros/jazzy/opt/gz_plugin_vendor/lib:/opt/ros/jazzy/opt/gz_fuel_tools_vendor/lib:/opt/ros/jazzy/opt/gz_msgs_vendor/lib:/opt/ros/jazzy/opt/gz_common_vendor/lib:/opt/ros/jazzy/opt/gz_math_vendor/lib:/opt/ros/jazzy/opt/gz_utils_vendor/lib:/opt/ros/jazzy/opt/gz_tools_vendor/lib:/opt/ros/jazzy/opt/gz_ogre_next_vendor/lib:/opt/ros/jazzy/opt/gz_dartsim_vendor/lib:/opt/ros/jazzy/opt/gz_cmake_vendor/lib:/opt/ros/jazzy/lib', 'HOME': '/home/airlab', 'OLDPWD': '/home/airlab', 'DESKTOP_SESSION': 'ubuntu-wayland', 'ROS_PYTHON_VERSION': '3', 'GNOME_SHELL_SESSION_MODE': 'ubuntu', 'GTK_MODULES': 'gail:atk-bridge', 'LC_MONETARY': 'en_US.UTF-8', 'SYSTEMD_EXEC_PID': '3122', 'GSM_SKIP_SSH_AGENT_WORKAROUND': 'true', 'DBUS_SESSION_BUS_ADDRESS': 'unix:path=/run/user/1000/bus', 'COLORTERM': 'truecolor', 'CARLA_ROOT': '/home/airlab/carla', '_colcon_cd_root': '/home/airlab/ros2_ws', 'DEBUGINFOD_URLS': 'https://debuginfod.ubuntu.com', 'IM_CONFIG_PHASE': '1', 'WAYLAND_DISPLAY': 'wayland-0', 'ROS_DISTRO': 'jazzy', 'LOGNAME': 'airlab', '_': '/usr/bin/colcon', 'ROS_VERSION': '2', 'MEMORY_PRESSURE_WATCH': '/sys/fs/cgroup/user.slice/user-1000.slice/user@1000.service/session.slice/org.gnome.Shell@wayland.service/memory.pressure', 'XDG_SESSION_CLASS': 'user', 'USERNAME': 'airlab', 'TERM': 'xterm-256color', 'GNOME_DESKTOP_SESSION_ID': 'this-is-deprecated', 'PATH': '/opt/ros/jazzy/opt/gz_msgs_vendor/bin:/opt/ros/jazzy/opt/gz_tools_vendor/bin:/opt/ros/jazzy/opt/gz_ogre_next_vendor/bin:/opt/ros/jazzy/bin:/home/airlab/.local/bin:/usr/local/sbin:/usr/local/bin:/usr/sbin:/usr/bin:/sbin:/bin:/usr/games:/usr/local/games:/snap/bin:/snap/bin:/home/airlab/.local/bin:/home/airlab/.local/bin', 'SESSION_MANAGER': 'local/airlab:@/tmp/.ICE-unix/3090,unix/airlab:/tmp/.ICE-unix/3090', 'FASTRTPS_DEFAULT_PROFILES_FILE': '/home/airlab/carla/PythonAPI/examples/ros2/config/fastrtps-profile.xml', 'PAPERSIZE': 'letter', 'XDG_MENU_PREFIX': 'gnome-', 'LC_ADDRESS': 'en_US.UTF-8', 'GNOME_TERMINAL_SCREEN': '/org/gnome/Terminal/screen/d7ad561e_c2a3_4fcc_8b0c_40796bcc1549', 'GNOME_SETUP_DISPLAY': ':2', 'XDG_RUNTIME_DIR': '/run/user/1000', 'DISPLAY': ':1', 'LANG': 'en_US.UTF-8', 'XDG_CURRENT_DESKTOP': 'ubuntu:GNOME', 'LC_TELEPHONE': 'en_US.UTF-8', 'RMW_IMPLEMENTATION': 'rmw_fastrtps_cpp', 'XMODIFIERS': '@im=ibus', 'XDG_SESSION_DESKTOP': 'ubuntu-wayland', 'XAUTHORITY': '/run/user/1000/.mutter-Xwaylandauth.1GWMK3', 'LS_COLORS': 'rs=0:di=01;34:ln=01;36:mh=00:pi=40;33:so=01;35:do=01;35:bd=40;33;01:cd=40;33;01:or=40;31;01:mi=00:su=37;41:sg=30;43:ca=00:tw=30;42:ow=34;42:st=37;44:ex=01;32:*.tar=01;31:*.tgz=01;31:*.arc=01;31:*.arj=01;31:*.taz=01;31:*.lha=01;31:*.lz4=01;31:*.lzh=01;31:*.lzma=01;31:*.tlz=01;31:*.txz=01;31:*.tzo=01;31:*.t7z=01;31:*.zip=01;31:*.z=01;31:*.dz=01;31:*.gz=01;31:*.lrz=01;31:*.lz=01;31:*.lzo=01;31:*.xz=01;31:*.zst=01;31:*.tzst=01;31:*.bz2=01;31:*.bz=01;31:*.tbz=01;31:*.tbz2=01;31:*.tz=01;31:*.deb=01;31:*.rpm=01;31:*.jar=01;31:*.war=01;31:*.ear=01;31:*.sar=01;31:*.rar=01;31:*.alz=01;31:*.ace=01;31:*.zoo=01;31:*.cpio=01;31:*.7z=01;31:*.rz=01;31:*.cab=01;31:*.wim=01;31:*.swm=01;31:*.dwm=01;31:*.esd=01;31:*.avif=01;35:*.jpg=01;35:*.jpeg=01;35:*.mjpg=01;35:*.mjpeg=01;35:*.gif=01;35:*.bmp=01;35:*.pbm=01;35:*.pgm=01;35:*.ppm=01;35:*.tga=01;35:*.xbm=01;35:*.xpm=01;35:*.tif=01;35:*.tiff=01;35:*.png=01;35:*.svg=01;35:*.svgz=01;35:*.mng=01;35:*.pcx=01;35:*.mov=01;35:*.mpg=01;35:*.mpeg=01;35:*.m2v=01;35:*.mkv=01;35:*.webm=01;35:*.webp=01;35:*.ogm=01;35:*.mp4=01;35:*.m4v=01;35:*.mp4v=01;35:*.vob=01;35:*.qt=01;35:*.nuv=01;35:*.wmv=01;35:*.asf=01;35:*.rm=01;35:*.rmvb=01;35:*.flc=01;35:*.avi=01;35:*.fli=01;35:*.flv=01;35:*.gl=01;35:*.dl=01;35:*.xcf=01;35:*.xwd=01;35:*.yuv=01;35:*.cgm=01;35:*.emf=01;35:*.ogv=01;35:*.ogx=01;35:*.aac=00;36:*.au=00;36:*.flac=00;36:*.m4a=00;36:*.mid=00;36:*.midi=00;36:*.mka=00;36:*.mp3=00;36:*.mpc=00;36:*.ogg=00;36:*.ra=00;36:*.wav=00;36:*.oga=00;36:*.opus=00;36:*.spx=00;36:*.xspf=00;36:*~=00;90:*#=00;90:*.bak=00;90:*.crdownload=00;90:*.dpkg-dist=00;90:*.dpkg-new=00;90:*.dpkg-old=00;90:*.dpkg-tmp=00;90:*.old=00;90:*.orig=00;90:*.part=00;90:*.rej=00;90:*.rpmnew=00;90:*.rpmorig=00;90:*.rpmsave=00;90:*.swp=00;90:*.tmp=00;90:*.ucf-dist=00;90:*.ucf-new=00;90:*.ucf-old=00;90:', 'GNOME_TERMINAL_SERVICE': ':1.124', 'SSH_AUTH_SOCK': '/run/user/1000/keyring/ssh', 'AMENT_PREFIX_PATH': '/opt/ros/jazzy', 'SHELL': '/bin/bash', 'LC_NAME': 'en_US.UTF-8', 'QT_ACCESSIBILITY': '1', 'GDMSESSION': 'ubuntu-wayland', 'LESSCLOSE': '/usr/bin/lesspipe %s %s', 'LC_MEASUREMENT': 'en_US.UTF-8', 'LC_IDENTIFICATION': 'en_US.UTF-8', 'ROS_AUTOMATIC_DISCOVERY_RANGE': 'SUBNET', 'QT_IM_MODULE': 'ibus', 'PWD': '/home/airlab/ros2_ws/build/carla_msgs', 'LC_ALL': 'en_US.UTF-8', 'XDG_CONFIG_DIRS': '/etc/xdg/xdg-ubuntu-wayland:/etc/xdg', 'XDG_DATA_DIRS': '/usr/share/ubuntu-wayland:/usr/share/gnome:/usr/local/share/:/usr/share/:/var/lib/snapd/desktop', 'PYTHONPATH': '/opt/ros/jazzy/lib/python3.12/site-packages:/home/airlab/carla/carla_venv/lib/python3.12/site-packages:/home/airlab/carla/PythonAPI/carla/dist/carla-0.10.0-cp312-cp312-linux_x86_64.whl:/home/airlab/carla/PythonAPI/carla', 'LC_NUMERIC': 'en_US.UTF-8', 'LC_PAPER': 'en_US.UTF-8', 'COLCON': '1', 'MEMORY_PRESSURE_WRITE': 'c29tZSAyMDAwMDAgMjAwMDAwMAA=', 'VTE_VERSION': '7600', 'CMAKE_PREFIX_PATH': '/opt/ros/jazzy/opt/gz_sim_vendor:/opt/ros/jazzy/opt/gz_sensors_vendor:/opt/ros/jazzy/opt/gz_physics_vendor:/opt/ros/jazzy/opt/sdformat_vendor:/opt/ros/jazzy/opt/gz_gui_vendor:/opt/ros/jazzy/opt/gz_transport_vendor:/opt/ros/jazzy/opt/gz_rendering_vendor:/opt/ros/jazzy/opt/gz_plugin_vendor:/opt/ros/jazzy/opt/gz_fuel_tools_vendor:/opt/ros/jazzy/opt/gz_msgs_vendor:/opt/ros/jazzy/opt/gz_common_vendor:/opt/ros/jazzy/opt/gz_math_vendor:/opt/ros/jazzy/opt/gz_utils_vendor:/opt/ros/jazzy/opt/gz_tools_vendor:/opt/ros/jazzy/opt/gz_ogre_next_vendor:/opt/ros/jazzy/opt/gz_dartsim_vendor:/opt/ros/jazzy/opt/gz_cmake_vendor:/opt/ros/jazzy'}), 'shell': False}
[0.019569] (carla_msgs) StderrLine: {'line': b'\x1b[0mCMake Deprecation Warning at CMakeLists.txt:1 (cmake_minimum_required):\n'}
[0.019672] (carla_msgs) StderrLine: {'line': b'  Compatibility with CMake < 3.5 will be removed from a future version of\n'}
[0.019705] (carla_msgs) StderrLine: {'line': b'  CMake.\n'}
[0.019731] (carla_msgs) StderrLine: {'line': b'\n'}
[0.019755] (carla_msgs) StderrLine: {'line': b'  Update the VERSION argument <min> value or use a ...<max> suffix to tell\n'}
[0.019781] (carla_msgs) StderrLine: {'line': b'  CMake that the project does not need compatibility with older versions.\n'}
[0.019805] (carla_msgs) StderrLine: {'line': b'\n'}
[0.019831] (carla_msgs) StderrLine: {'line': b'\x1b[0m\n'}
[0.080429] (carla_msgs) StdoutLine: {'line': b'-- The C compiler identification is GNU 13.3.0\n'}
[0.100011] (-) TimerEvent: {}
[0.167455] (carla_msgs) StdoutLine: {'line': b'-- The CXX compiler identification is GNU 13.3.0\n'}
[0.182228] (carla_msgs) StdoutLine: {'line': b'-- Detecting C compiler ABI info\n'}
[0.200152] (-) TimerEvent: {}
[0.300556] (-) TimerEvent: {}
[0.329733] (carla_msgs) StdoutLine: {'line': b'-- Detecting C compiler ABI info - done\n'}
[0.342411] (carla_msgs) StdoutLine: {'line': b'-- Check for working C compiler: /usr/bin/cc - skipped\n'}
[0.342711] (carla_msgs) StdoutLine: {'line': b'-- Detecting C compile features\n'}
[0.343110] (carla_msgs) StdoutLine: {'line': b'-- Detecting C compile features - done\n'}
[0.349204] (carla_msgs) StdoutLine: {'line': b'-- Detecting CXX compiler ABI info\n'}
[0.400705] (-) TimerEvent: {}
[0.477092] (carla_msgs) StdoutLine: {'line': b'-- Detecting CXX compiler ABI info - done\n'}
[0.482230] (carla_msgs) StdoutLine: {'line': b'-- Check for working CXX compiler: /usr/bin/c++ - skipped\n'}
[0.482472] (carla_msgs) StdoutLine: {'line': b'-- Detecting CXX compile features\n'}
[0.482868] (carla_msgs) StdoutLine: {'line': b'-- Detecting CXX compile features - done\n'}
[0.486803] (carla_msgs) StdoutLine: {'line': b'-- Found ros_environment: 4.2.1 (/opt/ros/jazzy/share/ros_environment/cmake)\n'}
[0.490815] (carla_msgs) StdoutLine: {'line': b'-- Found ament_cmake: 2.5.4 (/opt/ros/jazzy/share/ament_cmake/cmake)\n'}
[0.500753] (-) TimerEvent: {}
[0.596296] (carla_msgs) StdoutLine: {'line': b'-- Found Python3: /usr/bin/python3 (found version "3.12.3") found components: Interpreter \n'}
[0.600828] (-) TimerEvent: {}
[0.677000] (carla_msgs) StdoutLine: {'line': b'-- Found builtin_interfaces: 2.0.3 (/opt/ros/jazzy/share/builtin_interfaces/cmake)\n'}
[0.700901] (-) TimerEvent: {}
[0.706137] (carla_msgs) StdoutLine: {'line': b'-- Found rosidl_generator_c: 4.6.6 (/opt/ros/jazzy/share/rosidl_generator_c/cmake)\n'}
[0.715802] (carla_msgs) StdoutLine: {'line': b'-- Found rosidl_generator_cpp: 4.6.6 (/opt/ros/jazzy/share/rosidl_generator_cpp/cmake)\n'}
[0.728310] (carla_msgs) StdoutLine: {'line': b'-- Using all available rosidl_typesupport_c: rosidl_typesupport_fastrtps_c;rosidl_typesupport_introspection_c\n'}
[0.741158] (carla_msgs) StdoutLine: {'line': b'-- Using all available rosidl_typesupport_cpp: rosidl_typesupport_fastrtps_cpp;rosidl_typesupport_introspection_cpp\n'}
[0.752511] (carla_msgs) StdoutLine: {'line': b'-- Found std_msgs: 5.3.6 (/opt/ros/jazzy/share/std_msgs/cmake)\n'}
[0.764853] (carla_msgs) StdoutLine: {'line': b'-- Found geometry_msgs: 5.3.6 (/opt/ros/jazzy/share/geometry_msgs/cmake)\n'}
[0.775852] (carla_msgs) StdoutLine: {'line': b'-- Found diagnostic_msgs: 5.3.6 (/opt/ros/jazzy/share/diagnostic_msgs/cmake)\n'}
[0.798075] (carla_msgs) StdoutLine: {'line': b'-- Found rosidl_default_generators: 1.6.0 (/opt/ros/jazzy/share/rosidl_default_generators/cmake)\n'}
[0.800965] (-) TimerEvent: {}
[0.807973] (carla_msgs) StdoutLine: {'line': b'-- Found rosidl_adapter: 4.6.6 (/opt/ros/jazzy/share/rosidl_adapter/cmake)\n'}
[0.901103] (-) TimerEvent: {}
[1.001403] (-) TimerEvent: {}
[1.101600] (-) TimerEvent: {}
[1.201814] (-) TimerEvent: {}
[1.302014] (-) TimerEvent: {}
[1.334861] (carla_msgs) StdoutLine: {'line': b'-- Found ament_cmake_cppcheck: 0.17.3 (/opt/ros/jazzy/share/ament_cmake_cppcheck/cmake)\n'}
[1.337821] (carla_msgs) StdoutLine: {'line': b'-- Found ament_cmake_cpplint: 0.17.3 (/opt/ros/jazzy/share/ament_cmake_cpplint/cmake)\n'}
[1.341394] (carla_msgs) StdoutLine: {'line': b'-- Found ament_cmake_uncrustify: 0.17.3 (/opt/ros/jazzy/share/ament_cmake_uncrustify/cmake)\n'}
[1.346663] (carla_msgs) StdoutLine: {'line': b'-- Found ament_cmake_ros: 0.12.0 (/opt/ros/jazzy/share/ament_cmake_ros/cmake)\n'}
[1.402103] (-) TimerEvent: {}
[1.502364] (-) TimerEvent: {}
[1.602714] (-) TimerEvent: {}
[1.702925] (-) TimerEvent: {}
[1.803141] (-) TimerEvent: {}
[1.903407] (-) TimerEvent: {}
[2.003624] (-) TimerEvent: {}
[2.051661] (carla_msgs) StdoutLine: {'line': b'-- Using all available rosidl_typesupport_c: rosidl_typesupport_fastrtps_c;rosidl_typesupport_introspection_c\n'}
[2.103706] (-) TimerEvent: {}
[2.203870] (-) TimerEvent: {}
[2.304083] (-) TimerEvent: {}
[2.307505] (carla_msgs) StdoutLine: {'line': b'-- Using all available rosidl_typesupport_cpp: rosidl_typesupport_fastrtps_cpp;rosidl_typesupport_introspection_cpp\n'}
[2.324015] (carla_msgs) StdoutLine: {'line': b'-- Found python_cmake_module: 0.11.1 (/opt/ros/jazzy/share/python_cmake_module/cmake)\n'}
[2.404170] (-) TimerEvent: {}
[2.413525] (carla_msgs) StdoutLine: {'line': b'-- Found PythonExtra: /usr/bin/python3  \n'}
[2.504282] (-) TimerEvent: {}
[2.604528] (-) TimerEvent: {}
[2.704690] (-) TimerEvent: {}
[2.774973] (carla_msgs) StdoutLine: {'line': b'-- Found Python3: /usr/bin/python3 (found version "3.12.3") found components: Interpreter Development NumPy Development.Module Development.Embed \n'}
[2.804756] (-) TimerEvent: {}
[2.812097] (carla_msgs) StdoutLine: {'line': b'-- Found ament_cmake_flake8: 0.17.3 (/opt/ros/jazzy/share/ament_cmake_flake8/cmake)\n'}
[2.814246] (carla_msgs) StdoutLine: {'line': b'-- Found ament_cmake_pep257: 0.17.3 (/opt/ros/jazzy/share/ament_cmake_pep257/cmake)\n'}
[2.817337] (carla_msgs) StdoutLine: {'line': b'-- Found ament_lint_auto: 0.17.3 (/opt/ros/jazzy/share/ament_lint_auto/cmake)\n'}
[2.830618] (carla_msgs) StdoutLine: {'line': b"-- Added test 'copyright' to check source files copyright and LICENSE\n"}
[2.831324] (carla_msgs) StdoutLine: {'line': b"-- Added test 'lint_cmake' to check CMake code style\n"}
[2.831979] (carla_msgs) StdoutLine: {'line': b"-- Added test 'xmllint' to check XML markup files\n"}
[2.834274] (carla_msgs) StdoutLine: {'line': b'-- Configuring done (2.8s)\n'}
[2.872093] (carla_msgs) StdoutLine: {'line': b'-- Generating done (0.0s)\n'}
[2.878645] (carla_msgs) StdoutLine: {'line': b'-- Build files have been written to: /home/airlab/ros2_ws/build/carla_msgs\n'}
[2.884005] (carla_msgs) CommandEnded: {'returncode': 0}
[2.884309] (carla_msgs) JobProgress: {'identifier': 'carla_msgs', 'progress': 'build'}
[2.884700] (carla_msgs) Command: {'cmd': ['/usr/bin/cmake', '--build', '/home/airlab/ros2_ws/build/carla_msgs', '--', '-j32', '-l32'], 'cwd': '/home/airlab/ros2_ws/build/carla_msgs', 'env': OrderedDict({'LESSOPEN': '| /usr/bin/lesspipe %s', 'LANGUAGE': 'en_US:en', 'USER': 'airlab', 'LC_TIME': 'en_US.UTF-8', 'GZ_CONFIG_PATH': '/opt/ros/jazzy/opt/gz_sim_vendor/share/gz:/opt/ros/jazzy/opt/sdformat_vendor/share/gz:/opt/ros/jazzy/opt/gz_gui_vendor/share/gz:/opt/ros/jazzy/opt/gz_transport_vendor/share/gz:/opt/ros/jazzy/opt/gz_rendering_vendor/share/gz:/opt/ros/jazzy/opt/gz_plugin_vendor/share/gz:/opt/ros/jazzy/opt/gz_fuel_tools_vendor/share/gz:/opt/ros/jazzy/opt/gz_msgs_vendor/share/gz:/opt/ros/jazzy/opt/gz_common_vendor/share/gz', 'XDG_SESSION_TYPE': 'wayland', 'CLUTTER_DISABLE_MIPMAPPED_TEXT': '1', 'SHLVL': '1', 'LD_LIBRARY_PATH': '/opt/ros/jazzy/opt/gz_sim_vendor/lib:/opt/ros/jazzy/opt/gz_sensors_vendor/lib:/opt/ros/jazzy/opt/gz_physics_vendor/lib:/opt/ros/jazzy/opt/sdformat_vendor/lib:/opt/ros/jazzy/opt/rviz_ogre_vendor/lib:/opt/ros/jazzy/lib/x86_64-linux-gnu:/opt/ros/jazzy/opt/gz_gui_vendor/lib:/opt/ros/jazzy/opt/gz_transport_vendor/lib:/opt/ros/jazzy/opt/gz_rendering_vendor/lib:/opt/ros/jazzy/opt/gz_plugin_vendor/lib:/opt/ros/jazzy/opt/gz_fuel_tools_vendor/lib:/opt/ros/jazzy/opt/gz_msgs_vendor/lib:/opt/ros/jazzy/opt/gz_common_vendor/lib:/opt/ros/jazzy/opt/gz_math_vendor/lib:/opt/ros/jazzy/opt/gz_utils_vendor/lib:/opt/ros/jazzy/opt/gz_tools_vendor/lib:/opt/ros/jazzy/opt/gz_ogre_next_vendor/lib:/opt/ros/jazzy/opt/gz_dartsim_vendor/lib:/opt/ros/jazzy/opt/gz_cmake_vendor/lib:/opt/ros/jazzy/lib', 'HOME': '/home/airlab', 'OLDPWD': '/home/airlab', 'DESKTOP_SESSION': 'ubuntu-wayland', 'ROS_PYTHON_VERSION': '3', 'GNOME_SHELL_SESSION_MODE': 'ubuntu', 'GTK_MODULES': 'gail:atk-bridge', 'LC_MONETARY': 'en_US.UTF-8', 'SYSTEMD_EXEC_PID': '3122', 'GSM_SKIP_SSH_AGENT_WORKAROUND': 'true', 'DBUS_SESSION_BUS_ADDRESS': 'unix:path=/run/user/1000/bus', 'COLORTERM': 'truecolor', 'CARLA_ROOT': '/home/airlab/carla', '_colcon_cd_root': '/home/airlab/ros2_ws', 'DEBUGINFOD_URLS': 'https://debuginfod.ubuntu.com', 'IM_CONFIG_PHASE': '1', 'WAYLAND_DISPLAY': 'wayland-0', 'ROS_DISTRO': 'jazzy', 'LOGNAME': 'airlab', '_': '/usr/bin/colcon', 'ROS_VERSION': '2', 'MEMORY_PRESSURE_WATCH': '/sys/fs/cgroup/user.slice/user-1000.slice/user@1000.service/session.slice/org.gnome.Shell@wayland.service/memory.pressure', 'XDG_SESSION_CLASS': 'user', 'USERNAME': 'airlab', 'TERM': 'xterm-256color', 'GNOME_DESKTOP_SESSION_ID': 'this-is-deprecated', 'PATH': '/opt/ros/jazzy/opt/gz_msgs_vendor/bin:/opt/ros/jazzy/opt/gz_tools_vendor/bin:/opt/ros/jazzy/opt/gz_ogre_next_vendor/bin:/opt/ros/jazzy/bin:/home/airlab/.local/bin:/usr/local/sbin:/usr/local/bin:/usr/sbin:/usr/bin:/sbin:/bin:/usr/games:/usr/local/games:/snap/bin:/snap/bin:/home/airlab/.local/bin:/home/airlab/.local/bin', 'SESSION_MANAGER': 'local/airlab:@/tmp/.ICE-unix/3090,unix/airlab:/tmp/.ICE-unix/3090', 'FASTRTPS_DEFAULT_PROFILES_FILE': '/home/airlab/carla/PythonAPI/examples/ros2/config/fastrtps-profile.xml', 'PAPERSIZE': 'letter', 'XDG_MENU_PREFIX': 'gnome-', 'LC_ADDRESS': 'en_US.UTF-8', 'GNOME_TERMINAL_SCREEN': '/org/gnome/Terminal/screen/d7ad561e_c2a3_4fcc_8b0c_40796bcc1549', 'GNOME_SETUP_DISPLAY': ':2', 'XDG_RUNTIME_DIR': '/run/user/1000', 'DISPLAY': ':1', 'LANG': 'en_US.UTF-8', 'XDG_CURRENT_DESKTOP': 'ubuntu:GNOME', 'LC_TELEPHONE': 'en_US.UTF-8', 'RMW_IMPLEMENTATION': 'rmw_fastrtps_cpp', 'XMODIFIERS': '@im=ibus', 'XDG_SESSION_DESKTOP': 'ubuntu-wayland', 'XAUTHORITY': '/run/user/1000/.mutter-Xwaylandauth.1GWMK3', 'LS_COLORS': 'rs=0:di=01;34:ln=01;36:mh=00:pi=40;33:so=01;35:do=01;35:bd=40;33;01:cd=40;33;01:or=40;31;01:mi=00:su=37;41:sg=30;43:ca=00:tw=30;42:ow=34;42:st=37;44:ex=01;32:*.tar=01;31:*.tgz=01;31:*.arc=01;31:*.arj=01;31:*.taz=01;31:*.lha=01;31:*.lz4=01;31:*.lzh=01;31:*.lzma=01;31:*.tlz=01;31:*.txz=01;31:*.tzo=01;31:*.t7z=01;31:*.zip=01;31:*.z=01;31:*.dz=01;31:*.gz=01;31:*.lrz=01;31:*.lz=01;31:*.lzo=01;31:*.xz=01;31:*.zst=01;31:*.tzst=01;31:*.bz2=01;31:*.bz=01;31:*.tbz=01;31:*.tbz2=01;31:*.tz=01;31:*.deb=01;31:*.rpm=01;31:*.jar=01;31:*.war=01;31:*.ear=01;31:*.sar=01;31:*.rar=01;31:*.alz=01;31:*.ace=01;31:*.zoo=01;31:*.cpio=01;31:*.7z=01;31:*.rz=01;31:*.cab=01;31:*.wim=01;31:*.swm=01;31:*.dwm=01;31:*.esd=01;31:*.avif=01;35:*.jpg=01;35:*.jpeg=01;35:*.mjpg=01;35:*.mjpeg=01;35:*.gif=01;35:*.bmp=01;35:*.pbm=01;35:*.pgm=01;35:*.ppm=01;35:*.tga=01;35:*.xbm=01;35:*.xpm=01;35:*.tif=01;35:*.tiff=01;35:*.png=01;35:*.svg=01;35:*.svgz=01;35:*.mng=01;35:*.pcx=01;35:*.mov=01;35:*.mpg=01;35:*.mpeg=01;35:*.m2v=01;35:*.mkv=01;35:*.webm=01;35:*.webp=01;35:*.ogm=01;35:*.mp4=01;35:*.m4v=01;35:*.mp4v=01;35:*.vob=01;35:*.qt=01;35:*.nuv=01;35:*.wmv=01;35:*.asf=01;35:*.rm=01;35:*.rmvb=01;35:*.flc=01;35:*.avi=01;35:*.fli=01;35:*.flv=01;35:*.gl=01;35:*.dl=01;35:*.xcf=01;35:*.xwd=01;35:*.yuv=01;35:*.cgm=01;35:*.emf=01;35:*.ogv=01;35:*.ogx=01;35:*.aac=00;36:*.au=00;36:*.flac=00;36:*.m4a=00;36:*.mid=00;36:*.midi=00;36:*.mka=00;36:*.mp3=00;36:*.mpc=00;36:*.ogg=00;36:*.ra=00;36:*.wav=00;36:*.oga=00;36:*.opus=00;36:*.spx=00;36:*.xspf=00;36:*~=00;90:*#=00;90:*.bak=00;90:*.crdownload=00;90:*.dpkg-dist=00;90:*.dpkg-new=00;90:*.dpkg-old=00;90:*.dpkg-tmp=00;90:*.old=00;90:*.orig=00;90:*.part=00;90:*.rej=00;90:*.rpmnew=00;90:*.rpmorig=00;90:*.rpmsave=00;90:*.swp=00;90:*.tmp=00;90:*.ucf-dist=00;90:*.ucf-new=00;90:*.ucf-old=00;90:', 'GNOME_TERMINAL_SERVICE': ':1.124', 'SSH_AUTH_SOCK': '/run/user/1000/keyring/ssh', 'AMENT_PREFIX_PATH': '/opt/ros/jazzy', 'SHELL': '/bin/bash', 'LC_NAME': 'en_US.UTF-8', 'QT_ACCESSIBILITY': '1', 'GDMSESSION': 'ubuntu-wayland', 'LESSCLOSE': '/usr/bin/lesspipe %s %s', 'LC_MEASUREMENT': 'en_US.UTF-8', 'LC_IDENTIFICATION': 'en_US.UTF-8', 'ROS_AUTOMATIC_DISCOVERY_RANGE': 'SUBNET', 'QT_IM_MODULE': 'ibus', 'PWD': '/home/airlab/ros2_ws/build/carla_msgs', 'LC_ALL': 'en_US.UTF-8', 'XDG_CONFIG_DIRS': '/etc/xdg/xdg-ubuntu-wayland:/etc/xdg', 'XDG_DATA_DIRS': '/usr/share/ubuntu-wayland:/usr/share/gnome:/usr/local/share/:/usr/share/:/var/lib/snapd/desktop', 'PYTHONPATH': '/opt/ros/jazzy/lib/python3.12/site-packages:/home/airlab/carla/carla_venv/lib/python3.12/site-packages:/home/airlab/carla/PythonAPI/carla/dist/carla-0.10.0-cp312-cp312-linux_x86_64.whl:/home/airlab/carla/PythonAPI/carla', 'LC_NUMERIC': 'en_US.UTF-8', 'LC_PAPER': 'en_US.UTF-8', 'COLCON': '1', 'MEMORY_PRESSURE_WRITE': 'c29tZSAyMDAwMDAgMjAwMDAwMAA=', 'VTE_VERSION': '7600', 'CMAKE_PREFIX_PATH': '/opt/ros/jazzy/opt/gz_sim_vendor:/opt/ros/jazzy/opt/gz_sensors_vendor:/opt/ros/jazzy/opt/gz_physics_vendor:/opt/ros/jazzy/opt/sdformat_vendor:/opt/ros/jazzy/opt/gz_gui_vendor:/opt/ros/jazzy/opt/gz_transport_vendor:/opt/ros/jazzy/opt/gz_rendering_vendor:/opt/ros/jazzy/opt/gz_plugin_vendor:/opt/ros/jazzy/opt/gz_fuel_tools_vendor:/opt/ros/jazzy/opt/gz_msgs_vendor:/opt/ros/jazzy/opt/gz_common_vendor:/opt/ros/jazzy/opt/gz_math_vendor:/opt/ros/jazzy/opt/gz_utils_vendor:/opt/ros/jazzy/opt/gz_tools_vendor:/opt/ros/jazzy/opt/gz_ogre_next_vendor:/opt/ros/jazzy/opt/gz_dartsim_vendor:/opt/ros/jazzy/opt/gz_cmake_vendor:/opt/ros/jazzy'}), 'shell': False}
[2.904823] (-) TimerEvent: {}
[2.944920] (carla_msgs) StdoutLine: {'line': b'[  0%] \x1b[34m\x1b[1mGenerating type hashes for ROS interfaces\x1b[0m\n'}
[2.949108] (carla_msgs) StdoutLine: {'line': b'[  0%] Built target ament_cmake_python_copy_carla_msgs\n'}
[3.004940] (-) TimerEvent: {}
[3.067075] (carla_msgs) StdoutLine: {'line': b'running egg_info\n'}
[3.077052] (carla_msgs) StdoutLine: {'line': b'creating carla_msgs.egg-info\n'}
[3.077118] (carla_msgs) StdoutLine: {'line': b'writing carla_msgs.egg-info/PKG-INFO\n'}
[3.077262] (carla_msgs) StdoutLine: {'line': b'writing dependency_links to carla_msgs.egg-info/dependency_links.txt\n'}
[3.077399] (carla_msgs) StdoutLine: {'line': b'writing top-level names to carla_msgs.egg-info/top_level.txt\n'}
[3.077457] (carla_msgs) StdoutLine: {'line': b"writing manifest file 'carla_msgs.egg-info/SOURCES.txt'\n"}
[3.105011] (-) TimerEvent: {}
[3.106617] (carla_msgs) StdoutLine: {'line': b"reading manifest file 'carla_msgs.egg-info/SOURCES.txt'\n"}
[3.107021] (carla_msgs) StdoutLine: {'line': b"writing manifest file 'carla_msgs.egg-info/SOURCES.txt'\n"}
[3.121599] (carla_msgs) StdoutLine: {'line': b'[  0%] Built target ament_cmake_python_build_carla_msgs_egg\n'}
[3.205137] (-) TimerEvent: {}
[3.305471] (-) TimerEvent: {}
[3.340248] (carla_msgs) StdoutLine: {'line': b'[  0%] Built target carla_msgs__rosidl_generator_type_description\n'}
[3.346778] (carla_msgs) StdoutLine: {'line': b'[  1%] \x1b[34m\x1b[1mGenerating C code for ROS interfaces\x1b[0m\n'}
[3.352209] (carla_msgs) StdoutLine: {'line': b'[  1%] \x1b[34m\x1b[1mGenerating C++ code for ROS interfaces\x1b[0m\n'}
[3.405600] (-) TimerEvent: {}
[3.505787] (-) TimerEvent: {}
[3.605932] (-) TimerEvent: {}
[3.706142] (-) TimerEvent: {}
[3.806342] (-) TimerEvent: {}
[3.906531] (-) TimerEvent: {}
[4.006720] (-) TimerEvent: {}
[4.036055] (carla_msgs) StdoutLine: {'line': b'[  1%] Built target carla_msgs__cpp\n'}
[4.106869] (-) TimerEvent: {}
[4.166880] (carla_msgs) StdoutLine: {'line': b'[  1%] \x1b[32mBuilding C object CMakeFiles/carla_msgs__rosidl_generator_c.dir/rosidl_generator_c/carla_msgs/msg/detail/carla_ego_vehicle_control__description.c.o\x1b[0m\n'}
[4.168897] (carla_msgs) StdoutLine: {'line': b'[  2%] \x1b[32mBuilding C object CMakeFiles/carla_msgs__rosidl_generator_c.dir/rosidl_generator_c/carla_msgs/msg/detail/carla_ego_vehicle_status__type_support.c.o\x1b[0m\n'}
[4.169340] (carla_msgs) StdoutLine: {'line': b'[  2%] \x1b[32mBuilding C object CMakeFiles/carla_msgs__rosidl_generator_c.dir/rosidl_generator_c/carla_msgs/msg/detail/carla_ego_vehicle_info_wheel__description.c.o\x1b[0m\n'}
[4.169430] (carla_msgs) StdoutLine: {'line': b'[  2%] \x1b[32mBuilding C object CMakeFiles/carla_msgs__rosidl_generator_c.dir/rosidl_generator_c/carla_msgs/msg/detail/carla_ego_vehicle_status__functions.c.o\x1b[0m\n'}
[4.169511] (carla_msgs) StdoutLine: {'line': b'[  2%] \x1b[32mBuilding C object CMakeFiles/carla_msgs__rosidl_generator_c.dir/rosidl_generator_c/carla_msgs/msg/detail/carla_ego_vehicle_info_wheel__functions.c.o\x1b[0m\n'}
[4.169587] (carla_msgs) StdoutLine: {'line': b'[  3%] \x1b[32mBuilding C object CMakeFiles/carla_msgs__rosidl_generator_c.dir/rosidl_generator_c/carla_msgs/msg/detail/carla_bounding_box__description.c.o\x1b[0m\n'}
[4.169648] (carla_msgs) StdoutLine: {'line': b'[  3%] \x1b[32mBuilding C object CMakeFiles/carla_msgs__rosidl_generator_c.dir/rosidl_generator_c/carla_msgs/msg/detail/carla_ego_vehicle_info_wheel__type_support.c.o\x1b[0m\n'}
[4.169743] (carla_msgs) StdoutLine: {'line': b'[  4%] \x1b[32mBuilding C object CMakeFiles/carla_msgs__rosidl_generator_c.dir/rosidl_generator_c/carla_msgs/msg/detail/carla_bounding_box__functions.c.o\x1b[0m\n'}
[4.169842] (carla_msgs) StdoutLine: {'line': b'[  4%] \x1b[32mBuilding C object CMakeFiles/carla_msgs__rosidl_generator_c.dir/rosidl_generator_c/carla_msgs/msg/detail/carla_bounding_box__type_support.c.o\x1b[0m\n'}
[4.169920] (carla_msgs) StdoutLine: {'line': b'[  4%] \x1b[32mBuilding C object CMakeFiles/carla_msgs__rosidl_generator_c.dir/rosidl_generator_c/carla_msgs/msg/detail/carla_ego_vehicle_control__type_support.c.o\x1b[0m\n'}
[4.170000] (carla_msgs) StdoutLine: {'line': b'[  5%] \x1b[32mBuilding C object CMakeFiles/carla_msgs__rosidl_generator_c.dir/rosidl_generator_c/carla_msgs/msg/detail/carla_ego_vehicle_info__description.c.o\x1b[0m\n'}
[4.170073] (carla_msgs) StdoutLine: {'line': b'[  5%] \x1b[32mBuilding C object CMakeFiles/carla_msgs__rosidl_generator_c.dir/rosidl_generator_c/carla_msgs/msg/detail/carla_ego_vehicle_control__functions.c.o\x1b[0m\n'}
[4.170196] (carla_msgs) StdoutLine: {'line': b'[  6%] \x1b[32mBuilding C object CMakeFiles/carla_msgs__rosidl_generator_c.dir/rosidl_generator_c/carla_msgs/msg/detail/carla_ego_vehicle_status__description.c.o\x1b[0m\n'}
[4.171538] (carla_msgs) StdoutLine: {'line': b'[  7%] \x1b[32mBuilding C object CMakeFiles/carla_msgs__rosidl_generator_c.dir/rosidl_generator_c/carla_msgs/msg/detail/carla_lane_invasion_event__description.c.o\x1b[0m\n'}
[4.171782] (carla_msgs) StdoutLine: {'line': b'[  8%] \x1b[32mBuilding C object CMakeFiles/carla_msgs__rosidl_generator_c.dir/rosidl_generator_c/carla_msgs/msg/detail/carla_ego_vehicle_info__type_support.c.o\x1b[0m\n'}
[4.171971] (carla_msgs) StdoutLine: {'line': b'[  8%] \x1b[32mBuilding C object CMakeFiles/carla_msgs__rosidl_generator_c.dir/rosidl_generator_c/carla_msgs/msg/detail/carla_ego_vehicle_info__functions.c.o\x1b[0m\n'}
[4.172310] (carla_msgs) StdoutLine: {'line': b'[  9%] \x1b[32mBuilding C object CMakeFiles/carla_msgs__rosidl_generator_c.dir/rosidl_generator_c/carla_msgs/msg/detail/carla_collision_event__description.c.o\x1b[0m\n'}
[4.172507] (carla_msgs) StdoutLine: {'line': b'[  9%] \x1b[32mBuilding C object CMakeFiles/carla_msgs__rosidl_generator_c.dir/rosidl_generator_c/carla_msgs/msg/detail/carla_lane_invasion_event__functions.c.o\x1b[0m\n'}
[4.172856] (carla_msgs) StdoutLine: {'line': b'[  9%] \x1b[32mBuilding C object CMakeFiles/carla_msgs__rosidl_generator_c.dir/rosidl_generator_c/carla_msgs/msg/detail/carla_collision_event__type_support.c.o\x1b[0m\n'}
[4.173034] (carla_msgs) StdoutLine: {'line': b'[  9%] \x1b[32mBuilding C object CMakeFiles/carla_msgs__rosidl_generator_c.dir/rosidl_generator_c/carla_msgs/msg/detail/carla_collision_event__functions.c.o\x1b[0m\n'}
[4.173632] (carla_msgs) StdoutLine: {'line': b'[ 10%] \x1b[32mBuilding C object CMakeFiles/carla_msgs__rosidl_generator_c.dir/rosidl_generator_c/carla_msgs/msg/detail/carla_lane_invasion_event__type_support.c.o\x1b[0m\n'}
[4.173786] (carla_msgs) StdoutLine: {'line': b'[ 10%] \x1b[32mBuilding C object CMakeFiles/carla_msgs__rosidl_generator_c.dir/rosidl_generator_c/carla_msgs/msg/detail/carla_world_info__description.c.o\x1b[0m\n'}
[4.173997] (carla_msgs) StdoutLine: {'line': b'[ 10%] \x1b[32mBuilding C object CMakeFiles/carla_msgs__rosidl_generator_c.dir/rosidl_generator_c/carla_msgs/msg/detail/carla_world_info__type_support.c.o\x1b[0m\n'}
[4.174064] (carla_msgs) StdoutLine: {'line': b'[ 11%] \x1b[32mBuilding C object CMakeFiles/carla_msgs__rosidl_generator_c.dir/rosidl_generator_c/carla_msgs/msg/detail/carla_world_info__functions.c.o\x1b[0m\n'}
[4.174112] (carla_msgs) StdoutLine: {'line': b'[ 11%] \x1b[32mBuilding C object CMakeFiles/carla_msgs__rosidl_generator_c.dir/rosidl_generator_c/carla_msgs/msg/detail/carla_actor_info__description.c.o\x1b[0m\n'}
[4.174157] (carla_msgs) StdoutLine: {'line': b'[ 12%] \x1b[32mBuilding C object CMakeFiles/carla_msgs__rosidl_generator_c.dir/rosidl_generator_c/carla_msgs/msg/detail/carla_actor_info__functions.c.o\x1b[0m\n'}
[4.174379] (carla_msgs) StdoutLine: {'line': b'[ 13%] \x1b[32mBuilding C object CMakeFiles/carla_msgs__rosidl_generator_c.dir/rosidl_generator_c/carla_msgs/msg/detail/carla_actor_list__type_support.c.o\x1b[0m\n'}
[4.174552] (carla_msgs) StdoutLine: {'line': b'[ 14%] \x1b[32mBuilding C object CMakeFiles/carla_msgs__rosidl_generator_c.dir/rosidl_generator_c/carla_msgs/msg/detail/carla_actor_list__description.c.o\x1b[0m\n'}
[4.174696] (carla_msgs) StdoutLine: {'line': b'[ 14%] \x1b[32mBuilding C object CMakeFiles/carla_msgs__rosidl_generator_c.dir/rosidl_generator_c/carla_msgs/msg/detail/carla_control__functions.c.o\x1b[0m\n'}
[4.174832] (carla_msgs) StdoutLine: {'line': b'[ 14%] \x1b[32mBuilding C object CMakeFiles/carla_msgs__rosidl_generator_c.dir/rosidl_generator_c/carla_msgs/msg/detail/carla_actor_list__functions.c.o\x1b[0m\n'}
[4.175154] (carla_msgs) StdoutLine: {'line': b'[ 14%] \x1b[32mBuilding C object CMakeFiles/carla_msgs__rosidl_generator_c.dir/rosidl_generator_c/carla_msgs/msg/detail/carla_control__description.c.o\x1b[0m\n'}
[4.176014] (carla_msgs) StdoutLine: {'line': b'[ 14%] \x1b[32mBuilding C object CMakeFiles/carla_msgs__rosidl_generator_c.dir/rosidl_generator_c/carla_msgs/msg/detail/carla_actor_info__type_support.c.o\x1b[0m\n'}
[4.205795] (carla_msgs) StdoutLine: {'line': b'[ 15%] \x1b[32mBuilding C object CMakeFiles/carla_msgs__rosidl_generator_c.dir/rosidl_generator_c/carla_msgs/msg/detail/carla_control__type_support.c.o\x1b[0m\n'}
[4.205972] (carla_msgs) StdoutLine: {'line': b'[ 15%] \x1b[32mBuilding C object CMakeFiles/carla_msgs__rosidl_generator_c.dir/rosidl_generator_c/carla_msgs/msg/detail/carla_status__description.c.o\x1b[0m\n'}
[4.206751] (carla_msgs) StdoutLine: {'line': b'[ 16%] \x1b[32mBuilding C object CMakeFiles/carla_msgs__rosidl_generator_c.dir/rosidl_generator_c/carla_msgs/msg/detail/carla_status__functions.c.o\x1b[0m\n'}
[4.206896] (-) TimerEvent: {}
[4.206964] (carla_msgs) StdoutLine: {'line': b'[ 16%] \x1b[32mBuilding C object CMakeFiles/carla_msgs__rosidl_generator_c.dir/rosidl_generator_c/carla_msgs/msg/detail/carla_status__type_support.c.o\x1b[0m\n'}
[4.207034] (carla_msgs) StdoutLine: {'line': b'[ 17%] \x1b[32mBuilding C object CMakeFiles/carla_msgs__rosidl_generator_c.dir/rosidl_generator_c/carla_msgs/msg/detail/carla_traffic_light_info__description.c.o\x1b[0m\n'}
[4.207095] (carla_msgs) StdoutLine: {'line': b'[ 17%] \x1b[32mBuilding C object CMakeFiles/carla_msgs__rosidl_generator_c.dir/rosidl_generator_c/carla_msgs/msg/detail/carla_traffic_light_info__functions.c.o\x1b[0m\n'}
[4.207168] (carla_msgs) StdoutLine: {'line': b'[ 17%] \x1b[32mBuilding C object CMakeFiles/carla_msgs__rosidl_generator_c.dir/rosidl_generator_c/carla_msgs/msg/detail/carla_traffic_light_info__type_support.c.o\x1b[0m\n'}
[4.207429] (carla_msgs) StdoutLine: {'line': b'[ 18%] \x1b[32mBuilding C object CMakeFiles/carla_msgs__rosidl_generator_c.dir/rosidl_generator_c/carla_msgs/msg/detail/carla_traffic_light_info_list__description.c.o\x1b[0m\n'}
[4.207711] (carla_msgs) StdoutLine: {'line': b'[ 18%] \x1b[32mBuilding C object CMakeFiles/carla_msgs__rosidl_generator_c.dir/rosidl_generator_c/carla_msgs/msg/detail/carla_traffic_light_info_list__functions.c.o\x1b[0m\n'}
[4.211256] (carla_msgs) StdoutLine: {'line': b'[ 18%] \x1b[32mBuilding C object CMakeFiles/carla_msgs__rosidl_generator_c.dir/rosidl_generator_c/carla_msgs/msg/detail/carla_traffic_light_status__type_support.c.o\x1b[0m\n'}
[4.212206] (carla_msgs) StdoutLine: {'line': b'[ 20%] \x1b[32mBuilding C object CMakeFiles/carla_msgs__rosidl_generator_c.dir/rosidl_generator_c/carla_msgs/msg/detail/carla_traffic_light_status__functions.c.o\x1b[0m\n'}
[4.212347] (carla_msgs) StdoutLine: {'line': b'[ 20%] \x1b[32mBuilding C object CMakeFiles/carla_msgs__rosidl_generator_c.dir/rosidl_generator_c/carla_msgs/msg/detail/carla_traffic_light_status__description.c.o\x1b[0m\n'}
[4.212403] (carla_msgs) StdoutLine: {'line': b'[ 20%] \x1b[32mBuilding C object CMakeFiles/carla_msgs__rosidl_generator_c.dir/rosidl_generator_c/carla_msgs/msg/detail/carla_traffic_light_info_list__type_support.c.o\x1b[0m\n'}
[4.215943] (carla_msgs) StdoutLine: {'line': b'[ 21%] \x1b[32mBuilding C object CMakeFiles/carla_msgs__rosidl_generator_c.dir/rosidl_generator_c/carla_msgs/msg/detail/carla_traffic_light_status_list__functions.c.o\x1b[0m\n'}
[4.216094] (carla_msgs) StdoutLine: {'line': b'[ 21%] \x1b[32mBuilding C object CMakeFiles/carla_msgs__rosidl_generator_c.dir/rosidl_generator_c/carla_msgs/msg/detail/carla_traffic_light_status_list__description.c.o\x1b[0m\n'}
[4.217726] (carla_msgs) StdoutLine: {'line': b'[ 22%] \x1b[32mBuilding C object CMakeFiles/carla_msgs__rosidl_generator_c.dir/rosidl_generator_c/carla_msgs/msg/detail/carla_traffic_light_status_list__type_support.c.o\x1b[0m\n'}
[4.217869] (carla_msgs) StdoutLine: {'line': b'[ 22%] \x1b[32mBuilding C object CMakeFiles/carla_msgs__rosidl_generator_c.dir/rosidl_generator_c/carla_msgs/msg/detail/carla_walker_control__description.c.o\x1b[0m\n'}
[4.218395] (carla_msgs) StdoutLine: {'line': b'[ 22%] \x1b[32mBuilding C object CMakeFiles/carla_msgs__rosidl_generator_c.dir/rosidl_generator_c/carla_msgs/msg/detail/carla_walker_control__functions.c.o\x1b[0m\n'}
[4.218709] (carla_msgs) StdoutLine: {'line': b'[ 22%] \x1b[32mBuilding C object CMakeFiles/carla_msgs__rosidl_generator_c.dir/rosidl_generator_c/carla_msgs/msg/detail/carla_weather_parameters__description.c.o\x1b[0m\n'}
[4.219364] (carla_msgs) StdoutLine: {'line': b'[ 22%] \x1b[32mBuilding C object CMakeFiles/carla_msgs__rosidl_generator_c.dir/rosidl_generator_c/carla_msgs/msg/detail/carla_weather_parameters__functions.c.o\x1b[0m\n'}
[4.219461] (carla_msgs) StdoutLine: {'line': b'[ 23%] \x1b[32mBuilding C object CMakeFiles/carla_msgs__rosidl_generator_c.dir/rosidl_generator_c/carla_msgs/msg/detail/carla_walker_control__type_support.c.o\x1b[0m\n'}
[4.222927] (carla_msgs) StdoutLine: {'line': b'[ 25%] \x1b[32mBuilding C object CMakeFiles/carla_msgs__rosidl_generator_c.dir/rosidl_generator_c/carla_msgs/srv/detail/spawn_object__functions.c.o\x1b[0m\n'}
[4.223115] (carla_msgs) StdoutLine: {'line': b'[ 25%] \x1b[32mBuilding C object CMakeFiles/carla_msgs__rosidl_generator_c.dir/rosidl_generator_c/carla_msgs/msg/detail/carla_weather_parameters__type_support.c.o\x1b[0m\n'}
[4.223172] (carla_msgs) StdoutLine: {'line': b'[ 25%] \x1b[32mBuilding C object CMakeFiles/carla_msgs__rosidl_generator_c.dir/rosidl_generator_c/carla_msgs/srv/detail/spawn_object__type_support.c.o\x1b[0m\n'}
[4.223222] (carla_msgs) StdoutLine: {'line': b'[ 26%] \x1b[32mBuilding C object CMakeFiles/carla_msgs__rosidl_generator_c.dir/rosidl_generator_c/carla_msgs/srv/detail/destroy_object__description.c.o\x1b[0m\n'}
[4.223272] (carla_msgs) StdoutLine: {'line': b'[ 26%] \x1b[32mBuilding C object CMakeFiles/carla_msgs__rosidl_generator_c.dir/rosidl_generator_c/carla_msgs/srv/detail/destroy_object__functions.c.o\x1b[0m\n'}
[4.223322] (carla_msgs) StdoutLine: {'line': b'[ 26%] \x1b[32mBuilding C object CMakeFiles/carla_msgs__rosidl_generator_c.dir/rosidl_generator_c/carla_msgs/srv/detail/spawn_object__description.c.o\x1b[0m\n'}
[4.224399] (carla_msgs) StdoutLine: {'line': b'[ 26%] \x1b[32mBuilding C object CMakeFiles/carla_msgs__rosidl_generator_c.dir/rosidl_generator_c/carla_msgs/srv/detail/get_blueprints__functions.c.o\x1b[0m\n'}
[4.224559] (carla_msgs) StdoutLine: {'line': b'[ 26%] \x1b[32mBuilding C object CMakeFiles/carla_msgs__rosidl_generator_c.dir/rosidl_generator_c/carla_msgs/srv/detail/destroy_object__type_support.c.o\x1b[0m\n'}
[4.224615] (carla_msgs) StdoutLine: {'line': b'[ 27%] \x1b[32mBuilding C object CMakeFiles/carla_msgs__rosidl_generator_c.dir/rosidl_generator_c/carla_msgs/srv/detail/get_blueprints__description.c.o\x1b[0m\n'}
[4.225273] (carla_msgs) StdoutLine: {'line': b'[ 28%] \x1b[32mBuilding C object CMakeFiles/carla_msgs__rosidl_generator_c.dir/rosidl_generator_c/carla_msgs/srv/detail/get_blueprints__type_support.c.o\x1b[0m\n'}
[4.269344] (carla_msgs) StdoutLine: {'line': b'[ 28%] \x1b[32m\x1b[1mLinking C shared library libcarla_msgs__rosidl_generator_c.so\x1b[0m\n'}
[4.304845] (carla_msgs) StdoutLine: {'line': b'[ 28%] Built target carla_msgs__rosidl_generator_c\n'}
[4.306983] (-) TimerEvent: {}
[4.312687] (carla_msgs) StdoutLine: {'line': b'[ 28%] \x1b[34m\x1b[1mGenerating C++ type support dispatch for ROS interfaces\x1b[0m\n'}
[4.314560] (carla_msgs) StdoutLine: {'line': b'[ 29%] \x1b[34m\x1b[1mGenerating C type support for eProsima Fast-RTPS\x1b[0m\n'}
[4.314639] (carla_msgs) StdoutLine: {'line': b'[ 29%] \x1b[34m\x1b[1mGenerating C++ introspection for ROS interfaces\x1b[0m\n'}
[4.314682] (carla_msgs) StdoutLine: {'line': b'[ 29%] \x1b[34m\x1b[1mGenerating C type support dispatch for ROS interfaces\x1b[0m\n'}
[4.314738] (carla_msgs) StdoutLine: {'line': b'[ 30%] \x1b[34m\x1b[1mGenerating C++ type support for eProsima Fast-RTPS\x1b[0m\n'}
[4.314858] (carla_msgs) StdoutLine: {'line': b'[ 31%] \x1b[34m\x1b[1mGenerating C introspection for ROS interfaces\x1b[0m\n'}
[4.407067] (-) TimerEvent: {}
[4.507246] (-) TimerEvent: {}
[4.607428] (-) TimerEvent: {}
[4.707609] (-) TimerEvent: {}
[4.787682] (carla_msgs) StdoutLine: {'line': b'[ 31%] \x1b[32mBuilding CXX object CMakeFiles/carla_msgs__rosidl_typesupport_c.dir/rosidl_typesupport_c/carla_msgs/msg/carla_ego_vehicle_control__type_support.cpp.o\x1b[0m\n'}
[4.787830] (carla_msgs) StdoutLine: {'line': b'[ 31%] \x1b[32mBuilding CXX object CMakeFiles/carla_msgs__rosidl_typesupport_c.dir/rosidl_typesupport_c/carla_msgs/msg/carla_lane_invasion_event__type_support.cpp.o\x1b[0m\n'}
[4.787884] (carla_msgs) StdoutLine: {'line': b'[ 32%] \x1b[32mBuilding CXX object CMakeFiles/carla_msgs__rosidl_typesupport_c.dir/rosidl_typesupport_c/carla_msgs/msg/carla_bounding_box__type_support.cpp.o\x1b[0m\n'}
[4.787922] (carla_msgs) StdoutLine: {'line': b'[ 33%] \x1b[32mBuilding CXX object CMakeFiles/carla_msgs__rosidl_typesupport_c.dir/rosidl_typesupport_c/carla_msgs/msg/carla_actor_list__type_support.cpp.o\x1b[0m\n'}
[4.787951] (carla_msgs) StdoutLine: {'line': b'[ 33%] \x1b[32mBuilding CXX object CMakeFiles/carla_msgs__rosidl_typesupport_c.dir/rosidl_typesupport_c/carla_msgs/msg/carla_collision_event__type_support.cpp.o\x1b[0m\n'}
[4.787978] (carla_msgs) StdoutLine: {'line': b'[ 33%] \x1b[32mBuilding CXX object CMakeFiles/carla_msgs__rosidl_typesupport_c.dir/rosidl_typesupport_c/carla_msgs/msg/carla_ego_vehicle_info_wheel__type_support.cpp.o\x1b[0m\n'}
[4.788006] (carla_msgs) StdoutLine: {'line': b'[ 34%] \x1b[32mBuilding CXX object CMakeFiles/carla_msgs__rosidl_typesupport_c.dir/rosidl_typesupport_c/carla_msgs/msg/carla_ego_vehicle_status__type_support.cpp.o\x1b[0m\n'}
[4.788032] (carla_msgs) StdoutLine: {'line': b'[ 35%] \x1b[32mBuilding CXX object CMakeFiles/carla_msgs__rosidl_typesupport_c.dir/rosidl_typesupport_c/carla_msgs/msg/carla_status__type_support.cpp.o\x1b[0m\n'}
[4.788059] (carla_msgs) StdoutLine: {'line': b'[ 36%] \x1b[32mBuilding CXX object CMakeFiles/carla_msgs__rosidl_typesupport_c.dir/rosidl_typesupport_c/carla_msgs/msg/carla_ego_vehicle_info__type_support.cpp.o\x1b[0m\n'}
[4.788301] (carla_msgs) StdoutLine: {'line': b'[ 37%] \x1b[32mBuilding CXX object CMakeFiles/carla_msgs__rosidl_typesupport_c.dir/rosidl_typesupport_c/carla_msgs/msg/carla_world_info__type_support.cpp.o\x1b[0m\n'}
[4.788425] (carla_msgs) StdoutLine: {'line': b'[ 37%] \x1b[32mBuilding CXX object CMakeFiles/carla_msgs__rosidl_typesupport_c.dir/rosidl_typesupport_c/carla_msgs/msg/carla_traffic_light_info_list__type_support.cpp.o\x1b[0m\n'}
[4.788545] (carla_msgs) StdoutLine: {'line': b'[ 37%] \x1b[32mBuilding CXX object CMakeFiles/carla_msgs__rosidl_typesupport_c.dir/rosidl_typesupport_c/carla_msgs/msg/carla_actor_info__type_support.cpp.o\x1b[0m\n'}
[4.790089] (carla_msgs) StdoutLine: {'line': b'[ 38%] \x1b[32mBuilding CXX object CMakeFiles/carla_msgs__rosidl_typesupport_cpp.dir/rosidl_typesupport_cpp/carla_msgs/msg/carla_collision_event__type_support.cpp.o\x1b[0m\n'}
[4.790225] (carla_msgs) StdoutLine: {'line': b'[ 39%] \x1b[32mBuilding CXX object CMakeFiles/carla_msgs__rosidl_typesupport_c.dir/rosidl_typesupport_c/carla_msgs/msg/carla_walker_control__type_support.cpp.o\x1b[0m\n'}
[4.790309] (carla_msgs) StdoutLine: {'line': b'[ 39%] \x1b[32mBuilding CXX object CMakeFiles/carla_msgs__rosidl_typesupport_c.dir/rosidl_typesupport_c/carla_msgs/msg/carla_control__type_support.cpp.o\x1b[0m\n'}
[4.790451] (carla_msgs) StdoutLine: {'line': b'[ 40%] \x1b[32mBuilding CXX object CMakeFiles/carla_msgs__rosidl_typesupport_c.dir/rosidl_typesupport_c/carla_msgs/msg/carla_weather_parameters__type_support.cpp.o\x1b[0m\n'}
[4.790526] (carla_msgs) StdoutLine: {'line': b'[ 40%] \x1b[32mBuilding CXX object CMakeFiles/carla_msgs__rosidl_typesupport_c.dir/rosidl_typesupport_c/carla_msgs/msg/carla_traffic_light_status__type_support.cpp.o\x1b[0m\n'}
[4.790595] (carla_msgs) StdoutLine: {'line': b'[ 40%] \x1b[32mBuilding CXX object CMakeFiles/carla_msgs__rosidl_typesupport_cpp.dir/rosidl_typesupport_cpp/carla_msgs/msg/carla_ego_vehicle_info__type_support.cpp.o\x1b[0m\n'}
[4.790663] (carla_msgs) StdoutLine: {'line': b'[ 40%] \x1b[32mBuilding CXX object CMakeFiles/carla_msgs__rosidl_typesupport_cpp.dir/rosidl_typesupport_cpp/carla_msgs/msg/carla_lane_invasion_event__type_support.cpp.o\x1b[0m\n'}
[4.790729] (carla_msgs) StdoutLine: {'line': b'[ 41%] \x1b[32mBuilding CXX object CMakeFiles/carla_msgs__rosidl_typesupport_c.dir/rosidl_typesupport_c/carla_msgs/msg/carla_traffic_light_info__type_support.cpp.o\x1b[0m\n'}
[4.790795] (carla_msgs) StdoutLine: {'line': b'[ 41%] \x1b[32mBuilding CXX object CMakeFiles/carla_msgs__rosidl_typesupport_cpp.dir/rosidl_typesupport_cpp/carla_msgs/msg/carla_bounding_box__type_support.cpp.o\x1b[0m\n'}
[4.790866] (carla_msgs) StdoutLine: {'line': b'[ 41%] \x1b[32mBuilding CXX object CMakeFiles/carla_msgs__rosidl_typesupport_cpp.dir/rosidl_typesupport_cpp/carla_msgs/msg/carla_ego_vehicle_control__type_support.cpp.o\x1b[0m\n'}
[4.790943] (carla_msgs) StdoutLine: {'line': b'[ 41%] \x1b[32mBuilding CXX object CMakeFiles/carla_msgs__rosidl_typesupport_c.dir/rosidl_typesupport_c/carla_msgs/msg/carla_traffic_light_status_list__type_support.cpp.o\x1b[0m\n'}
[4.791010] (carla_msgs) StdoutLine: {'line': b'[ 41%] \x1b[32mBuilding CXX object CMakeFiles/carla_msgs__rosidl_typesupport_cpp.dir/rosidl_typesupport_cpp/carla_msgs/msg/carla_ego_vehicle_info_wheel__type_support.cpp.o\x1b[0m\n'}
[4.791078] (carla_msgs) StdoutLine: {'line': b'[ 43%] \x1b[32mBuilding CXX object CMakeFiles/carla_msgs__rosidl_typesupport_cpp.dir/rosidl_typesupport_cpp/carla_msgs/msg/carla_ego_vehicle_status__type_support.cpp.o\x1b[0m\n'}
[4.791143] (carla_msgs) StdoutLine: {'line': b'[ 43%] \x1b[32mBuilding CXX object CMakeFiles/carla_msgs__rosidl_typesupport_c.dir/rosidl_typesupport_c/carla_msgs/srv/spawn_object__type_support.cpp.o\x1b[0m\n'}
[4.791210] (carla_msgs) StdoutLine: {'line': b'[ 43%] \x1b[32mBuilding CXX object CMakeFiles/carla_msgs__rosidl_typesupport_c.dir/rosidl_typesupport_c/carla_msgs/srv/get_blueprints__type_support.cpp.o\x1b[0m\n'}
[4.791358] (carla_msgs) StdoutLine: {'line': b'[ 43%] \x1b[32mBuilding CXX object CMakeFiles/carla_msgs__rosidl_typesupport_c.dir/rosidl_typesupport_c/carla_msgs/srv/destroy_object__type_support.cpp.o\x1b[0m\n'}
[4.808639] (-) TimerEvent: {}
[4.817849] (carla_msgs) StdoutLine: {'line': b'[ 44%] \x1b[32mBuilding CXX object CMakeFiles/carla_msgs__rosidl_typesupport_cpp.dir/rosidl_typesupport_cpp/carla_msgs/msg/carla_actor_list__type_support.cpp.o\x1b[0m\n'}
[4.818033] (carla_msgs) StdoutLine: {'line': b'[ 44%] \x1b[32mBuilding CXX object CMakeFiles/carla_msgs__rosidl_typesupport_cpp.dir/rosidl_typesupport_cpp/carla_msgs/msg/carla_world_info__type_support.cpp.o\x1b[0m\n'}
[4.818216] (carla_msgs) StdoutLine: {'line': b'[ 44%] \x1b[32mBuilding CXX object CMakeFiles/carla_msgs__rosidl_typesupport_cpp.dir/rosidl_typesupport_cpp/carla_msgs/msg/carla_traffic_light_info_list__type_support.cpp.o\x1b[0m\n'}
[4.818330] (carla_msgs) StdoutLine: {'line': b'[ 45%] \x1b[32mBuilding CXX object CMakeFiles/carla_msgs__rosidl_typesupport_cpp.dir/rosidl_typesupport_cpp/carla_msgs/msg/carla_traffic_light_info__type_support.cpp.o\x1b[0m\n'}
[4.818756] (carla_msgs) StdoutLine: {'line': b'[ 45%] \x1b[32mBuilding CXX object CMakeFiles/carla_msgs__rosidl_typesupport_cpp.dir/rosidl_typesupport_cpp/carla_msgs/msg/carla_actor_info__type_support.cpp.o\x1b[0m\n'}
[4.819097] (carla_msgs) StdoutLine: {'line': b'[ 46%] \x1b[32mBuilding CXX object CMakeFiles/carla_msgs__rosidl_typesupport_cpp.dir/rosidl_typesupport_cpp/carla_msgs/msg/carla_control__type_support.cpp.o\x1b[0m\n'}
[4.819404] (carla_msgs) StdoutLine: {'line': b'[ 46%] \x1b[32mBuilding CXX object CMakeFiles/carla_msgs__rosidl_typesupport_cpp.dir/rosidl_typesupport_cpp/carla_msgs/msg/carla_status__type_support.cpp.o\x1b[0m\n'}
[4.819702] (carla_msgs) StdoutLine: {'line': b'[ 47%] \x1b[32mBuilding CXX object CMakeFiles/carla_msgs__rosidl_typesupport_cpp.dir/rosidl_typesupport_cpp/carla_msgs/msg/carla_weather_parameters__type_support.cpp.o\x1b[0m\n'}
[4.819835] (carla_msgs) StdoutLine: {'line': b'[ 47%] \x1b[32mBuilding CXX object CMakeFiles/carla_msgs__rosidl_typesupport_cpp.dir/rosidl_typesupport_cpp/carla_msgs/srv/spawn_object__type_support.cpp.o\x1b[0m\n'}
[4.820021] (carla_msgs) StdoutLine: {'line': b'[ 48%] \x1b[32mBuilding CXX object CMakeFiles/carla_msgs__rosidl_typesupport_cpp.dir/rosidl_typesupport_cpp/carla_msgs/msg/carla_traffic_light_status__type_support.cpp.o\x1b[0m\n'}
[4.820249] (carla_msgs) StdoutLine: {'line': b'[ 49%] \x1b[32mBuilding CXX object CMakeFiles/carla_msgs__rosidl_typesupport_cpp.dir/rosidl_typesupport_cpp/carla_msgs/srv/destroy_object__type_support.cpp.o\x1b[0m\n'}
[4.820340] (carla_msgs) StdoutLine: {'line': b'[ 49%] \x1b[32mBuilding CXX object CMakeFiles/carla_msgs__rosidl_typesupport_cpp.dir/rosidl_typesupport_cpp/carla_msgs/msg/carla_traffic_light_status_list__type_support.cpp.o\x1b[0m\n'}
[4.820517] (carla_msgs) StdoutLine: {'line': b'[ 49%] \x1b[32mBuilding CXX object CMakeFiles/carla_msgs__rosidl_typesupport_cpp.dir/rosidl_typesupport_cpp/carla_msgs/msg/carla_walker_control__type_support.cpp.o\x1b[0m\n'}
[4.821839] (carla_msgs) StdoutLine: {'line': b'[ 49%] \x1b[32mBuilding CXX object CMakeFiles/carla_msgs__rosidl_typesupport_cpp.dir/rosidl_typesupport_cpp/carla_msgs/srv/get_blueprints__type_support.cpp.o\x1b[0m\n'}
[4.829012] (carla_msgs) StdoutLine: {'line': b'[ 50%] \x1b[32m\x1b[1mLinking CXX shared library libcarla_msgs__rosidl_typesupport_c.so\x1b[0m\n'}
[4.867737] (carla_msgs) StdoutLine: {'line': b'[ 50%] Built target carla_msgs__rosidl_typesupport_c\n'}
[4.908845] (-) TimerEvent: {}
[4.957094] (carla_msgs) StdoutLine: {'line': b'[ 50%] \x1b[32mBuilding CXX object CMakeFiles/carla_msgs__rosidl_typesupport_introspection_cpp.dir/rosidl_typesupport_introspection_cpp/carla_msgs/msg/detail/carla_bounding_box__type_support.cpp.o\x1b[0m\n'}
[4.957285] (carla_msgs) StdoutLine: {'line': b'[ 51%] \x1b[32mBuilding CXX object CMakeFiles/carla_msgs__rosidl_typesupport_introspection_cpp.dir/rosidl_typesupport_introspection_cpp/carla_msgs/msg/detail/carla_ego_vehicle_control__type_support.cpp.o\x1b[0m\n'}
[4.957364] (carla_msgs) StdoutLine: {'line': b'[ 51%] \x1b[32mBuilding CXX object CMakeFiles/carla_msgs__rosidl_typesupport_introspection_cpp.dir/rosidl_typesupport_introspection_cpp/carla_msgs/msg/detail/carla_ego_vehicle_status__type_support.cpp.o\x1b[0m\n'}
[4.957445] (carla_msgs) StdoutLine: {'line': b'[ 51%] \x1b[32mBuilding CXX object CMakeFiles/carla_msgs__rosidl_typesupport_introspection_cpp.dir/rosidl_typesupport_introspection_cpp/carla_msgs/msg/detail/carla_ego_vehicle_info_wheel__type_support.cpp.o\x1b[0m\n'}
[4.966004] (carla_msgs) StdoutLine: {'line': b'[ 52%] \x1b[32mBuilding CXX object CMakeFiles/carla_msgs__rosidl_typesupport_introspection_cpp.dir/rosidl_typesupport_introspection_cpp/carla_msgs/msg/detail/carla_ego_vehicle_info__type_support.cpp.o\x1b[0m\n'}
[4.968227] (carla_msgs) StdoutLine: {'line': b'[ 53%] \x1b[32mBuilding CXX object CMakeFiles/carla_msgs__rosidl_typesupport_introspection_cpp.dir/rosidl_typesupport_introspection_cpp/carla_msgs/msg/detail/carla_lane_invasion_event__type_support.cpp.o\x1b[0m\n'}
[4.972606] (carla_msgs) StdoutLine: {'line': b'[ 53%] \x1b[32mBuilding CXX object CMakeFiles/carla_msgs__rosidl_typesupport_introspection_cpp.dir/rosidl_typesupport_introspection_cpp/carla_msgs/msg/detail/carla_collision_event__type_support.cpp.o\x1b[0m\n'}
[4.989308] (carla_msgs) StdoutLine: {'line': b'[ 53%] \x1b[32mBuilding CXX object CMakeFiles/carla_msgs__rosidl_typesupport_introspection_cpp.dir/rosidl_typesupport_introspection_cpp/carla_msgs/msg/detail/carla_world_info__type_support.cpp.o\x1b[0m\n'}
[4.989721] (carla_msgs) StdoutLine: {'line': b'[ 53%] \x1b[32mBuilding CXX object CMakeFiles/carla_msgs__rosidl_typesupport_introspection_cpp.dir/rosidl_typesupport_introspection_cpp/carla_msgs/msg/detail/carla_actor_info__type_support.cpp.o\x1b[0m\n'}
[4.993419] (carla_msgs) StdoutLine: {'line': b'[ 54%] \x1b[32mBuilding CXX object CMakeFiles/carla_msgs__rosidl_typesupport_introspection_cpp.dir/rosidl_typesupport_introspection_cpp/carla_msgs/msg/detail/carla_actor_list__type_support.cpp.o\x1b[0m\n'}
[4.994527] (carla_msgs) StdoutLine: {'line': b'[ 54%] \x1b[32mBuilding CXX object CMakeFiles/carla_msgs__rosidl_typesupport_introspection_cpp.dir/rosidl_typesupport_introspection_cpp/carla_msgs/msg/detail/carla_control__type_support.cpp.o\x1b[0m\n'}
[4.996403] (carla_msgs) StdoutLine: {'line': b'[ 55%] \x1b[32mBuilding CXX object CMakeFiles/carla_msgs__rosidl_typesupport_introspection_cpp.dir/rosidl_typesupport_introspection_cpp/carla_msgs/msg/detail/carla_status__type_support.cpp.o\x1b[0m\n'}
[5.008933] (-) TimerEvent: {}
[5.030547] (carla_msgs) StdoutLine: {'line': b'[ 55%] \x1b[32mBuilding CXX object CMakeFiles/carla_msgs__rosidl_typesupport_introspection_cpp.dir/rosidl_typesupport_introspection_cpp/carla_msgs/msg/detail/carla_traffic_light_info__type_support.cpp.o\x1b[0m\n'}
[5.034648] (carla_msgs) StdoutLine: {'line': b'[ 56%] \x1b[32mBuilding CXX object CMakeFiles/carla_msgs__rosidl_typesupport_introspection_cpp.dir/rosidl_typesupport_introspection_cpp/carla_msgs/msg/detail/carla_traffic_light_info_list__type_support.cpp.o\x1b[0m\n'}
[5.046669] (carla_msgs) StdoutLine: {'line': b'[ 56%] \x1b[32mBuilding C object CMakeFiles/carla_msgs__rosidl_typesupport_introspection_c.dir/rosidl_typesupport_introspection_c/carla_msgs/msg/detail/carla_bounding_box__type_support.c.o\x1b[0m\n'}
[5.050834] (carla_msgs) StdoutLine: {'line': b'[ 57%] \x1b[32mBuilding C object CMakeFiles/carla_msgs__rosidl_typesupport_introspection_c.dir/rosidl_typesupport_introspection_c/carla_msgs/msg/detail/carla_ego_vehicle_control__type_support.c.o\x1b[0m\n'}
[5.059594] (carla_msgs) StdoutLine: {'line': b'[ 57%] \x1b[32mBuilding C object CMakeFiles/carla_msgs__rosidl_typesupport_introspection_c.dir/rosidl_typesupport_introspection_c/carla_msgs/msg/detail/carla_ego_vehicle_status__type_support.c.o\x1b[0m\n'}
[5.060573] (carla_msgs) StdoutLine: {'line': b'[ 57%] \x1b[32mBuilding CXX object CMakeFiles/carla_msgs__rosidl_typesupport_introspection_cpp.dir/rosidl_typesupport_introspection_cpp/carla_msgs/msg/detail/carla_traffic_light_status__type_support.cpp.o\x1b[0m\n'}
[5.061459] (carla_msgs) StdoutLine: {'line': b'[ 57%] \x1b[32mBuilding CXX object CMakeFiles/carla_msgs__rosidl_typesupport_introspection_cpp.dir/rosidl_typesupport_introspection_cpp/carla_msgs/msg/detail/carla_traffic_light_status_list__type_support.cpp.o\x1b[0m\n'}
[5.071527] (carla_msgs) StdoutLine: {'line': b'[ 57%] \x1b[32mBuilding C object CMakeFiles/carla_msgs__rosidl_typesupport_introspection_c.dir/rosidl_typesupport_introspection_c/carla_msgs/msg/detail/carla_ego_vehicle_info_wheel__type_support.c.o\x1b[0m\n'}
[5.074085] (carla_msgs) StdoutLine: {'line': b'[ 58%] \x1b[32mBuilding C object CMakeFiles/carla_msgs__rosidl_typesupport_introspection_c.dir/rosidl_typesupport_introspection_c/carla_msgs/msg/detail/carla_ego_vehicle_info__type_support.c.o\x1b[0m\n'}
[5.076408] (carla_msgs) StdoutLine: {'line': b'[ 59%] \x1b[32mBuilding C object CMakeFiles/carla_msgs__rosidl_typesupport_introspection_c.dir/rosidl_typesupport_introspection_c/carla_msgs/msg/detail/carla_lane_invasion_event__type_support.c.o\x1b[0m\n'}
[5.077046] (carla_msgs) StdoutLine: {'line': b'[ 60%] \x1b[32mBuilding CXX object CMakeFiles/carla_msgs__rosidl_typesupport_introspection_cpp.dir/rosidl_typesupport_introspection_cpp/carla_msgs/msg/detail/carla_walker_control__type_support.cpp.o\x1b[0m\n'}
[5.077178] (carla_msgs) StdoutLine: {'line': b'[ 60%] \x1b[32mBuilding C object CMakeFiles/carla_msgs__rosidl_typesupport_introspection_c.dir/rosidl_typesupport_introspection_c/carla_msgs/msg/detail/carla_collision_event__type_support.c.o\x1b[0m\n'}
[5.077268] (carla_msgs) StdoutLine: {'line': b'[ 60%] \x1b[32mBuilding C object CMakeFiles/carla_msgs__rosidl_typesupport_introspection_c.dir/rosidl_typesupport_introspection_c/carla_msgs/msg/detail/carla_world_info__type_support.c.o\x1b[0m\n'}
[5.078832] (carla_msgs) StdoutLine: {'line': b'[ 60%] \x1b[32mBuilding CXX object CMakeFiles/carla_msgs__rosidl_typesupport_introspection_cpp.dir/rosidl_typesupport_introspection_cpp/carla_msgs/msg/detail/carla_weather_parameters__type_support.cpp.o\x1b[0m\n'}
[5.078962] (carla_msgs) StdoutLine: {'line': b'[ 61%] \x1b[32mBuilding C object CMakeFiles/carla_msgs__rosidl_typesupport_introspection_c.dir/rosidl_typesupport_introspection_c/carla_msgs/msg/detail/carla_actor_info__type_support.c.o\x1b[0m\n'}
[5.079872] (carla_msgs) StdoutLine: {'line': b'[ 62%] \x1b[32mBuilding CXX object CMakeFiles/carla_msgs__rosidl_typesupport_introspection_cpp.dir/rosidl_typesupport_introspection_cpp/carla_msgs/srv/detail/spawn_object__type_support.cpp.o\x1b[0m\n'}
[5.079996] (carla_msgs) StdoutLine: {'line': b'[ 62%] \x1b[32mBuilding CXX object CMakeFiles/carla_msgs__rosidl_typesupport_introspection_cpp.dir/rosidl_typesupport_introspection_cpp/carla_msgs/srv/detail/destroy_object__type_support.cpp.o\x1b[0m\n'}
[5.084630] (carla_msgs) StdoutLine: {'line': b'[ 63%] \x1b[32mBuilding CXX object CMakeFiles/carla_msgs__rosidl_typesupport_introspection_cpp.dir/rosidl_typesupport_introspection_cpp/carla_msgs/srv/detail/get_blueprints__type_support.cpp.o\x1b[0m\n'}
[5.096852] (carla_msgs) StdoutLine: {'line': b'[ 63%] \x1b[32mBuilding C object CMakeFiles/carla_msgs__rosidl_typesupport_introspection_c.dir/rosidl_typesupport_introspection_c/carla_msgs/msg/detail/carla_actor_list__type_support.c.o\x1b[0m\n'}
[5.106852] (carla_msgs) StdoutLine: {'line': b'[ 63%] \x1b[32mBuilding C object CMakeFiles/carla_msgs__rosidl_typesupport_introspection_c.dir/rosidl_typesupport_introspection_c/carla_msgs/msg/detail/carla_control__type_support.c.o\x1b[0m\n'}
[5.108637] (carla_msgs) StdoutLine: {'line': b'[ 64%] \x1b[32mBuilding C object CMakeFiles/carla_msgs__rosidl_typesupport_introspection_c.dir/rosidl_typesupport_introspection_c/carla_msgs/msg/detail/carla_status__type_support.c.o\x1b[0m\n'}
[5.108789] (carla_msgs) StdoutLine: {'line': b'[ 64%] \x1b[32mBuilding C object CMakeFiles/carla_msgs__rosidl_typesupport_introspection_c.dir/rosidl_typesupport_introspection_c/carla_msgs/msg/detail/carla_traffic_light_info__type_support.c.o\x1b[0m\n'}
[5.108885] (carla_msgs) StdoutLine: {'line': b'[ 65%] \x1b[32mBuilding C object CMakeFiles/carla_msgs__rosidl_typesupport_introspection_c.dir/rosidl_typesupport_introspection_c/carla_msgs/msg/detail/carla_traffic_light_info_list__type_support.c.o\x1b[0m\n'}
[5.108956] (-) TimerEvent: {}
[5.110862] (carla_msgs) StdoutLine: {'line': b'[ 66%] \x1b[32mBuilding C object CMakeFiles/carla_msgs__rosidl_typesupport_introspection_c.dir/rosidl_typesupport_introspection_c/carla_msgs/msg/detail/carla_traffic_light_status_list__type_support.c.o\x1b[0m\n'}
[5.111259] (carla_msgs) StdoutLine: {'line': b'[ 66%] \x1b[32mBuilding C object CMakeFiles/carla_msgs__rosidl_typesupport_introspection_c.dir/rosidl_typesupport_introspection_c/carla_msgs/msg/detail/carla_traffic_light_status__type_support.c.o\x1b[0m\n'}
[5.112844] (carla_msgs) StdoutLine: {'line': b'[ 66%] \x1b[32mBuilding C object CMakeFiles/carla_msgs__rosidl_typesupport_introspection_c.dir/rosidl_typesupport_introspection_c/carla_msgs/msg/detail/carla_walker_control__type_support.c.o\x1b[0m\n'}
[5.132013] (carla_msgs) StdoutLine: {'line': b'[ 66%] \x1b[32mBuilding C object CMakeFiles/carla_msgs__rosidl_typesupport_introspection_c.dir/rosidl_typesupport_introspection_c/carla_msgs/msg/detail/carla_weather_parameters__type_support.c.o\x1b[0m\n'}
[5.137734] (carla_msgs) StdoutLine: {'line': b'[ 67%] \x1b[32mBuilding C object CMakeFiles/carla_msgs__rosidl_typesupport_introspection_c.dir/rosidl_typesupport_introspection_c/carla_msgs/srv/detail/spawn_object__type_support.c.o\x1b[0m\n'}
[5.141510] (carla_msgs) StdoutLine: {'line': b'[ 67%] \x1b[32mBuilding C object CMakeFiles/carla_msgs__rosidl_typesupport_introspection_c.dir/rosidl_typesupport_introspection_c/carla_msgs/srv/detail/destroy_object__type_support.c.o\x1b[0m\n'}
[5.141731] (carla_msgs) StdoutLine: {'line': b'[ 68%] \x1b[32mBuilding C object CMakeFiles/carla_msgs__rosidl_typesupport_introspection_c.dir/rosidl_typesupport_introspection_c/carla_msgs/srv/detail/get_blueprints__type_support.c.o\x1b[0m\n'}
[5.183885] (carla_msgs) StdoutLine: {'line': b'[ 68%] \x1b[32m\x1b[1mLinking C shared library libcarla_msgs__rosidl_typesupport_introspection_c.so\x1b[0m\n'}
[5.185719] (carla_msgs) StdoutLine: {'line': b'[ 69%] \x1b[32m\x1b[1mLinking CXX shared library libcarla_msgs__rosidl_typesupport_cpp.so\x1b[0m\n'}
[5.209068] (-) TimerEvent: {}
[5.209240] (carla_msgs) StdoutLine: {'line': b'[ 70%] \x1b[32mBuilding CXX object CMakeFiles/carla_msgs__rosidl_typesupport_fastrtps_cpp.dir/rosidl_typesupport_fastrtps_cpp/carla_msgs/msg/detail/dds_fastrtps/carla_ego_vehicle_status__type_support.cpp.o\x1b[0m\n'}
[5.209364] (carla_msgs) StdoutLine: {'line': b'[ 70%] \x1b[32mBuilding CXX object CMakeFiles/carla_msgs__rosidl_typesupport_fastrtps_cpp.dir/rosidl_typesupport_fastrtps_cpp/carla_msgs/msg/detail/dds_fastrtps/carla_ego_vehicle_info_wheel__type_support.cpp.o\x1b[0m\n'}
[5.209460] (carla_msgs) StdoutLine: {'line': b'[ 70%] \x1b[32mBuilding CXX object CMakeFiles/carla_msgs__rosidl_typesupport_fastrtps_cpp.dir/rosidl_typesupport_fastrtps_cpp/carla_msgs/msg/detail/dds_fastrtps/carla_bounding_box__type_support.cpp.o\x1b[0m\n'}
[5.209732] (carla_msgs) StdoutLine: {'line': b'[ 71%] \x1b[32mBuilding CXX object CMakeFiles/carla_msgs__rosidl_typesupport_fastrtps_cpp.dir/rosidl_typesupport_fastrtps_cpp/carla_msgs/msg/detail/dds_fastrtps/carla_ego_vehicle_control__type_support.cpp.o\x1b[0m\n'}
[5.209857] (carla_msgs) StdoutLine: {'line': b'[ 71%] Built target carla_msgs__rosidl_typesupport_introspection_c\n'}
[5.209985] (carla_msgs) StdoutLine: {'line': b'[ 71%] \x1b[32mBuilding CXX object CMakeFiles/carla_msgs__rosidl_typesupport_fastrtps_cpp.dir/rosidl_typesupport_fastrtps_cpp/carla_msgs/msg/detail/dds_fastrtps/carla_collision_event__type_support.cpp.o\x1b[0m\n'}
[5.210523] (carla_msgs) StdoutLine: {'line': b'[ 71%] \x1b[32mBuilding CXX object CMakeFiles/carla_msgs__rosidl_typesupport_fastrtps_cpp.dir/rosidl_typesupport_fastrtps_cpp/carla_msgs/msg/detail/dds_fastrtps/carla_ego_vehicle_info__type_support.cpp.o\x1b[0m\n'}
[5.210648] (carla_msgs) StdoutLine: {'line': b'[ 72%] \x1b[32mBuilding CXX object CMakeFiles/carla_msgs__rosidl_typesupport_fastrtps_cpp.dir/rosidl_typesupport_fastrtps_cpp/carla_msgs/msg/detail/dds_fastrtps/carla_actor_list__type_support.cpp.o\x1b[0m\n'}
[5.210708] (carla_msgs) StdoutLine: {'line': b'[ 72%] \x1b[32mBuilding CXX object CMakeFiles/carla_msgs__rosidl_typesupport_fastrtps_cpp.dir/rosidl_typesupport_fastrtps_cpp/carla_msgs/msg/detail/dds_fastrtps/carla_lane_invasion_event__type_support.cpp.o\x1b[0m\n'}
[5.212388] (carla_msgs) StdoutLine: {'line': b'[ 72%] \x1b[32mBuilding CXX object CMakeFiles/carla_msgs__rosidl_typesupport_fastrtps_cpp.dir/rosidl_typesupport_fastrtps_cpp/carla_msgs/msg/detail/dds_fastrtps/carla_world_info__type_support.cpp.o\x1b[0m\n'}
[5.212654] (carla_msgs) StdoutLine: {'line': b'[ 73%] \x1b[32mBuilding CXX object CMakeFiles/carla_msgs__rosidl_typesupport_fastrtps_cpp.dir/rosidl_typesupport_fastrtps_cpp/carla_msgs/msg/detail/dds_fastrtps/carla_control__type_support.cpp.o\x1b[0m\n'}
[5.212900] (carla_msgs) StdoutLine: {'line': b'[ 74%] \x1b[32mBuilding CXX object CMakeFiles/carla_msgs__rosidl_typesupport_fastrtps_cpp.dir/rosidl_typesupport_fastrtps_cpp/carla_msgs/msg/detail/dds_fastrtps/carla_actor_info__type_support.cpp.o\x1b[0m\n'}
[5.215616] (carla_msgs) StdoutLine: {'line': b'[ 74%] \x1b[32mBuilding CXX object CMakeFiles/carla_msgs__rosidl_typesupport_fastrtps_cpp.dir/rosidl_typesupport_fastrtps_cpp/carla_msgs/msg/detail/dds_fastrtps/carla_status__type_support.cpp.o\x1b[0m\n'}
[5.218356] (carla_msgs) StdoutLine: {'line': b'[ 75%] \x1b[32mBuilding CXX object CMakeFiles/carla_msgs__rosidl_typesupport_fastrtps_cpp.dir/rosidl_typesupport_fastrtps_cpp/carla_msgs/msg/detail/dds_fastrtps/carla_traffic_light_info_list__type_support.cpp.o\x1b[0m\n'}
[5.219508] (carla_msgs) StdoutLine: {'line': b'[ 75%] \x1b[32mBuilding CXX object CMakeFiles/carla_msgs__rosidl_typesupport_fastrtps_cpp.dir/rosidl_typesupport_fastrtps_cpp/carla_msgs/msg/detail/dds_fastrtps/carla_traffic_light_info__type_support.cpp.o\x1b[0m\n'}
[5.219730] (carla_msgs) StdoutLine: {'line': b'[ 75%] \x1b[32mBuilding CXX object CMakeFiles/carla_msgs__rosidl_typesupport_fastrtps_cpp.dir/rosidl_typesupport_fastrtps_cpp/carla_msgs/msg/detail/dds_fastrtps/carla_traffic_light_status__type_support.cpp.o\x1b[0m\n'}
[5.235343] (carla_msgs) StdoutLine: {'line': b'[ 76%] \x1b[32mBuilding CXX object CMakeFiles/carla_msgs__rosidl_typesupport_fastrtps_cpp.dir/rosidl_typesupport_fastrtps_cpp/carla_msgs/msg/detail/dds_fastrtps/carla_traffic_light_status_list__type_support.cpp.o\x1b[0m\n'}
[5.239197] (carla_msgs) StdoutLine: {'line': b'[ 76%] \x1b[32mBuilding CXX object CMakeFiles/carla_msgs__rosidl_typesupport_fastrtps_cpp.dir/rosidl_typesupport_fastrtps_cpp/carla_msgs/msg/detail/dds_fastrtps/carla_walker_control__type_support.cpp.o\x1b[0m\n'}
[5.246102] (carla_msgs) StdoutLine: {'line': b'[ 76%] \x1b[32mBuilding CXX object CMakeFiles/carla_msgs__rosidl_typesupport_fastrtps_cpp.dir/rosidl_typesupport_fastrtps_cpp/carla_msgs/srv/detail/dds_fastrtps/destroy_object__type_support.cpp.o\x1b[0m\n'}
[5.248189] (carla_msgs) StdoutLine: {'line': b'[ 77%] \x1b[32mBuilding CXX object CMakeFiles/carla_msgs__rosidl_typesupport_fastrtps_cpp.dir/rosidl_typesupport_fastrtps_cpp/carla_msgs/msg/detail/dds_fastrtps/carla_weather_parameters__type_support.cpp.o\x1b[0m\n'}
[5.251907] (carla_msgs) StdoutLine: {'line': b'[ 77%] \x1b[32mBuilding CXX object CMakeFiles/carla_msgs__rosidl_typesupport_fastrtps_cpp.dir/rosidl_typesupport_fastrtps_cpp/carla_msgs/srv/detail/dds_fastrtps/spawn_object__type_support.cpp.o\x1b[0m\n'}
[5.260879] (carla_msgs) StdoutLine: {'line': b'[ 78%] \x1b[32mBuilding CXX object CMakeFiles/carla_msgs__rosidl_typesupport_fastrtps_cpp.dir/rosidl_typesupport_fastrtps_cpp/carla_msgs/srv/detail/dds_fastrtps/get_blueprints__type_support.cpp.o\x1b[0m\n'}
[5.265302] (carla_msgs) StdoutLine: {'line': b'[ 78%] Built target carla_msgs__rosidl_typesupport_cpp\n'}
[5.309174] (-) TimerEvent: {}
[5.374787] (carla_msgs) StdoutLine: {'line': b'[ 81%] \x1b[32mBuilding CXX object CMakeFiles/carla_msgs__rosidl_typesupport_fastrtps_c.dir/rosidl_typesupport_fastrtps_c/carla_msgs/msg/detail/carla_collision_event__type_support_c.cpp.o\x1b[0m\n'}
[5.375040] (carla_msgs) StdoutLine: {'line': b'[ 81%] \x1b[32mBuilding CXX object CMakeFiles/carla_msgs__rosidl_typesupport_fastrtps_c.dir/rosidl_typesupport_fastrtps_c/carla_msgs/msg/detail/carla_world_info__type_support_c.cpp.o\x1b[0m\n'}
[5.375132] (carla_msgs) StdoutLine: {'line': b'[ 81%] \x1b[32mBuilding CXX object CMakeFiles/carla_msgs__rosidl_typesupport_fastrtps_c.dir/rosidl_typesupport_fastrtps_c/carla_msgs/msg/detail/carla_ego_vehicle_status__type_support_c.cpp.o\x1b[0m\n'}
[5.375205] (carla_msgs) StdoutLine: {'line': b'[ 81%] \x1b[32mBuilding CXX object CMakeFiles/carla_msgs__rosidl_typesupport_fastrtps_c.dir/rosidl_typesupport_fastrtps_c/carla_msgs/msg/detail/carla_ego_vehicle_info_wheel__type_support_c.cpp.o\x1b[0m\n'}
[5.375278] (carla_msgs) StdoutLine: {'line': b'[ 81%] \x1b[32mBuilding CXX object CMakeFiles/carla_msgs__rosidl_typesupport_fastrtps_c.dir/rosidl_typesupport_fastrtps_c/carla_msgs/msg/detail/carla_ego_vehicle_info__type_support_c.cpp.o\x1b[0m\n'}
[5.375346] (carla_msgs) StdoutLine: {'line': b'[ 81%] \x1b[32mBuilding CXX object CMakeFiles/carla_msgs__rosidl_typesupport_fastrtps_c.dir/rosidl_typesupport_fastrtps_c/carla_msgs/msg/detail/carla_ego_vehicle_control__type_support_c.cpp.o\x1b[0m\n'}
[5.375414] (carla_msgs) StdoutLine: {'line': b'[ 81%] \x1b[32mBuilding CXX object CMakeFiles/carla_msgs__rosidl_typesupport_fastrtps_c.dir/rosidl_typesupport_fastrtps_c/carla_msgs/msg/detail/carla_lane_invasion_event__type_support_c.cpp.o\x1b[0m\n'}
[5.375665] (carla_msgs) StdoutLine: {'line': b'[ 81%] \x1b[32mBuilding CXX object CMakeFiles/carla_msgs__rosidl_typesupport_fastrtps_c.dir/rosidl_typesupport_fastrtps_c/carla_msgs/msg/detail/carla_bounding_box__type_support_c.cpp.o\x1b[0m\n'}
[5.405725] (carla_msgs) StdoutLine: {'line': b'[ 82%] \x1b[32mBuilding CXX object CMakeFiles/carla_msgs__rosidl_typesupport_fastrtps_c.dir/rosidl_typesupport_fastrtps_c/carla_msgs/msg/detail/carla_actor_info__type_support_c.cpp.o\x1b[0m\n'}
[5.409276] (-) TimerEvent: {}
[5.438490] (carla_msgs) StdoutLine: {'line': b'[ 82%] \x1b[32mBuilding CXX object CMakeFiles/carla_msgs__rosidl_typesupport_fastrtps_c.dir/rosidl_typesupport_fastrtps_c/carla_msgs/msg/detail/carla_actor_list__type_support_c.cpp.o\x1b[0m\n'}
[5.510856] (carla_msgs) StdoutLine: {'line': b'[ 82%] \x1b[32m\x1b[1mLinking CXX shared library libcarla_msgs__rosidl_typesupport_introspection_cpp.so\x1b[0m\n'}
[5.511056] (-) TimerEvent: {}
[5.542015] (carla_msgs) StdoutLine: {'line': b'[ 83%] \x1b[32mBuilding CXX object CMakeFiles/carla_msgs__rosidl_typesupport_fastrtps_c.dir/rosidl_typesupport_fastrtps_c/carla_msgs/msg/detail/carla_control__type_support_c.cpp.o\x1b[0m\n'}
[5.547868] (carla_msgs) StdoutLine: {'line': b'[ 83%] \x1b[32mBuilding CXX object CMakeFiles/carla_msgs__rosidl_typesupport_fastrtps_c.dir/rosidl_typesupport_fastrtps_c/carla_msgs/msg/detail/carla_status__type_support_c.cpp.o\x1b[0m\n'}
[5.556896] (carla_msgs) StdoutLine: {'line': b'[ 84%] \x1b[32mBuilding CXX object CMakeFiles/carla_msgs__rosidl_typesupport_fastrtps_c.dir/rosidl_typesupport_fastrtps_c/carla_msgs/msg/detail/carla_traffic_light_info__type_support_c.cpp.o\x1b[0m\n'}
[5.562034] (carla_msgs) StdoutLine: {'line': b'[ 84%] \x1b[32mBuilding CXX object CMakeFiles/carla_msgs__rosidl_typesupport_fastrtps_c.dir/rosidl_typesupport_fastrtps_c/carla_msgs/msg/detail/carla_traffic_light_info_list__type_support_c.cpp.o\x1b[0m\n'}
[5.564326] (carla_msgs) StdoutLine: {'line': b'[ 84%] \x1b[32mBuilding CXX object CMakeFiles/carla_msgs__rosidl_typesupport_fastrtps_c.dir/rosidl_typesupport_fastrtps_c/carla_msgs/msg/detail/carla_traffic_light_status__type_support_c.cpp.o\x1b[0m\n'}
[5.588897] (carla_msgs) StdoutLine: {'line': b'[ 85%] \x1b[32mBuilding CXX object CMakeFiles/carla_msgs__rosidl_typesupport_fastrtps_c.dir/rosidl_typesupport_fastrtps_c/carla_msgs/msg/detail/carla_traffic_light_status_list__type_support_c.cpp.o\x1b[0m\n'}
[5.607983] (carla_msgs) StdoutLine: {'line': b'[ 85%] \x1b[32mBuilding CXX object CMakeFiles/carla_msgs__rosidl_typesupport_fastrtps_c.dir/rosidl_typesupport_fastrtps_c/carla_msgs/msg/detail/carla_walker_control__type_support_c.cpp.o\x1b[0m\n'}
[5.608348] (carla_msgs) StdoutLine: {'line': b'[ 85%] Built target carla_msgs__rosidl_typesupport_introspection_cpp\n'}
[5.608608] (carla_msgs) StdoutLine: {'line': b'[ 86%] \x1b[32mBuilding CXX object CMakeFiles/carla_msgs__rosidl_typesupport_fastrtps_c.dir/rosidl_typesupport_fastrtps_c/carla_msgs/msg/detail/carla_weather_parameters__type_support_c.cpp.o\x1b[0m\n'}
[5.609465] (carla_msgs) StdoutLine: {'line': b'[ 86%] \x1b[32mBuilding CXX object CMakeFiles/carla_msgs__rosidl_typesupport_fastrtps_c.dir/rosidl_typesupport_fastrtps_c/carla_msgs/srv/detail/spawn_object__type_support_c.cpp.o\x1b[0m\n'}
[5.611151] (-) TimerEvent: {}
[5.617271] (carla_msgs) StdoutLine: {'line': b'[ 87%] \x1b[32mBuilding CXX object CMakeFiles/carla_msgs__rosidl_typesupport_fastrtps_c.dir/rosidl_typesupport_fastrtps_c/carla_msgs/srv/detail/destroy_object__type_support_c.cpp.o\x1b[0m\n'}
[5.626190] (carla_msgs) StdoutLine: {'line': b'[ 87%] \x1b[32mBuilding CXX object CMakeFiles/carla_msgs__rosidl_typesupport_fastrtps_c.dir/rosidl_typesupport_fastrtps_c/carla_msgs/srv/detail/get_blueprints__type_support_c.cpp.o\x1b[0m\n'}
[5.711255] (-) TimerEvent: {}
[5.811484] (-) TimerEvent: {}
[5.814488] (carla_msgs) StdoutLine: {'line': b'[ 87%] \x1b[32m\x1b[1mLinking CXX shared library libcarla_msgs__rosidl_typesupport_fastrtps_cpp.so\x1b[0m\n'}
[5.870816] (carla_msgs) StdoutLine: {'line': b'[ 87%] Built target carla_msgs__rosidl_typesupport_fastrtps_cpp\n'}
[5.911615] (-) TimerEvent: {}
[5.942173] (carla_msgs) StdoutLine: {'line': b'[ 87%] \x1b[32m\x1b[1mLinking CXX shared library libcarla_msgs__rosidl_typesupport_fastrtps_c.so\x1b[0m\n'}
[5.999910] (carla_msgs) StdoutLine: {'line': b'[ 87%] Built target carla_msgs__rosidl_typesupport_fastrtps_c\n'}
[6.011721] (-) TimerEvent: {}
[6.015462] (carla_msgs) StdoutLine: {'line': b'[ 87%] Built target carla_msgs\n'}
[6.038356] (carla_msgs) StdoutLine: {'line': b'[ 87%] \x1b[34m\x1b[1mGenerating Python code for ROS interfaces\x1b[0m\n'}
[6.111913] (-) TimerEvent: {}
[6.212163] (-) TimerEvent: {}
[6.312437] (-) TimerEvent: {}
[6.412691] (-) TimerEvent: {}
[6.512977] (-) TimerEvent: {}
[6.613242] (-) TimerEvent: {}
[6.713497] (-) TimerEvent: {}
[6.813747] (-) TimerEvent: {}
[6.914035] (-) TimerEvent: {}
[7.014296] (-) TimerEvent: {}
[7.114551] (-) TimerEvent: {}
[7.213995] (carla_msgs) StdoutLine: {'line': b'[ 87%] Built target carla_msgs__py\n'}
[7.214618] (-) TimerEvent: {}
[7.237644] (carla_msgs) StdoutLine: {'line': b'[ 88%] \x1b[32mBuilding C object CMakeFiles/carla_msgs__rosidl_generator_py.dir/rosidl_generator_py/carla_msgs/msg/_carla_world_info_s.c.o\x1b[0m\n'}
[7.238452] (carla_msgs) StdoutLine: {'line': b'[ 89%] \x1b[32mBuilding C object CMakeFiles/carla_msgs__rosidl_generator_py.dir/rosidl_generator_py/carla_msgs/msg/_carla_collision_event_s.c.o\x1b[0m\n'}
[7.238719] (carla_msgs) StdoutLine: {'line': b'[ 89%] \x1b[32mBuilding C object CMakeFiles/carla_msgs__rosidl_generator_py.dir/rosidl_generator_py/carla_msgs/msg/_carla_actor_info_s.c.o\x1b[0m\n'}
[7.238914] (carla_msgs) StdoutLine: {'line': b'[ 90%] \x1b[32mBuilding C object CMakeFiles/carla_msgs__rosidl_generator_py.dir/rosidl_generator_py/carla_msgs/msg/_carla_control_s.c.o\x1b[0m\n'}
[7.239091] (carla_msgs) StdoutLine: {'line': b'[ 91%] \x1b[32mBuilding C object CMakeFiles/carla_msgs__rosidl_generator_py.dir/rosidl_generator_py/carla_msgs/msg/_carla_bounding_box_s.c.o\x1b[0m\n'}
[7.239275] (carla_msgs) StdoutLine: {'line': b'[ 91%] \x1b[32mBuilding C object CMakeFiles/carla_msgs__rosidl_generator_py.dir/rosidl_generator_py/carla_msgs/msg/_carla_ego_vehicle_control_s.c.o\x1b[0m\n'}
[7.239535] (carla_msgs) StdoutLine: {'line': b'[ 91%] \x1b[32mBuilding C object CMakeFiles/carla_msgs__rosidl_generator_py.dir/rosidl_generator_py/carla_msgs/msg/_carla_status_s.c.o\x1b[0m\n'}
[7.239703] (carla_msgs) StdoutLine: {'line': b'[ 92%] \x1b[32mBuilding C object CMakeFiles/carla_msgs__rosidl_generator_py.dir/rosidl_generator_py/carla_msgs/msg/_carla_ego_vehicle_info_wheel_s.c.o\x1b[0m\n'}
[7.239884] (carla_msgs) StdoutLine: {'line': b'[ 92%] \x1b[32mBuilding C object CMakeFiles/carla_msgs__rosidl_generator_py.dir/rosidl_generator_py/carla_msgs/msg/_carla_ego_vehicle_status_s.c.o\x1b[0m\n'}
[7.240106] (carla_msgs) StdoutLine: {'line': b'[ 92%] \x1b[32mBuilding C object CMakeFiles/carla_msgs__rosidl_generator_py.dir/rosidl_generator_py/carla_msgs/msg/_carla_ego_vehicle_info_s.c.o\x1b[0m\n'}
[7.240315] (carla_msgs) StdoutLine: {'line': b'[ 92%] \x1b[32mBuilding C object CMakeFiles/carla_msgs__rosidl_generator_py.dir/rosidl_generator_py/carla_msgs/msg/_carla_traffic_light_status_list_s.c.o\x1b[0m\n'}
[7.241446] (carla_msgs) StdoutLine: {'line': b'[ 92%] \x1b[32mBuilding C object CMakeFiles/carla_msgs__rosidl_generator_py.dir/rosidl_generator_py/carla_msgs/msg/_carla_lane_invasion_event_s.c.o\x1b[0m\n'}
[7.241776] (carla_msgs) StdoutLine: {'line': b'[ 92%] \x1b[32mBuilding C object CMakeFiles/carla_msgs__rosidl_generator_py.dir/rosidl_generator_py/carla_msgs/srv/_spawn_object_s.c.o\x1b[0m\n'}
[7.242154] (carla_msgs) StdoutLine: {'line': b'[ 92%] \x1b[32mBuilding C object CMakeFiles/carla_msgs__rosidl_generator_py.dir/rosidl_generator_py/carla_msgs/msg/_carla_actor_list_s.c.o\x1b[0m\n'}
[7.242379] (carla_msgs) StdoutLine: {'line': b'[ 93%] \x1b[32mBuilding C object CMakeFiles/carla_msgs__rosidl_generator_py.dir/rosidl_generator_py/carla_msgs/srv/_destroy_object_s.c.o\x1b[0m\n'}
[7.243580] (carla_msgs) StdoutLine: {'line': b'[ 94%] \x1b[32mBuilding C object CMakeFiles/carla_msgs__rosidl_generator_py.dir/rosidl_generator_py/carla_msgs/msg/_carla_traffic_light_info_s.c.o\x1b[0m\n'}
[7.243935] (carla_msgs) StdoutLine: {'line': b'[ 95%] \x1b[32mBuilding C object CMakeFiles/carla_msgs__rosidl_generator_py.dir/rosidl_generator_py/carla_msgs/msg/_carla_traffic_light_status_s.c.o\x1b[0m\n'}
[7.244254] (carla_msgs) StdoutLine: {'line': b'[ 95%] \x1b[32mBuilding C object CMakeFiles/carla_msgs__rosidl_generator_py.dir/rosidl_generator_py/carla_msgs/srv/_get_blueprints_s.c.o\x1b[0m\n'}
[7.244534] (carla_msgs) StdoutLine: {'line': b'[ 95%] \x1b[32mBuilding C object CMakeFiles/carla_msgs__rosidl_generator_py.dir/rosidl_generator_py/carla_msgs/msg/_carla_traffic_light_info_list_s.c.o\x1b[0m\n'}
[7.244886] (carla_msgs) StdoutLine: {'line': b'[ 95%] \x1b[32mBuilding C object CMakeFiles/carla_msgs__rosidl_generator_py.dir/rosidl_generator_py/carla_msgs/msg/_carla_walker_control_s.c.o\x1b[0m\n'}
[7.245698] (carla_msgs) StdoutLine: {'line': b'[ 96%] \x1b[32mBuilding C object CMakeFiles/carla_msgs__rosidl_generator_py.dir/rosidl_generator_py/carla_msgs/msg/_carla_weather_parameters_s.c.o\x1b[0m\n'}
[7.314727] (-) TimerEvent: {}
[7.387709] (carla_msgs) StdoutLine: {'line': b'[ 97%] \x1b[32m\x1b[1mLinking C shared library libcarla_msgs__rosidl_generator_py.so\x1b[0m\n'}
[7.414836] (-) TimerEvent: {}
[7.420213] (carla_msgs) StdoutLine: {'line': b'[ 97%] Built target carla_msgs__rosidl_generator_py\n'}
[7.434104] (carla_msgs) StdoutLine: {'line': b'[ 97%] \x1b[32mBuilding C object CMakeFiles/carla_msgs_s__rosidl_typesupport_c.dir/rosidl_generator_py/carla_msgs/_carla_msgs_s.ep.rosidl_typesupport_c.c.o\x1b[0m\n'}
[7.435823] (carla_msgs) StdoutLine: {'line': b'[ 97%] \x1b[32mBuilding C object CMakeFiles/carla_msgs_s__rosidl_typesupport_fastrtps_c.dir/rosidl_generator_py/carla_msgs/_carla_msgs_s.ep.rosidl_typesupport_fastrtps_c.c.o\x1b[0m\n'}
[7.436211] (carla_msgs) StdoutLine: {'line': b'[ 97%] \x1b[32mBuilding C object CMakeFiles/carla_msgs_s__rosidl_typesupport_introspection_c.dir/rosidl_generator_py/carla_msgs/_carla_msgs_s.ep.rosidl_typesupport_introspection_c.c.o\x1b[0m\n'}
[7.514915] (-) TimerEvent: {}
[7.515794] (carla_msgs) StdoutLine: {'line': b'[ 98%] \x1b[32m\x1b[1mLinking C shared module rosidl_generator_py/carla_msgs/carla_msgs_s__rosidl_typesupport_c.so\x1b[0m\n'}
[7.521676] (carla_msgs) StdoutLine: {'line': b'[ 99%] \x1b[32m\x1b[1mLinking C shared module rosidl_generator_py/carla_msgs/carla_msgs_s__rosidl_typesupport_introspection_c.so\x1b[0m\n'}
[7.525096] (carla_msgs) StdoutLine: {'line': b'[100%] \x1b[32m\x1b[1mLinking C shared module rosidl_generator_py/carla_msgs/carla_msgs_s__rosidl_typesupport_fastrtps_c.so\x1b[0m\n'}
[7.535563] (carla_msgs) StdoutLine: {'line': b'[100%] Built target carla_msgs_s__rosidl_typesupport_c\n'}
[7.540123] (carla_msgs) StdoutLine: {'line': b'[100%] Built target carla_msgs_s__rosidl_typesupport_introspection_c\n'}
[7.549227] (carla_msgs) StdoutLine: {'line': b'[100%] Built target carla_msgs_s__rosidl_typesupport_fastrtps_c\n'}
[7.569258] (carla_msgs) CommandEnded: {'returncode': 0}
[7.570413] (carla_msgs) JobProgress: {'identifier': 'carla_msgs', 'progress': 'install'}
[7.582682] (carla_msgs) Command: {'cmd': ['/usr/bin/cmake', '--install', '/home/airlab/ros2_ws/build/carla_msgs'], 'cwd': '/home/airlab/ros2_ws/build/carla_msgs', 'env': OrderedDict({'LESSOPEN': '| /usr/bin/lesspipe %s', 'LANGUAGE': 'en_US:en', 'USER': 'airlab', 'LC_TIME': 'en_US.UTF-8', 'GZ_CONFIG_PATH': '/opt/ros/jazzy/opt/gz_sim_vendor/share/gz:/opt/ros/jazzy/opt/sdformat_vendor/share/gz:/opt/ros/jazzy/opt/gz_gui_vendor/share/gz:/opt/ros/jazzy/opt/gz_transport_vendor/share/gz:/opt/ros/jazzy/opt/gz_rendering_vendor/share/gz:/opt/ros/jazzy/opt/gz_plugin_vendor/share/gz:/opt/ros/jazzy/opt/gz_fuel_tools_vendor/share/gz:/opt/ros/jazzy/opt/gz_msgs_vendor/share/gz:/opt/ros/jazzy/opt/gz_common_vendor/share/gz', 'XDG_SESSION_TYPE': 'wayland', 'CLUTTER_DISABLE_MIPMAPPED_TEXT': '1', 'SHLVL': '1', 'LD_LIBRARY_PATH': '/opt/ros/jazzy/opt/gz_sim_vendor/lib:/opt/ros/jazzy/opt/gz_sensors_vendor/lib:/opt/ros/jazzy/opt/gz_physics_vendor/lib:/opt/ros/jazzy/opt/sdformat_vendor/lib:/opt/ros/jazzy/opt/rviz_ogre_vendor/lib:/opt/ros/jazzy/lib/x86_64-linux-gnu:/opt/ros/jazzy/opt/gz_gui_vendor/lib:/opt/ros/jazzy/opt/gz_transport_vendor/lib:/opt/ros/jazzy/opt/gz_rendering_vendor/lib:/opt/ros/jazzy/opt/gz_plugin_vendor/lib:/opt/ros/jazzy/opt/gz_fuel_tools_vendor/lib:/opt/ros/jazzy/opt/gz_msgs_vendor/lib:/opt/ros/jazzy/opt/gz_common_vendor/lib:/opt/ros/jazzy/opt/gz_math_vendor/lib:/opt/ros/jazzy/opt/gz_utils_vendor/lib:/opt/ros/jazzy/opt/gz_tools_vendor/lib:/opt/ros/jazzy/opt/gz_ogre_next_vendor/lib:/opt/ros/jazzy/opt/gz_dartsim_vendor/lib:/opt/ros/jazzy/opt/gz_cmake_vendor/lib:/opt/ros/jazzy/lib', 'HOME': '/home/airlab', 'OLDPWD': '/home/airlab', 'DESKTOP_SESSION': 'ubuntu-wayland', 'ROS_PYTHON_VERSION': '3', 'GNOME_SHELL_SESSION_MODE': 'ubuntu', 'GTK_MODULES': 'gail:atk-bridge', 'LC_MONETARY': 'en_US.UTF-8', 'SYSTEMD_EXEC_PID': '3122', 'GSM_SKIP_SSH_AGENT_WORKAROUND': 'true', 'DBUS_SESSION_BUS_ADDRESS': 'unix:path=/run/user/1000/bus', 'COLORTERM': 'truecolor', 'CARLA_ROOT': '/home/airlab/carla', '_colcon_cd_root': '/home/airlab/ros2_ws', 'DEBUGINFOD_URLS': 'https://debuginfod.ubuntu.com', 'IM_CONFIG_PHASE': '1', 'WAYLAND_DISPLAY': 'wayland-0', 'ROS_DISTRO': 'jazzy', 'LOGNAME': 'airlab', '_': '/usr/bin/colcon', 'ROS_VERSION': '2', 'MEMORY_PRESSURE_WATCH': '/sys/fs/cgroup/user.slice/user-1000.slice/user@1000.service/session.slice/org.gnome.Shell@wayland.service/memory.pressure', 'XDG_SESSION_CLASS': 'user', 'USERNAME': 'airlab', 'TERM': 'xterm-256color', 'GNOME_DESKTOP_SESSION_ID': 'this-is-deprecated', 'PATH': '/opt/ros/jazzy/opt/gz_msgs_vendor/bin:/opt/ros/jazzy/opt/gz_tools_vendor/bin:/opt/ros/jazzy/opt/gz_ogre_next_vendor/bin:/opt/ros/jazzy/bin:/home/airlab/.local/bin:/usr/local/sbin:/usr/local/bin:/usr/sbin:/usr/bin:/sbin:/bin:/usr/games:/usr/local/games:/snap/bin:/snap/bin:/home/airlab/.local/bin:/home/airlab/.local/bin', 'SESSION_MANAGER': 'local/airlab:@/tmp/.ICE-unix/3090,unix/airlab:/tmp/.ICE-unix/3090', 'FASTRTPS_DEFAULT_PROFILES_FILE': '/home/airlab/carla/PythonAPI/examples/ros2/config/fastrtps-profile.xml', 'PAPERSIZE': 'letter', 'XDG_MENU_PREFIX': 'gnome-', 'LC_ADDRESS': 'en_US.UTF-8', 'GNOME_TERMINAL_SCREEN': '/org/gnome/Terminal/screen/d7ad561e_c2a3_4fcc_8b0c_40796bcc1549', 'GNOME_SETUP_DISPLAY': ':2', 'XDG_RUNTIME_DIR': '/run/user/1000', 'DISPLAY': ':1', 'LANG': 'en_US.UTF-8', 'XDG_CURRENT_DESKTOP': 'ubuntu:GNOME', 'LC_TELEPHONE': 'en_US.UTF-8', 'RMW_IMPLEMENTATION': 'rmw_fastrtps_cpp', 'XMODIFIERS': '@im=ibus', 'XDG_SESSION_DESKTOP': 'ubuntu-wayland', 'XAUTHORITY': '/run/user/1000/.mutter-Xwaylandauth.1GWMK3', 'LS_COLORS': 'rs=0:di=01;34:ln=01;36:mh=00:pi=40;33:so=01;35:do=01;35:bd=40;33;01:cd=40;33;01:or=40;31;01:mi=00:su=37;41:sg=30;43:ca=00:tw=30;42:ow=34;42:st=37;44:ex=01;32:*.tar=01;31:*.tgz=01;31:*.arc=01;31:*.arj=01;31:*.taz=01;31:*.lha=01;31:*.lz4=01;31:*.lzh=01;31:*.lzma=01;31:*.tlz=01;31:*.txz=01;31:*.tzo=01;31:*.t7z=01;31:*.zip=01;31:*.z=01;31:*.dz=01;31:*.gz=01;31:*.lrz=01;31:*.lz=01;31:*.lzo=01;31:*.xz=01;31:*.zst=01;31:*.tzst=01;31:*.bz2=01;31:*.bz=01;31:*.tbz=01;31:*.tbz2=01;31:*.tz=01;31:*.deb=01;31:*.rpm=01;31:*.jar=01;31:*.war=01;31:*.ear=01;31:*.sar=01;31:*.rar=01;31:*.alz=01;31:*.ace=01;31:*.zoo=01;31:*.cpio=01;31:*.7z=01;31:*.rz=01;31:*.cab=01;31:*.wim=01;31:*.swm=01;31:*.dwm=01;31:*.esd=01;31:*.avif=01;35:*.jpg=01;35:*.jpeg=01;35:*.mjpg=01;35:*.mjpeg=01;35:*.gif=01;35:*.bmp=01;35:*.pbm=01;35:*.pgm=01;35:*.ppm=01;35:*.tga=01;35:*.xbm=01;35:*.xpm=01;35:*.tif=01;35:*.tiff=01;35:*.png=01;35:*.svg=01;35:*.svgz=01;35:*.mng=01;35:*.pcx=01;35:*.mov=01;35:*.mpg=01;35:*.mpeg=01;35:*.m2v=01;35:*.mkv=01;35:*.webm=01;35:*.webp=01;35:*.ogm=01;35:*.mp4=01;35:*.m4v=01;35:*.mp4v=01;35:*.vob=01;35:*.qt=01;35:*.nuv=01;35:*.wmv=01;35:*.asf=01;35:*.rm=01;35:*.rmvb=01;35:*.flc=01;35:*.avi=01;35:*.fli=01;35:*.flv=01;35:*.gl=01;35:*.dl=01;35:*.xcf=01;35:*.xwd=01;35:*.yuv=01;35:*.cgm=01;35:*.emf=01;35:*.ogv=01;35:*.ogx=01;35:*.aac=00;36:*.au=00;36:*.flac=00;36:*.m4a=00;36:*.mid=00;36:*.midi=00;36:*.mka=00;36:*.mp3=00;36:*.mpc=00;36:*.ogg=00;36:*.ra=00;36:*.wav=00;36:*.oga=00;36:*.opus=00;36:*.spx=00;36:*.xspf=00;36:*~=00;90:*#=00;90:*.bak=00;90:*.crdownload=00;90:*.dpkg-dist=00;90:*.dpkg-new=00;90:*.dpkg-old=00;90:*.dpkg-tmp=00;90:*.old=00;90:*.orig=00;90:*.part=00;90:*.rej=00;90:*.rpmnew=00;90:*.rpmorig=00;90:*.rpmsave=00;90:*.swp=00;90:*.tmp=00;90:*.ucf-dist=00;90:*.ucf-new=00;90:*.ucf-old=00;90:', 'GNOME_TERMINAL_SERVICE': ':1.124', 'SSH_AUTH_SOCK': '/run/user/1000/keyring/ssh', 'AMENT_PREFIX_PATH': '/opt/ros/jazzy', 'SHELL': '/bin/bash', 'LC_NAME': 'en_US.UTF-8', 'QT_ACCESSIBILITY': '1', 'GDMSESSION': 'ubuntu-wayland', 'LESSCLOSE': '/usr/bin/lesspipe %s %s', 'LC_MEASUREMENT': 'en_US.UTF-8', 'LC_IDENTIFICATION': 'en_US.UTF-8', 'ROS_AUTOMATIC_DISCOVERY_RANGE': 'SUBNET', 'QT_IM_MODULE': 'ibus', 'PWD': '/home/airlab/ros2_ws/build/carla_msgs', 'LC_ALL': 'en_US.UTF-8', 'XDG_CONFIG_DIRS': '/etc/xdg/xdg-ubuntu-wayland:/etc/xdg', 'XDG_DATA_DIRS': '/usr/share/ubuntu-wayland:/usr/share/gnome:/usr/local/share/:/usr/share/:/var/lib/snapd/desktop', 'PYTHONPATH': '/opt/ros/jazzy/lib/python3.12/site-packages:/home/airlab/carla/carla_venv/lib/python3.12/site-packages:/home/airlab/carla/PythonAPI/carla/dist/carla-0.10.0-cp312-cp312-linux_x86_64.whl:/home/airlab/carla/PythonAPI/carla', 'LC_NUMERIC': 'en_US.UTF-8', 'LC_PAPER': 'en_US.UTF-8', 'COLCON': '1', 'MEMORY_PRESSURE_WRITE': 'c29tZSAyMDAwMDAgMjAwMDAwMAA=', 'VTE_VERSION': '7600', 'CMAKE_PREFIX_PATH': '/opt/ros/jazzy/opt/gz_sim_vendor:/opt/ros/jazzy/opt/gz_sensors_vendor:/opt/ros/jazzy/opt/gz_physics_vendor:/opt/ros/jazzy/opt/sdformat_vendor:/opt/ros/jazzy/opt/gz_gui_vendor:/opt/ros/jazzy/opt/gz_transport_vendor:/opt/ros/jazzy/opt/gz_rendering_vendor:/opt/ros/jazzy/opt/gz_plugin_vendor:/opt/ros/jazzy/opt/gz_fuel_tools_vendor:/opt/ros/jazzy/opt/gz_msgs_vendor:/opt/ros/jazzy/opt/gz_common_vendor:/opt/ros/jazzy/opt/gz_math_vendor:/opt/ros/jazzy/opt/gz_utils_vendor:/opt/ros/jazzy/opt/gz_tools_vendor:/opt/ros/jazzy/opt/gz_ogre_next_vendor:/opt/ros/jazzy/opt/gz_dartsim_vendor:/opt/ros/jazzy/opt/gz_cmake_vendor:/opt/ros/jazzy'}), 'shell': False}
[7.597294] (carla_msgs) StdoutLine: {'line': b'-- Install configuration: ""\n'}
[7.597830] (carla_msgs) StdoutLine: {'line': b'-- Installing: /home/airlab/ros2_ws/install/carla_msgs/share/ament_index/resource_index/rosidl_interfaces/carla_msgs\n'}
[7.598351] (carla_msgs) StdoutLine: {'line': b'-- Installing: /home/airlab/ros2_ws/install/carla_msgs/share/carla_msgs/msg/CarlaBoundingBox.json\n'}
[7.598792] (carla_msgs) StdoutLine: {'line': b'-- Installing: /home/airlab/ros2_ws/install/carla_msgs/share/carla_msgs/msg/CarlaEgoVehicleControl.json\n'}
[7.599167] (carla_msgs) StdoutLine: {'line': b'-- Installing: /home/airlab/ros2_ws/install/carla_msgs/share/carla_msgs/msg/CarlaEgoVehicleStatus.json\n'}
[7.599470] (carla_msgs) StdoutLine: {'line': b'-- Installing: /home/airlab/ros2_ws/install/carla_msgs/share/carla_msgs/msg/CarlaEgoVehicleInfoWheel.json\n'}
[7.599780] (carla_msgs) StdoutLine: {'line': b'-- Installing: /home/airlab/ros2_ws/install/carla_msgs/share/carla_msgs/msg/CarlaEgoVehicleInfo.json\n'}
[7.600127] (carla_msgs) StdoutLine: {'line': b'-- Installing: /home/airlab/ros2_ws/install/carla_msgs/share/carla_msgs/msg/CarlaCollisionEvent.json\n'}
[7.600394] (carla_msgs) StdoutLine: {'line': b'-- Installing: /home/airlab/ros2_ws/install/carla_msgs/share/carla_msgs/msg/CarlaLaneInvasionEvent.json\n'}
[7.600655] (carla_msgs) StdoutLine: {'line': b'-- Installing: /home/airlab/ros2_ws/install/carla_msgs/share/carla_msgs/msg/CarlaWorldInfo.json\n'}
[7.601065] (carla_msgs) StdoutLine: {'line': b'-- Installing: /home/airlab/ros2_ws/install/carla_msgs/share/carla_msgs/msg/CarlaActorInfo.json\n'}
[7.601231] (carla_msgs) StdoutLine: {'line': b'-- Installing: /home/airlab/ros2_ws/install/carla_msgs/share/carla_msgs/msg/CarlaActorList.json\n'}
[7.601353] (carla_msgs) StdoutLine: {'line': b'-- Installing: /home/airlab/ros2_ws/install/carla_msgs/share/carla_msgs/msg/CarlaControl.json\n'}
[7.601464] (carla_msgs) StdoutLine: {'line': b'-- Installing: /home/airlab/ros2_ws/install/carla_msgs/share/carla_msgs/msg/CarlaStatus.json\n'}
[7.601564] (carla_msgs) StdoutLine: {'line': b'-- Installing: /home/airlab/ros2_ws/install/carla_msgs/share/carla_msgs/msg/CarlaTrafficLightInfo.json\n'}
[7.601663] (carla_msgs) StdoutLine: {'line': b'-- Installing: /home/airlab/ros2_ws/install/carla_msgs/share/carla_msgs/msg/CarlaTrafficLightInfoList.json\n'}
[7.601759] (carla_msgs) StdoutLine: {'line': b'-- Installing: /home/airlab/ros2_ws/install/carla_msgs/share/carla_msgs/msg/CarlaTrafficLightStatus.json\n'}
[7.601969] (carla_msgs) StdoutLine: {'line': b'-- Installing: /home/airlab/ros2_ws/install/carla_msgs/share/carla_msgs/msg/CarlaTrafficLightStatusList.json\n'}
[7.602105] (carla_msgs) StdoutLine: {'line': b'-- Installing: /home/airlab/ros2_ws/install/carla_msgs/share/carla_msgs/msg/CarlaWalkerControl.json\n'}
[7.602204] (carla_msgs) StdoutLine: {'line': b'-- Installing: /home/airlab/ros2_ws/install/carla_msgs/share/carla_msgs/msg/CarlaWeatherParameters.json\n'}
[7.602299] (carla_msgs) StdoutLine: {'line': b'-- Installing: /home/airlab/ros2_ws/install/carla_msgs/share/carla_msgs/srv/SpawnObject.json\n'}
[7.602458] (carla_msgs) StdoutLine: {'line': b'-- Installing: /home/airlab/ros2_ws/install/carla_msgs/share/carla_msgs/srv/DestroyObject.json\n'}
[7.602557] (carla_msgs) StdoutLine: {'line': b'-- Installing: /home/airlab/ros2_ws/install/carla_msgs/share/carla_msgs/srv/GetBlueprints.json\n'}
[7.602651] (carla_msgs) StdoutLine: {'line': b'-- Installing: /home/airlab/ros2_ws/install/carla_msgs/include/carla_msgs/carla_msgs\n'}
[7.602746] (carla_msgs) StdoutLine: {'line': b'-- Installing: /home/airlab/ros2_ws/install/carla_msgs/include/carla_msgs/carla_msgs/srv\n'}
[7.602856] (carla_msgs) StdoutLine: {'line': b'-- Installing: /home/airlab/ros2_ws/install/carla_msgs/include/carla_msgs/carla_msgs/srv/detail\n'}
[7.602998] (carla_msgs) StdoutLine: {'line': b'-- Installing: /home/airlab/ros2_ws/install/carla_msgs/include/carla_msgs/carla_msgs/srv/detail/get_blueprints__struct.h\n'}
[7.603098] (carla_msgs) StdoutLine: {'line': b'-- Installing: /home/airlab/ros2_ws/install/carla_msgs/include/carla_msgs/carla_msgs/srv/detail/spawn_object__description.c\n'}
[7.603195] (carla_msgs) StdoutLine: {'line': b'-- Installing: /home/airlab/ros2_ws/install/carla_msgs/include/carla_msgs/carla_msgs/srv/detail/spawn_object__functions.h\n'}
[7.603293] (carla_msgs) StdoutLine: {'line': b'-- Installing: /home/airlab/ros2_ws/install/carla_msgs/include/carla_msgs/carla_msgs/srv/detail/spawn_object__struct.h\n'}
[7.603389] (carla_msgs) StdoutLine: {'line': b'-- Installing: /home/airlab/ros2_ws/install/carla_msgs/include/carla_msgs/carla_msgs/srv/detail/spawn_object__functions.c\n'}
[7.603486] (carla_msgs) StdoutLine: {'line': b'-- Installing: /home/airlab/ros2_ws/install/carla_msgs/include/carla_msgs/carla_msgs/srv/detail/spawn_object__type_support.c\n'}
[7.603578] (carla_msgs) StdoutLine: {'line': b'-- Installing: /home/airlab/ros2_ws/install/carla_msgs/include/carla_msgs/carla_msgs/srv/detail/destroy_object__description.c\n'}
[7.603673] (carla_msgs) StdoutLine: {'line': b'-- Installing: /home/airlab/ros2_ws/install/carla_msgs/include/carla_msgs/carla_msgs/srv/detail/get_blueprints__description.c\n'}
[7.603768] (carla_msgs) StdoutLine: {'line': b'-- Installing: /home/airlab/ros2_ws/install/carla_msgs/include/carla_msgs/carla_msgs/srv/detail/get_blueprints__functions.c\n'}
[7.603874] (carla_msgs) StdoutLine: {'line': b'-- Installing: /home/airlab/ros2_ws/install/carla_msgs/include/carla_msgs/carla_msgs/srv/detail/destroy_object__struct.h\n'}
[7.603968] (carla_msgs) StdoutLine: {'line': b'-- Installing: /home/airlab/ros2_ws/install/carla_msgs/include/carla_msgs/carla_msgs/srv/detail/spawn_object__type_support.h\n'}
[7.604140] (carla_msgs) StdoutLine: {'line': b'-- Installing: /home/airlab/ros2_ws/install/carla_msgs/include/carla_msgs/carla_msgs/srv/detail/get_blueprints__type_support.c\n'}
[7.604247] (carla_msgs) StdoutLine: {'line': b'-- Installing: /home/airlab/ros2_ws/install/carla_msgs/include/carla_msgs/carla_msgs/srv/detail/destroy_object__type_support.h\n'}
[7.604345] (carla_msgs) StdoutLine: {'line': b'-- Installing: /home/airlab/ros2_ws/install/carla_msgs/include/carla_msgs/carla_msgs/srv/detail/destroy_object__type_support.c\n'}
[7.604439] (carla_msgs) StdoutLine: {'line': b'-- Installing: /home/airlab/ros2_ws/install/carla_msgs/include/carla_msgs/carla_msgs/srv/detail/destroy_object__functions.c\n'}
[7.604625] (carla_msgs) StdoutLine: {'line': b'-- Installing: /home/airlab/ros2_ws/install/carla_msgs/include/carla_msgs/carla_msgs/srv/detail/get_blueprints__type_support.h\n'}
[7.604728] (carla_msgs) StdoutLine: {'line': b'-- Installing: /home/airlab/ros2_ws/install/carla_msgs/include/carla_msgs/carla_msgs/srv/detail/get_blueprints__functions.h\n'}
[7.604834] (carla_msgs) StdoutLine: {'line': b'-- Installing: /home/airlab/ros2_ws/install/carla_msgs/include/carla_msgs/carla_msgs/srv/detail/destroy_object__functions.h\n'}
[7.604932] (carla_msgs) StdoutLine: {'line': b'-- Installing: /home/airlab/ros2_ws/install/carla_msgs/include/carla_msgs/carla_msgs/srv/spawn_object.h\n'}
[7.605026] (carla_msgs) StdoutLine: {'line': b'-- Installing: /home/airlab/ros2_ws/install/carla_msgs/include/carla_msgs/carla_msgs/srv/destroy_object.h\n'}
[7.605183] (carla_msgs) StdoutLine: {'line': b'-- Installing: /home/airlab/ros2_ws/install/carla_msgs/include/carla_msgs/carla_msgs/srv/get_blueprints.h\n'}
[7.605260] (carla_msgs) StdoutLine: {'line': b'-- Installing: /home/airlab/ros2_ws/install/carla_msgs/include/carla_msgs/carla_msgs/msg\n'}
[7.605333] (carla_msgs) StdoutLine: {'line': b'-- Installing: /home/airlab/ros2_ws/install/carla_msgs/include/carla_msgs/carla_msgs/msg/carla_actor_list.h\n'}
[7.605404] (carla_msgs) StdoutLine: {'line': b'-- Installing: /home/airlab/ros2_ws/install/carla_msgs/include/carla_msgs/carla_msgs/msg/detail\n'}
[7.605474] (carla_msgs) StdoutLine: {'line': b'-- Installing: /home/airlab/ros2_ws/install/carla_msgs/include/carla_msgs/carla_msgs/msg/detail/carla_traffic_light_status__type_support.c\n'}
[7.605589] (carla_msgs) StdoutLine: {'line': b'-- Installing: /home/airlab/ros2_ws/install/carla_msgs/include/carla_msgs/carla_msgs/msg/detail/carla_weather_parameters__functions.h\n'}
[7.605660] (carla_msgs) StdoutLine: {'line': b'-- Installing: /home/airlab/ros2_ws/install/carla_msgs/include/carla_msgs/carla_msgs/msg/detail/carla_bounding_box__type_support.c\n'}
[7.605730] (carla_msgs) StdoutLine: {'line': b'-- Installing: /home/airlab/ros2_ws/install/carla_msgs/include/carla_msgs/carla_msgs/msg/detail/carla_ego_vehicle_info__functions.h\n'}
[7.605846] (carla_msgs) StdoutLine: {'line': b'-- Installing: /home/airlab/ros2_ws/install/carla_msgs/include/carla_msgs/carla_msgs/msg/detail/carla_ego_vehicle_info__type_support.c\n'}
[7.605919] (carla_msgs) StdoutLine: {'line': b'-- Installing: /home/airlab/ros2_ws/install/carla_msgs/include/carla_msgs/carla_msgs/msg/detail/carla_weather_parameters__description.c\n'}
[7.606027] (carla_msgs) StdoutLine: {'line': b'-- Installing: /home/airlab/ros2_ws/install/carla_msgs/include/carla_msgs/carla_msgs/msg/detail/carla_walker_control__functions.h\n'}
[7.606096] (carla_msgs) StdoutLine: {'line': b'-- Installing: /home/airlab/ros2_ws/install/carla_msgs/include/carla_msgs/carla_msgs/msg/detail/carla_bounding_box__functions.c\n'}
[7.606165] (carla_msgs) StdoutLine: {'line': b'-- Installing: /home/airlab/ros2_ws/install/carla_msgs/include/carla_msgs/carla_msgs/msg/detail/carla_actor_info__functions.c\n'}
[7.606237] (carla_msgs) StdoutLine: {'line': b'-- Installing: /home/airlab/ros2_ws/install/carla_msgs/include/carla_msgs/carla_msgs/msg/detail/carla_ego_vehicle_control__type_support.h\n'}
[7.606309] (carla_msgs) StdoutLine: {'line': b'-- Installing: /home/airlab/ros2_ws/install/carla_msgs/include/carla_msgs/carla_msgs/msg/detail/carla_walker_control__struct.h\n'}
[7.606379] (carla_msgs) StdoutLine: {'line': b'-- Installing: /home/airlab/ros2_ws/install/carla_msgs/include/carla_msgs/carla_msgs/msg/detail/carla_ego_vehicle_control__struct.h\n'}
[7.606449] (carla_msgs) StdoutLine: {'line': b'-- Installing: /home/airlab/ros2_ws/install/carla_msgs/include/carla_msgs/carla_msgs/msg/detail/carla_lane_invasion_event__type_support.h\n'}
[7.606519] (carla_msgs) StdoutLine: {'line': b'-- Installing: /home/airlab/ros2_ws/install/carla_msgs/include/carla_msgs/carla_msgs/msg/detail/carla_actor_info__description.c\n'}
[7.606589] (carla_msgs) StdoutLine: {'line': b'-- Installing: /home/airlab/ros2_ws/install/carla_msgs/include/carla_msgs/carla_msgs/msg/detail/carla_ego_vehicle_control__type_support.c\n'}
[7.606660] (carla_msgs) StdoutLine: {'line': b'-- Installing: /home/airlab/ros2_ws/install/carla_msgs/include/carla_msgs/carla_msgs/msg/detail/carla_ego_vehicle_status__type_support.c\n'}
[7.606729] (carla_msgs) StdoutLine: {'line': b'-- Installing: /home/airlab/ros2_ws/install/carla_msgs/include/carla_msgs/carla_msgs/msg/detail/carla_weather_parameters__struct.h\n'}
[7.606800] (carla_msgs) StdoutLine: {'line': b'-- Installing: /home/airlab/ros2_ws/install/carla_msgs/include/carla_msgs/carla_msgs/msg/detail/carla_collision_event__functions.h\n'}
[7.606877] (carla_msgs) StdoutLine: {'line': b'-- Installing: /home/airlab/ros2_ws/install/carla_msgs/include/carla_msgs/carla_msgs/msg/detail/carla_traffic_light_status__type_support.h\n'}
[7.606974] (carla_msgs) StdoutLine: {'line': b'-- Installing: /home/airlab/ros2_ws/install/carla_msgs/include/carla_msgs/carla_msgs/msg/detail/carla_actor_info__type_support.c\n'}
[7.607045] (carla_msgs) StdoutLine: {'line': b'-- Installing: /home/airlab/ros2_ws/install/carla_msgs/include/carla_msgs/carla_msgs/msg/detail/carla_traffic_light_status_list__functions.c\n'}
[7.607114] (carla_msgs) StdoutLine: {'line': b'-- Installing: /home/airlab/ros2_ws/install/carla_msgs/include/carla_msgs/carla_msgs/msg/detail/carla_weather_parameters__functions.c\n'}
[7.607184] (carla_msgs) StdoutLine: {'line': b'-- Installing: /home/airlab/ros2_ws/install/carla_msgs/include/carla_msgs/carla_msgs/msg/detail/carla_walker_control__functions.c\n'}
[7.607254] (carla_msgs) StdoutLine: {'line': b'-- Installing: /home/airlab/ros2_ws/install/carla_msgs/include/carla_msgs/carla_msgs/msg/detail/carla_ego_vehicle_control__description.c\n'}
[7.607326] (carla_msgs) StdoutLine: {'line': b'-- Installing: /home/airlab/ros2_ws/install/carla_msgs/include/carla_msgs/carla_msgs/msg/detail/carla_weather_parameters__type_support.h\n'}
[7.607395] (carla_msgs) StdoutLine: {'line': b'-- Installing: /home/airlab/ros2_ws/install/carla_msgs/include/carla_msgs/carla_msgs/msg/detail/carla_actor_list__type_support.c\n'}
[7.607525] (carla_msgs) StdoutLine: {'line': b'-- Installing: /home/airlab/ros2_ws/install/carla_msgs/include/carla_msgs/carla_msgs/msg/detail/carla_walker_control__type_support.h\n'}
[7.607603] (carla_msgs) StdoutLine: {'line': b'-- Installing: /home/airlab/ros2_ws/install/carla_msgs/include/carla_msgs/carla_msgs/msg/detail/carla_traffic_light_status__functions.c\n'}
[7.607677] (carla_msgs) StdoutLine: {'line': b'-- Installing: /home/airlab/ros2_ws/install/carla_msgs/include/carla_msgs/carla_msgs/msg/detail/carla_control__struct.h\n'}
[7.607826] (carla_msgs) StdoutLine: {'line': b'-- Installing: /home/airlab/ros2_ws/install/carla_msgs/include/carla_msgs/carla_msgs/msg/detail/carla_traffic_light_info__type_support.h\n'}
[7.607912] (carla_msgs) StdoutLine: {'line': b'-- Installing: /home/airlab/ros2_ws/install/carla_msgs/include/carla_msgs/carla_msgs/msg/detail/carla_status__type_support.c\n'}
[7.607981] (carla_msgs) StdoutLine: {'line': b'-- Installing: /home/airlab/ros2_ws/install/carla_msgs/include/carla_msgs/carla_msgs/msg/detail/carla_ego_vehicle_status__type_support.h\n'}
[7.608052] (carla_msgs) StdoutLine: {'line': b'-- Installing: /home/airlab/ros2_ws/install/carla_msgs/include/carla_msgs/carla_msgs/msg/detail/carla_collision_event__functions.c\n'}
[7.608121] (carla_msgs) StdoutLine: {'line': b'-- Installing: /home/airlab/ros2_ws/install/carla_msgs/include/carla_msgs/carla_msgs/msg/detail/carla_control__functions.h\n'}
[7.608191] (carla_msgs) StdoutLine: {'line': b'-- Installing: /home/airlab/ros2_ws/install/carla_msgs/include/carla_msgs/carla_msgs/msg/detail/carla_ego_vehicle_control__functions.c\n'}
[7.608314] (carla_msgs) StdoutLine: {'line': b'-- Installing: /home/airlab/ros2_ws/install/carla_msgs/include/carla_msgs/carla_msgs/msg/detail/carla_traffic_light_info_list__functions.c\n'}
[7.608381] (carla_msgs) StdoutLine: {'line': b'-- Installing: /home/airlab/ros2_ws/install/carla_msgs/include/carla_msgs/carla_msgs/msg/detail/carla_actor_info__type_support.h\n'}
[7.608482] (carla_msgs) StdoutLine: {'line': b'-- Installing: /home/airlab/ros2_ws/install/carla_msgs/include/carla_msgs/carla_msgs/msg/detail/carla_status__functions.c\n'}
[7.608546] (carla_msgs) StdoutLine: {'line': b'-- Installing: /home/airlab/ros2_ws/install/carla_msgs/include/carla_msgs/carla_msgs/msg/detail/carla_ego_vehicle_control__functions.h\n'}
[7.608614] (carla_msgs) StdoutLine: {'line': b'-- Installing: /home/airlab/ros2_ws/install/carla_msgs/include/carla_msgs/carla_msgs/msg/detail/carla_ego_vehicle_info_wheel__type_support.c\n'}
[7.608685] (carla_msgs) StdoutLine: {'line': b'-- Installing: /home/airlab/ros2_ws/install/carla_msgs/include/carla_msgs/carla_msgs/msg/detail/carla_actor_list__type_support.h\n'}
[7.608792] (carla_msgs) StdoutLine: {'line': b'-- Installing: /home/airlab/ros2_ws/install/carla_msgs/include/carla_msgs/carla_msgs/msg/detail/carla_ego_vehicle_status__functions.c\n'}
[7.608868] (carla_msgs) StdoutLine: {'line': b'-- Installing: /home/airlab/ros2_ws/install/carla_msgs/include/carla_msgs/carla_msgs/msg/detail/carla_control__description.c\n'}
[7.608938] (carla_msgs) StdoutLine: {'line': b'-- Installing: /home/airlab/ros2_ws/install/carla_msgs/include/carla_msgs/carla_msgs/msg/detail/carla_status__struct.h\n'}
[7.609009] (carla_msgs) StdoutLine: {'line': b'-- Installing: /home/airlab/ros2_ws/install/carla_msgs/include/carla_msgs/carla_msgs/msg/detail/carla_ego_vehicle_info__struct.h\n'}
[7.609079] (carla_msgs) StdoutLine: {'line': b'-- Installing: /home/airlab/ros2_ws/install/carla_msgs/include/carla_msgs/carla_msgs/msg/detail/carla_ego_vehicle_status__functions.h\n'}
[7.609149] (carla_msgs) StdoutLine: {'line': b'-- Installing: /home/airlab/ros2_ws/install/carla_msgs/include/carla_msgs/carla_msgs/msg/detail/carla_traffic_light_info__functions.c\n'}
[7.609211] (carla_msgs) StdoutLine: {'line': b'-- Installing: /home/airlab/ros2_ws/install/carla_msgs/include/carla_msgs/carla_msgs/msg/detail/carla_traffic_light_status_list__type_support.h\n'}
[7.609256] (carla_msgs) StdoutLine: {'line': b'-- Installing: /home/airlab/ros2_ws/install/carla_msgs/include/carla_msgs/carla_msgs/msg/detail/carla_traffic_light_info_list__description.c\n'}
[7.609303] (carla_msgs) StdoutLine: {'line': b'-- Installing: /home/airlab/ros2_ws/install/carla_msgs/include/carla_msgs/carla_msgs/msg/detail/carla_actor_list__description.c\n'}
[7.609349] (carla_msgs) StdoutLine: {'line': b'-- Installing: /home/airlab/ros2_ws/install/carla_msgs/include/carla_msgs/carla_msgs/msg/detail/carla_collision_event__struct.h\n'}
[7.609396] (carla_msgs) StdoutLine: {'line': b'-- Installing: /home/airlab/ros2_ws/install/carla_msgs/include/carla_msgs/carla_msgs/msg/detail/carla_ego_vehicle_info_wheel__struct.h\n'}
[7.609443] (carla_msgs) StdoutLine: {'line': b'-- Installing: /home/airlab/ros2_ws/install/carla_msgs/include/carla_msgs/carla_msgs/msg/detail/carla_ego_vehicle_info_wheel__functions.c\n'}
[7.609488] (carla_msgs) StdoutLine: {'line': b'-- Installing: /home/airlab/ros2_ws/install/carla_msgs/include/carla_msgs/carla_msgs/msg/detail/carla_collision_event__type_support.h\n'}
[7.609533] (carla_msgs) StdoutLine: {'line': b'-- Installing: /home/airlab/ros2_ws/install/carla_msgs/include/carla_msgs/carla_msgs/msg/detail/carla_ego_vehicle_info__type_support.h\n'}
[7.609578] (carla_msgs) StdoutLine: {'line': b'-- Installing: /home/airlab/ros2_ws/install/carla_msgs/include/carla_msgs/carla_msgs/msg/detail/carla_traffic_light_status_list__description.c\n'}
[7.609623] (carla_msgs) StdoutLine: {'line': b'-- Installing: /home/airlab/ros2_ws/install/carla_msgs/include/carla_msgs/carla_msgs/msg/detail/carla_status__functions.h\n'}
[7.609668] (carla_msgs) StdoutLine: {'line': b'-- Installing: /home/airlab/ros2_ws/install/carla_msgs/include/carla_msgs/carla_msgs/msg/detail/carla_ego_vehicle_info__functions.c\n'}
[7.609729] (carla_msgs) StdoutLine: {'line': b'-- Installing: /home/airlab/ros2_ws/install/carla_msgs/include/carla_msgs/carla_msgs/msg/detail/carla_status__type_support.h\n'}
[7.609775] (carla_msgs) StdoutLine: {'line': b'-- Installing: /home/airlab/ros2_ws/install/carla_msgs/include/carla_msgs/carla_msgs/msg/detail/carla_world_info__type_support.c\n'}
[7.609823] (carla_msgs) StdoutLine: {'line': b'-- Installing: /home/airlab/ros2_ws/install/carla_msgs/include/carla_msgs/carla_msgs/msg/detail/carla_actor_list__functions.c\n'}
[7.609915] (carla_msgs) StdoutLine: {'line': b'-- Installing: /home/airlab/ros2_ws/install/carla_msgs/include/carla_msgs/carla_msgs/msg/detail/carla_collision_event__type_support.c\n'}
[7.609968] (carla_msgs) StdoutLine: {'line': b'-- Installing: /home/airlab/ros2_ws/install/carla_msgs/include/carla_msgs/carla_msgs/msg/detail/carla_ego_vehicle_info_wheel__type_support.h\n'}
[7.610015] (carla_msgs) StdoutLine: {'line': b'-- Installing: /home/airlab/ros2_ws/install/carla_msgs/include/carla_msgs/carla_msgs/msg/detail/carla_collision_event__description.c\n'}
[7.610101] (carla_msgs) StdoutLine: {'line': b'-- Installing: /home/airlab/ros2_ws/install/carla_msgs/include/carla_msgs/carla_msgs/msg/detail/carla_traffic_light_status__functions.h\n'}
[7.610143] (carla_msgs) StdoutLine: {'line': b'-- Installing: /home/airlab/ros2_ws/install/carla_msgs/include/carla_msgs/carla_msgs/msg/detail/carla_traffic_light_status__struct.h\n'}
[7.610187] (carla_msgs) StdoutLine: {'line': b'-- Installing: /home/airlab/ros2_ws/install/carla_msgs/include/carla_msgs/carla_msgs/msg/detail/carla_traffic_light_info_list__type_support.c\n'}
[7.610230] (carla_msgs) StdoutLine: {'line': b'-- Installing: /home/airlab/ros2_ws/install/carla_msgs/include/carla_msgs/carla_msgs/msg/detail/carla_ego_vehicle_info_wheel__description.c\n'}
[7.610291] (carla_msgs) StdoutLine: {'line': b'-- Installing: /home/airlab/ros2_ws/install/carla_msgs/include/carla_msgs/carla_msgs/msg/detail/carla_bounding_box__struct.h\n'}
[7.610337] (carla_msgs) StdoutLine: {'line': b'-- Installing: /home/airlab/ros2_ws/install/carla_msgs/include/carla_msgs/carla_msgs/msg/detail/carla_bounding_box__functions.h\n'}
[7.610382] (carla_msgs) StdoutLine: {'line': b'-- Installing: /home/airlab/ros2_ws/install/carla_msgs/include/carla_msgs/carla_msgs/msg/detail/carla_actor_list__functions.h\n'}
[7.610426] (carla_msgs) StdoutLine: {'line': b'-- Installing: /home/airlab/ros2_ws/install/carla_msgs/include/carla_msgs/carla_msgs/msg/detail/carla_traffic_light_status_list__functions.h\n'}
[7.610473] (carla_msgs) StdoutLine: {'line': b'-- Installing: /home/airlab/ros2_ws/install/carla_msgs/include/carla_msgs/carla_msgs/msg/detail/carla_walker_control__type_support.c\n'}
[7.610517] (carla_msgs) StdoutLine: {'line': b'-- Installing: /home/airlab/ros2_ws/install/carla_msgs/include/carla_msgs/carla_msgs/msg/detail/carla_world_info__type_support.h\n'}
[7.610561] (carla_msgs) StdoutLine: {'line': b'-- Installing: /home/airlab/ros2_ws/install/carla_msgs/include/carla_msgs/carla_msgs/msg/detail/carla_status__description.c\n'}
[7.610606] (carla_msgs) StdoutLine: {'line': b'-- Installing: /home/airlab/ros2_ws/install/carla_msgs/include/carla_msgs/carla_msgs/msg/detail/carla_traffic_light_info_list__type_support.h\n'}
[7.610654] (carla_msgs) StdoutLine: {'line': b'-- Installing: /home/airlab/ros2_ws/install/carla_msgs/include/carla_msgs/carla_msgs/msg/detail/carla_traffic_light_info__type_support.c\n'}
[7.610699] (carla_msgs) StdoutLine: {'line': b'-- Installing: /home/airlab/ros2_ws/install/carla_msgs/include/carla_msgs/carla_msgs/msg/detail/carla_actor_info__functions.h\n'}
[7.610745] (carla_msgs) StdoutLine: {'line': b'-- Installing: /home/airlab/ros2_ws/install/carla_msgs/include/carla_msgs/carla_msgs/msg/detail/carla_weather_parameters__type_support.c\n'}
[7.610790] (carla_msgs) StdoutLine: {'line': b'-- Installing: /home/airlab/ros2_ws/install/carla_msgs/include/carla_msgs/carla_msgs/msg/detail/carla_lane_invasion_event__type_support.c\n'}
[7.610838] (carla_msgs) StdoutLine: {'line': b'-- Installing: /home/airlab/ros2_ws/install/carla_msgs/include/carla_msgs/carla_msgs/msg/detail/carla_control__type_support.c\n'}
[7.610885] (carla_msgs) StdoutLine: {'line': b'-- Installing: /home/airlab/ros2_ws/install/carla_msgs/include/carla_msgs/carla_msgs/msg/detail/carla_world_info__functions.c\n'}
[7.610930] (carla_msgs) StdoutLine: {'line': b'-- Installing: /home/airlab/ros2_ws/install/carla_msgs/include/carla_msgs/carla_msgs/msg/detail/carla_traffic_light_info_list__functions.h\n'}
[7.610976] (carla_msgs) StdoutLine: {'line': b'-- Installing: /home/airlab/ros2_ws/install/carla_msgs/include/carla_msgs/carla_msgs/msg/detail/carla_actor_info__struct.h\n'}
[7.611042] (carla_msgs) StdoutLine: {'line': b'-- Installing: /home/airlab/ros2_ws/install/carla_msgs/include/carla_msgs/carla_msgs/msg/detail/carla_lane_invasion_event__description.c\n'}
[7.611142] (carla_msgs) StdoutLine: {'line': b'-- Installing: /home/airlab/ros2_ws/install/carla_msgs/include/carla_msgs/carla_msgs/msg/detail/carla_traffic_light_info__functions.h\n'}
[7.611192] (carla_msgs) StdoutLine: {'line': b'-- Installing: /home/airlab/ros2_ws/install/carla_msgs/include/carla_msgs/carla_msgs/msg/detail/carla_lane_invasion_event__functions.c\n'}
[7.611261] (carla_msgs) StdoutLine: {'line': b'-- Installing: /home/airlab/ros2_ws/install/carla_msgs/include/carla_msgs/carla_msgs/msg/detail/carla_traffic_light_info__description.c\n'}
[7.611306] (carla_msgs) StdoutLine: {'line': b'-- Installing: /home/airlab/ros2_ws/install/carla_msgs/include/carla_msgs/carla_msgs/msg/detail/carla_ego_vehicle_info__description.c\n'}
[7.611352] (carla_msgs) StdoutLine: {'line': b'-- Installing: /home/airlab/ros2_ws/install/carla_msgs/include/carla_msgs/carla_msgs/msg/detail/carla_ego_vehicle_info_wheel__functions.h\n'}
[7.611399] (carla_msgs) StdoutLine: {'line': b'-- Installing: /home/airlab/ros2_ws/install/carla_msgs/include/carla_msgs/carla_msgs/msg/detail/carla_ego_vehicle_status__description.c\n'}
[7.611445] (carla_msgs) StdoutLine: {'line': b'-- Installing: /home/airlab/ros2_ws/install/carla_msgs/include/carla_msgs/carla_msgs/msg/detail/carla_traffic_light_info__struct.h\n'}
[7.611491] (carla_msgs) StdoutLine: {'line': b'-- Installing: /home/airlab/ros2_ws/install/carla_msgs/include/carla_msgs/carla_msgs/msg/detail/carla_lane_invasion_event__struct.h\n'}
[7.611536] (carla_msgs) StdoutLine: {'line': b'-- Installing: /home/airlab/ros2_ws/install/carla_msgs/include/carla_msgs/carla_msgs/msg/detail/carla_traffic_light_status_list__type_support.c\n'}
[7.611581] (carla_msgs) StdoutLine: {'line': b'-- Installing: /home/airlab/ros2_ws/install/carla_msgs/include/carla_msgs/carla_msgs/msg/detail/carla_traffic_light_info_list__struct.h\n'}
[7.611627] (carla_msgs) StdoutLine: {'line': b'-- Installing: /home/airlab/ros2_ws/install/carla_msgs/include/carla_msgs/carla_msgs/msg/detail/carla_traffic_light_status_list__struct.h\n'}
[7.611689] (carla_msgs) StdoutLine: {'line': b'-- Installing: /home/airlab/ros2_ws/install/carla_msgs/include/carla_msgs/carla_msgs/msg/detail/carla_world_info__struct.h\n'}
[7.611736] (carla_msgs) StdoutLine: {'line': b'-- Installing: /home/airlab/ros2_ws/install/carla_msgs/include/carla_msgs/carla_msgs/msg/detail/carla_world_info__description.c\n'}
[7.611783] (carla_msgs) StdoutLine: {'line': b'-- Installing: /home/airlab/ros2_ws/install/carla_msgs/include/carla_msgs/carla_msgs/msg/detail/carla_bounding_box__type_support.h\n'}
[7.611875] (carla_msgs) StdoutLine: {'line': b'-- Installing: /home/airlab/ros2_ws/install/carla_msgs/include/carla_msgs/carla_msgs/msg/detail/carla_ego_vehicle_status__struct.h\n'}
[7.611920] (carla_msgs) StdoutLine: {'line': b'-- Installing: /home/airlab/ros2_ws/install/carla_msgs/include/carla_msgs/carla_msgs/msg/detail/carla_lane_invasion_event__functions.h\n'}
[7.611967] (carla_msgs) StdoutLine: {'line': b'-- Installing: /home/airlab/ros2_ws/install/carla_msgs/include/carla_msgs/carla_msgs/msg/detail/carla_walker_control__description.c\n'}
[7.612014] (carla_msgs) StdoutLine: {'line': b'-- Installing: /home/airlab/ros2_ws/install/carla_msgs/include/carla_msgs/carla_msgs/msg/detail/carla_world_info__functions.h\n'}
[7.612061] (carla_msgs) StdoutLine: {'line': b'-- Installing: /home/airlab/ros2_ws/install/carla_msgs/include/carla_msgs/carla_msgs/msg/detail/carla_control__type_support.h\n'}
[7.612108] (carla_msgs) StdoutLine: {'line': b'-- Installing: /home/airlab/ros2_ws/install/carla_msgs/include/carla_msgs/carla_msgs/msg/detail/carla_actor_list__struct.h\n'}
[7.612155] (carla_msgs) StdoutLine: {'line': b'-- Installing: /home/airlab/ros2_ws/install/carla_msgs/include/carla_msgs/carla_msgs/msg/detail/carla_bounding_box__description.c\n'}
[7.612201] (carla_msgs) StdoutLine: {'line': b'-- Installing: /home/airlab/ros2_ws/install/carla_msgs/include/carla_msgs/carla_msgs/msg/detail/carla_control__functions.c\n'}
[7.612247] (carla_msgs) StdoutLine: {'line': b'-- Installing: /home/airlab/ros2_ws/install/carla_msgs/include/carla_msgs/carla_msgs/msg/detail/carla_traffic_light_status__description.c\n'}
[7.612313] (carla_msgs) StdoutLine: {'line': b'-- Installing: /home/airlab/ros2_ws/install/carla_msgs/include/carla_msgs/carla_msgs/msg/carla_ego_vehicle_info.h\n'}
[7.612360] (carla_msgs) StdoutLine: {'line': b'-- Installing: /home/airlab/ros2_ws/install/carla_msgs/include/carla_msgs/carla_msgs/msg/carla_lane_invasion_event.h\n'}
[7.612407] (carla_msgs) StdoutLine: {'line': b'-- Installing: /home/airlab/ros2_ws/install/carla_msgs/include/carla_msgs/carla_msgs/msg/carla_weather_parameters.h\n'}
[7.612453] (carla_msgs) StdoutLine: {'line': b'-- Installing: /home/airlab/ros2_ws/install/carla_msgs/include/carla_msgs/carla_msgs/msg/carla_bounding_box.h\n'}
[7.612498] (carla_msgs) StdoutLine: {'line': b'-- Installing: /home/airlab/ros2_ws/install/carla_msgs/include/carla_msgs/carla_msgs/msg/carla_collision_event.h\n'}
[7.612544] (carla_msgs) StdoutLine: {'line': b'-- Installing: /home/airlab/ros2_ws/install/carla_msgs/include/carla_msgs/carla_msgs/msg/carla_actor_info.h\n'}
[7.612590] (carla_msgs) StdoutLine: {'line': b'-- Installing: /home/airlab/ros2_ws/install/carla_msgs/include/carla_msgs/carla_msgs/msg/carla_traffic_light_info.h\n'}
[7.612675] (carla_msgs) StdoutLine: {'line': b'-- Installing: /home/airlab/ros2_ws/install/carla_msgs/include/carla_msgs/carla_msgs/msg/carla_traffic_light_info_list.h\n'}
[7.612725] (carla_msgs) StdoutLine: {'line': b'-- Installing: /home/airlab/ros2_ws/install/carla_msgs/include/carla_msgs/carla_msgs/msg/carla_walker_control.h\n'}
[7.612802] (carla_msgs) StdoutLine: {'line': b'-- Installing: /home/airlab/ros2_ws/install/carla_msgs/include/carla_msgs/carla_msgs/msg/rosidl_generator_c__visibility_control.h\n'}
[7.612849] (carla_msgs) StdoutLine: {'line': b'-- Installing: /home/airlab/ros2_ws/install/carla_msgs/include/carla_msgs/carla_msgs/msg/carla_world_info.h\n'}
[7.612893] (carla_msgs) StdoutLine: {'line': b'-- Installing: /home/airlab/ros2_ws/install/carla_msgs/include/carla_msgs/carla_msgs/msg/carla_ego_vehicle_control.h\n'}
[7.612937] (carla_msgs) StdoutLine: {'line': b'-- Installing: /home/airlab/ros2_ws/install/carla_msgs/include/carla_msgs/carla_msgs/msg/carla_traffic_light_status_list.h\n'}
[7.612979] (carla_msgs) StdoutLine: {'line': b'-- Installing: /home/airlab/ros2_ws/install/carla_msgs/include/carla_msgs/carla_msgs/msg/carla_traffic_light_status.h\n'}
[7.613022] (carla_msgs) StdoutLine: {'line': b'-- Installing: /home/airlab/ros2_ws/install/carla_msgs/include/carla_msgs/carla_msgs/msg/carla_ego_vehicle_info_wheel.h\n'}
[7.613068] (carla_msgs) StdoutLine: {'line': b'-- Installing: /home/airlab/ros2_ws/install/carla_msgs/include/carla_msgs/carla_msgs/msg/carla_status.h\n'}
[7.613113] (carla_msgs) StdoutLine: {'line': b'-- Installing: /home/airlab/ros2_ws/install/carla_msgs/include/carla_msgs/carla_msgs/msg/carla_control.h\n'}
[7.613157] (carla_msgs) StdoutLine: {'line': b'-- Installing: /home/airlab/ros2_ws/install/carla_msgs/include/carla_msgs/carla_msgs/msg/carla_ego_vehicle_status.h\n'}
[7.613202] (carla_msgs) StdoutLine: {'line': b'-- Installing: /home/airlab/ros2_ws/install/carla_msgs/share/carla_msgs/environment/library_path.sh\n'}
[7.613248] (carla_msgs) StdoutLine: {'line': b'-- Installing: /home/airlab/ros2_ws/install/carla_msgs/share/carla_msgs/environment/library_path.dsv\n'}
[7.613291] (carla_msgs) StdoutLine: {'line': b'-- Installing: /home/airlab/ros2_ws/install/carla_msgs/lib/libcarla_msgs__rosidl_generator_c.so\n'}
[7.613341] (carla_msgs) StdoutLine: {'line': b'-- Set non-toolchain portion of runtime path of "/home/airlab/ros2_ws/install/carla_msgs/lib/libcarla_msgs__rosidl_generator_c.so" to ""\n'}
[7.613396] (carla_msgs) StdoutLine: {'line': b'-- Up-to-date: /home/airlab/ros2_ws/install/carla_msgs/include/carla_msgs/carla_msgs\n'}
[7.613443] (carla_msgs) StdoutLine: {'line': b'-- Up-to-date: /home/airlab/ros2_ws/install/carla_msgs/include/carla_msgs/carla_msgs/srv\n'}
[7.613473] (carla_msgs) StdoutLine: {'line': b'-- Up-to-date: /home/airlab/ros2_ws/install/carla_msgs/include/carla_msgs/carla_msgs/srv/detail\n'}
[7.613504] (carla_msgs) StdoutLine: {'line': b'-- Installing: /home/airlab/ros2_ws/install/carla_msgs/include/carla_msgs/carla_msgs/srv/detail/destroy_object__rosidl_typesupport_fastrtps_c.h\n'}
[7.613550] (carla_msgs) StdoutLine: {'line': b'-- Installing: /home/airlab/ros2_ws/install/carla_msgs/include/carla_msgs/carla_msgs/srv/detail/spawn_object__rosidl_typesupport_fastrtps_c.h\n'}
[7.613581] (carla_msgs) StdoutLine: {'line': b'-- Installing: /home/airlab/ros2_ws/install/carla_msgs/include/carla_msgs/carla_msgs/srv/detail/get_blueprints__rosidl_typesupport_fastrtps_c.h\n'}
[7.613610] (carla_msgs) StdoutLine: {'line': b'-- Up-to-date: /home/airlab/ros2_ws/install/carla_msgs/include/carla_msgs/carla_msgs/msg\n'}
[7.613638] (carla_msgs) StdoutLine: {'line': b'-- Up-to-date: /home/airlab/ros2_ws/install/carla_msgs/include/carla_msgs/carla_msgs/msg/detail\n'}
[7.613666] (carla_msgs) StdoutLine: {'line': b'-- Installing: /home/airlab/ros2_ws/install/carla_msgs/include/carla_msgs/carla_msgs/msg/detail/carla_actor_list__rosidl_typesupport_fastrtps_c.h\n'}
[7.613696] (carla_msgs) StdoutLine: {'line': b'-- Installing: /home/airlab/ros2_ws/install/carla_msgs/include/carla_msgs/carla_msgs/msg/detail/carla_actor_info__rosidl_typesupport_fastrtps_c.h\n'}
[7.613724] (carla_msgs) StdoutLine: {'line': b'-- Installing: /home/airlab/ros2_ws/install/carla_msgs/include/carla_msgs/carla_msgs/msg/detail/carla_traffic_light_info__rosidl_typesupport_fastrtps_c.h\n'}
[7.613753] (carla_msgs) StdoutLine: {'line': b'-- Installing: /home/airlab/ros2_ws/install/carla_msgs/include/carla_msgs/carla_msgs/msg/detail/carla_traffic_light_status__rosidl_typesupport_fastrtps_c.h\n'}
[7.613781] (carla_msgs) StdoutLine: {'line': b'-- Installing: /home/airlab/ros2_ws/install/carla_msgs/include/carla_msgs/carla_msgs/msg/detail/carla_control__rosidl_typesupport_fastrtps_c.h\n'}
[7.613812] (carla_msgs) StdoutLine: {'line': b'-- Installing: /home/airlab/ros2_ws/install/carla_msgs/include/carla_msgs/carla_msgs/msg/detail/carla_weather_parameters__rosidl_typesupport_fastrtps_c.h\n'}
[7.613855] (carla_msgs) StdoutLine: {'line': b'-- Installing: /home/airlab/ros2_ws/install/carla_msgs/include/carla_msgs/carla_msgs/msg/detail/carla_traffic_light_status_list__rosidl_typesupport_fastrtps_c.h\n'}
[7.613915] (carla_msgs) StdoutLine: {'line': b'-- Installing: /home/airlab/ros2_ws/install/carla_msgs/include/carla_msgs/carla_msgs/msg/detail/carla_bounding_box__rosidl_typesupport_fastrtps_c.h\n'}
[7.613947] (carla_msgs) StdoutLine: {'line': b'-- Installing: /home/airlab/ros2_ws/install/carla_msgs/include/carla_msgs/carla_msgs/msg/detail/carla_walker_control__rosidl_typesupport_fastrtps_c.h\n'}
[7.613977] (carla_msgs) StdoutLine: {'line': b'-- Installing: /home/airlab/ros2_ws/install/carla_msgs/include/carla_msgs/carla_msgs/msg/detail/carla_status__rosidl_typesupport_fastrtps_c.h\n'}
[7.614025] (carla_msgs) StdoutLine: {'line': b'-- Installing: /home/airlab/ros2_ws/install/carla_msgs/include/carla_msgs/carla_msgs/msg/detail/carla_ego_vehicle_info__rosidl_typesupport_fastrtps_c.h\n'}
[7.614053] (carla_msgs) StdoutLine: {'line': b'-- Installing: /home/airlab/ros2_ws/install/carla_msgs/include/carla_msgs/carla_msgs/msg/detail/carla_world_info__rosidl_typesupport_fastrtps_c.h\n'}
[7.614079] (carla_msgs) StdoutLine: {'line': b'-- Installing: /home/airlab/ros2_ws/install/carla_msgs/include/carla_msgs/carla_msgs/msg/detail/carla_collision_event__rosidl_typesupport_fastrtps_c.h\n'}
[7.614106] (carla_msgs) StdoutLine: {'line': b'-- Installing: /home/airlab/ros2_ws/install/carla_msgs/include/carla_msgs/carla_msgs/msg/detail/carla_lane_invasion_event__rosidl_typesupport_fastrtps_c.h\n'}
[7.614134] (carla_msgs) StdoutLine: {'line': b'-- Installing: /home/airlab/ros2_ws/install/carla_msgs/include/carla_msgs/carla_msgs/msg/detail/carla_ego_vehicle_status__rosidl_typesupport_fastrtps_c.h\n'}
[7.614160] (carla_msgs) StdoutLine: {'line': b'-- Installing: /home/airlab/ros2_ws/install/carla_msgs/include/carla_msgs/carla_msgs/msg/detail/carla_ego_vehicle_info_wheel__rosidl_typesupport_fastrtps_c.h\n'}
[7.614187] (carla_msgs) StdoutLine: {'line': b'-- Installing: /home/airlab/ros2_ws/install/carla_msgs/include/carla_msgs/carla_msgs/msg/detail/carla_traffic_light_info_list__rosidl_typesupport_fastrtps_c.h\n'}
[7.614222] (carla_msgs) StdoutLine: {'line': b'-- Installing: /home/airlab/ros2_ws/install/carla_msgs/include/carla_msgs/carla_msgs/msg/detail/carla_ego_vehicle_control__rosidl_typesupport_fastrtps_c.h\n'}
[7.614250] (carla_msgs) StdoutLine: {'line': b'-- Installing: /home/airlab/ros2_ws/install/carla_msgs/include/carla_msgs/carla_msgs/msg/rosidl_typesupport_fastrtps_c__visibility_control.h\n'}
[7.614279] (carla_msgs) StdoutLine: {'line': b'-- Installing: /home/airlab/ros2_ws/install/carla_msgs/lib/libcarla_msgs__rosidl_typesupport_fastrtps_c.so\n'}
[7.614307] (carla_msgs) StdoutLine: {'line': b'-- Set non-toolchain portion of runtime path of "/home/airlab/ros2_ws/install/carla_msgs/lib/libcarla_msgs__rosidl_typesupport_fastrtps_c.so" to ""\n'}
[7.614348] (carla_msgs) StdoutLine: {'line': b'-- Up-to-date: /home/airlab/ros2_ws/install/carla_msgs/include/carla_msgs/carla_msgs\n'}
[7.614402] (carla_msgs) StdoutLine: {'line': b'-- Up-to-date: /home/airlab/ros2_ws/install/carla_msgs/include/carla_msgs/carla_msgs/srv\n'}
[7.614441] (carla_msgs) StdoutLine: {'line': b'-- Up-to-date: /home/airlab/ros2_ws/install/carla_msgs/include/carla_msgs/carla_msgs/srv/detail\n'}
[7.614470] (carla_msgs) StdoutLine: {'line': b'-- Installing: /home/airlab/ros2_ws/install/carla_msgs/include/carla_msgs/carla_msgs/srv/detail/spawn_object__traits.hpp\n'}
[7.614499] (carla_msgs) StdoutLine: {'line': b'-- Installing: /home/airlab/ros2_ws/install/carla_msgs/include/carla_msgs/carla_msgs/srv/detail/get_blueprints__type_support.hpp\n'}
[7.614544] (carla_msgs) StdoutLine: {'line': b'-- Installing: /home/airlab/ros2_ws/install/carla_msgs/include/carla_msgs/carla_msgs/srv/detail/get_blueprints__struct.hpp\n'}
[7.614572] (carla_msgs) StdoutLine: {'line': b'-- Installing: /home/airlab/ros2_ws/install/carla_msgs/include/carla_msgs/carla_msgs/srv/detail/destroy_object__builder.hpp\n'}
[7.614602] (carla_msgs) StdoutLine: {'line': b'-- Installing: /home/airlab/ros2_ws/install/carla_msgs/include/carla_msgs/carla_msgs/srv/detail/get_blueprints__builder.hpp\n'}
[7.614631] (carla_msgs) StdoutLine: {'line': b'-- Installing: /home/airlab/ros2_ws/install/carla_msgs/include/carla_msgs/carla_msgs/srv/detail/destroy_object__struct.hpp\n'}
[7.614660] (carla_msgs) StdoutLine: {'line': b'-- Installing: /home/airlab/ros2_ws/install/carla_msgs/include/carla_msgs/carla_msgs/srv/detail/destroy_object__traits.hpp\n'}
[7.614688] (carla_msgs) StdoutLine: {'line': b'-- Installing: /home/airlab/ros2_ws/install/carla_msgs/include/carla_msgs/carla_msgs/srv/detail/get_blueprints__traits.hpp\n'}
[7.614716] (carla_msgs) StdoutLine: {'line': b'-- Installing: /home/airlab/ros2_ws/install/carla_msgs/include/carla_msgs/carla_msgs/srv/detail/destroy_object__type_support.hpp\n'}
[7.614756] (carla_msgs) StdoutLine: {'line': b'-- Installing: /home/airlab/ros2_ws/install/carla_msgs/include/carla_msgs/carla_msgs/srv/detail/spawn_object__type_support.hpp\n'}
[7.614811] (carla_msgs) StdoutLine: {'line': b'-- Installing: /home/airlab/ros2_ws/install/carla_msgs/include/carla_msgs/carla_msgs/srv/detail/spawn_object__builder.hpp\n'}
[7.614842] (carla_msgs) StdoutLine: {'line': b'-- Installing: /home/airlab/ros2_ws/install/carla_msgs/include/carla_msgs/carla_msgs/srv/detail/spawn_object__struct.hpp\n'}
[7.614871] (carla_msgs) StdoutLine: {'line': b'-- Installing: /home/airlab/ros2_ws/install/carla_msgs/include/carla_msgs/carla_msgs/srv/spawn_object.hpp\n'}
[7.614900] (carla_msgs) StdoutLine: {'line': b'-- Installing: /home/airlab/ros2_ws/install/carla_msgs/include/carla_msgs/carla_msgs/srv/get_blueprints.hpp\n'}
[7.614929] (-) TimerEvent: {}
[7.614980] (carla_msgs) StdoutLine: {'line': b'-- Installing: /home/airlab/ros2_ws/install/carla_msgs/include/carla_msgs/carla_msgs/srv/destroy_object.hpp\n'}
[7.615016] (carla_msgs) StdoutLine: {'line': b'-- Up-to-date: /home/airlab/ros2_ws/install/carla_msgs/include/carla_msgs/carla_msgs/msg\n'}
[7.615079] (carla_msgs) StdoutLine: {'line': b'-- Up-to-date: /home/airlab/ros2_ws/install/carla_msgs/include/carla_msgs/carla_msgs/msg/detail\n'}
[7.615108] (carla_msgs) StdoutLine: {'line': b'-- Installing: /home/airlab/ros2_ws/install/carla_msgs/include/carla_msgs/carla_msgs/msg/detail/carla_ego_vehicle_info__builder.hpp\n'}
[7.615138] (carla_msgs) StdoutLine: {'line': b'-- Installing: /home/airlab/ros2_ws/install/carla_msgs/include/carla_msgs/carla_msgs/msg/detail/carla_actor_list__builder.hpp\n'}
[7.615167] (carla_msgs) StdoutLine: {'line': b'-- Installing: /home/airlab/ros2_ws/install/carla_msgs/include/carla_msgs/carla_msgs/msg/detail/carla_world_info__traits.hpp\n'}
[7.615196] (carla_msgs) StdoutLine: {'line': b'-- Installing: /home/airlab/ros2_ws/install/carla_msgs/include/carla_msgs/carla_msgs/msg/detail/carla_bounding_box__struct.hpp\n'}
[7.615226] (carla_msgs) StdoutLine: {'line': b'-- Installing: /home/airlab/ros2_ws/install/carla_msgs/include/carla_msgs/carla_msgs/msg/detail/carla_traffic_light_status__type_support.hpp\n'}
[7.615254] (carla_msgs) StdoutLine: {'line': b'-- Installing: /home/airlab/ros2_ws/install/carla_msgs/include/carla_msgs/carla_msgs/msg/detail/carla_ego_vehicle_control__type_support.hpp\n'}
[7.615284] (carla_msgs) StdoutLine: {'line': b'-- Installing: /home/airlab/ros2_ws/install/carla_msgs/include/carla_msgs/carla_msgs/msg/detail/carla_status__traits.hpp\n'}
[7.615313] (carla_msgs) StdoutLine: {'line': b'-- Installing: /home/airlab/ros2_ws/install/carla_msgs/include/carla_msgs/carla_msgs/msg/detail/carla_traffic_light_info__struct.hpp\n'}
[7.615342] (carla_msgs) StdoutLine: {'line': b'-- Installing: /home/airlab/ros2_ws/install/carla_msgs/include/carla_msgs/carla_msgs/msg/detail/carla_actor_info__builder.hpp\n'}
[7.615371] (carla_msgs) StdoutLine: {'line': b'-- Installing: /home/airlab/ros2_ws/install/carla_msgs/include/carla_msgs/carla_msgs/msg/detail/carla_walker_control__builder.hpp\n'}
[7.615415] (carla_msgs) StdoutLine: {'line': b'-- Installing: /home/airlab/ros2_ws/install/carla_msgs/include/carla_msgs/carla_msgs/msg/detail/carla_control__struct.hpp\n'}
[7.615478] (carla_msgs) StdoutLine: {'line': b'-- Installing: /home/airlab/ros2_ws/install/carla_msgs/include/carla_msgs/carla_msgs/msg/detail/carla_traffic_light_info__type_support.hpp\n'}
[7.615509] (carla_msgs) StdoutLine: {'line': b'-- Installing: /home/airlab/ros2_ws/install/carla_msgs/include/carla_msgs/carla_msgs/msg/detail/carla_walker_control__traits.hpp\n'}
[7.615537] (carla_msgs) StdoutLine: {'line': b'-- Installing: /home/airlab/ros2_ws/install/carla_msgs/include/carla_msgs/carla_msgs/msg/detail/carla_actor_info__struct.hpp\n'}
[7.615566] (carla_msgs) StdoutLine: {'line': b'-- Installing: /home/airlab/ros2_ws/install/carla_msgs/include/carla_msgs/carla_msgs/msg/detail/carla_ego_vehicle_control__builder.hpp\n'}
[7.615594] (carla_msgs) StdoutLine: {'line': b'-- Installing: /home/airlab/ros2_ws/install/carla_msgs/include/carla_msgs/carla_msgs/msg/detail/carla_lane_invasion_event__type_support.hpp\n'}
[7.615632] (carla_msgs) StdoutLine: {'line': b'-- Installing: /home/airlab/ros2_ws/install/carla_msgs/include/carla_msgs/carla_msgs/msg/detail/carla_actor_info__traits.hpp\n'}
[7.615660] (carla_msgs) StdoutLine: {'line': b'-- Installing: /home/airlab/ros2_ws/install/carla_msgs/include/carla_msgs/carla_msgs/msg/detail/carla_weather_parameters__type_support.hpp\n'}
[7.615706] (carla_msgs) StdoutLine: {'line': b'-- Installing: /home/airlab/ros2_ws/install/carla_msgs/include/carla_msgs/carla_msgs/msg/detail/carla_actor_info__type_support.hpp\n'}
[7.615741] (carla_msgs) StdoutLine: {'line': b'-- Installing: /home/airlab/ros2_ws/install/carla_msgs/include/carla_msgs/carla_msgs/msg/detail/carla_world_info__struct.hpp\n'}
[7.615770] (carla_msgs) StdoutLine: {'line': b'-- Installing: /home/airlab/ros2_ws/install/carla_msgs/include/carla_msgs/carla_msgs/msg/detail/carla_ego_vehicle_control__struct.hpp\n'}
[7.615798] (carla_msgs) StdoutLine: {'line': b'-- Installing: /home/airlab/ros2_ws/install/carla_msgs/include/carla_msgs/carla_msgs/msg/detail/carla_traffic_light_info_list__type_support.hpp\n'}
[7.615846] (carla_msgs) StdoutLine: {'line': b'-- Installing: /home/airlab/ros2_ws/install/carla_msgs/include/carla_msgs/carla_msgs/msg/detail/carla_traffic_light_status__traits.hpp\n'}
[7.615876] (carla_msgs) StdoutLine: {'line': b'-- Installing: /home/airlab/ros2_ws/install/carla_msgs/include/carla_msgs/carla_msgs/msg/detail/carla_traffic_light_info_list__traits.hpp\n'}
[7.615904] (carla_msgs) StdoutLine: {'line': b'-- Installing: /home/airlab/ros2_ws/install/carla_msgs/include/carla_msgs/carla_msgs/msg/detail/carla_ego_vehicle_control__traits.hpp\n'}
[7.615932] (carla_msgs) StdoutLine: {'line': b'-- Installing: /home/airlab/ros2_ws/install/carla_msgs/include/carla_msgs/carla_msgs/msg/detail/carla_collision_event__traits.hpp\n'}
[7.615960] (carla_msgs) StdoutLine: {'line': b'-- Installing: /home/airlab/ros2_ws/install/carla_msgs/include/carla_msgs/carla_msgs/msg/detail/carla_ego_vehicle_info_wheel__traits.hpp\n'}
[7.615987] (carla_msgs) StdoutLine: {'line': b'-- Installing: /home/airlab/ros2_ws/install/carla_msgs/include/carla_msgs/carla_msgs/msg/detail/carla_ego_vehicle_info_wheel__struct.hpp\n'}
[7.616014] (carla_msgs) StdoutLine: {'line': b'-- Installing: /home/airlab/ros2_ws/install/carla_msgs/include/carla_msgs/carla_msgs/msg/detail/carla_traffic_light_status__builder.hpp\n'}
[7.616051] (carla_msgs) StdoutLine: {'line': b'-- Installing: /home/airlab/ros2_ws/install/carla_msgs/include/carla_msgs/carla_msgs/msg/detail/carla_ego_vehicle_status__traits.hpp\n'}
[7.616079] (carla_msgs) StdoutLine: {'line': b'-- Installing: /home/airlab/ros2_ws/install/carla_msgs/include/carla_msgs/carla_msgs/msg/detail/carla_actor_list__struct.hpp\n'}
[7.616107] (carla_msgs) StdoutLine: {'line': b'-- Installing: /home/airlab/ros2_ws/install/carla_msgs/include/carla_msgs/carla_msgs/msg/detail/carla_bounding_box__traits.hpp\n'}
[7.616134] (carla_msgs) StdoutLine: {'line': b'-- Installing: /home/airlab/ros2_ws/install/carla_msgs/include/carla_msgs/carla_msgs/msg/detail/carla_status__struct.hpp\n'}
[7.616181] (carla_msgs) StdoutLine: {'line': b'-- Installing: /home/airlab/ros2_ws/install/carla_msgs/include/carla_msgs/carla_msgs/msg/detail/carla_traffic_light_info__traits.hpp\n'}
[7.616213] (carla_msgs) StdoutLine: {'line': b'-- Installing: /home/airlab/ros2_ws/install/carla_msgs/include/carla_msgs/carla_msgs/msg/detail/carla_weather_parameters__traits.hpp\n'}
[7.616242] (carla_msgs) StdoutLine: {'line': b'-- Installing: /home/airlab/ros2_ws/install/carla_msgs/include/carla_msgs/carla_msgs/msg/detail/carla_lane_invasion_event__traits.hpp\n'}
[7.616271] (carla_msgs) StdoutLine: {'line': b'-- Installing: /home/airlab/ros2_ws/install/carla_msgs/include/carla_msgs/carla_msgs/msg/detail/carla_traffic_light_status_list__builder.hpp\n'}
[7.616300] (carla_msgs) StdoutLine: {'line': b'-- Installing: /home/airlab/ros2_ws/install/carla_msgs/include/carla_msgs/carla_msgs/msg/detail/carla_ego_vehicle_status__builder.hpp\n'}
[7.616348] (carla_msgs) StdoutLine: {'line': b'-- Installing: /home/airlab/ros2_ws/install/carla_msgs/include/carla_msgs/carla_msgs/msg/detail/carla_collision_event__builder.hpp\n'}
[7.616378] (carla_msgs) StdoutLine: {'line': b'-- Installing: /home/airlab/ros2_ws/install/carla_msgs/include/carla_msgs/carla_msgs/msg/detail/carla_traffic_light_status__struct.hpp\n'}
[7.616407] (carla_msgs) StdoutLine: {'line': b'-- Installing: /home/airlab/ros2_ws/install/carla_msgs/include/carla_msgs/carla_msgs/msg/detail/carla_bounding_box__type_support.hpp\n'}
[7.616435] (carla_msgs) StdoutLine: {'line': b'-- Installing: /home/airlab/ros2_ws/install/carla_msgs/include/carla_msgs/carla_msgs/msg/detail/carla_control__type_support.hpp\n'}
[7.616483] (carla_msgs) StdoutLine: {'line': b'-- Installing: /home/airlab/ros2_ws/install/carla_msgs/include/carla_msgs/carla_msgs/msg/detail/carla_ego_vehicle_status__type_support.hpp\n'}
[7.616514] (carla_msgs) StdoutLine: {'line': b'-- Installing: /home/airlab/ros2_ws/install/carla_msgs/include/carla_msgs/carla_msgs/msg/detail/carla_walker_control__type_support.hpp\n'}
[7.616566] (carla_msgs) StdoutLine: {'line': b'-- Installing: /home/airlab/ros2_ws/install/carla_msgs/include/carla_msgs/carla_msgs/msg/detail/carla_actor_list__traits.hpp\n'}
[7.616595] (carla_msgs) StdoutLine: {'line': b'-- Installing: /home/airlab/ros2_ws/install/carla_msgs/include/carla_msgs/carla_msgs/msg/detail/carla_ego_vehicle_status__struct.hpp\n'}
[7.616626] (carla_msgs) StdoutLine: {'line': b'-- Installing: /home/airlab/ros2_ws/install/carla_msgs/include/carla_msgs/carla_msgs/msg/detail/carla_actor_list__type_support.hpp\n'}
[7.616655] (carla_msgs) StdoutLine: {'line': b'-- Installing: /home/airlab/ros2_ws/install/carla_msgs/include/carla_msgs/carla_msgs/msg/detail/carla_lane_invasion_event__struct.hpp\n'}
[7.616684] (carla_msgs) StdoutLine: {'line': b'-- Installing: /home/airlab/ros2_ws/install/carla_msgs/include/carla_msgs/carla_msgs/msg/detail/carla_control__traits.hpp\n'}
[7.616738] (carla_msgs) StdoutLine: {'line': b'-- Installing: /home/airlab/ros2_ws/install/carla_msgs/include/carla_msgs/carla_msgs/msg/detail/carla_traffic_light_info_list__builder.hpp\n'}
[7.616773] (carla_msgs) StdoutLine: {'line': b'-- Installing: /home/airlab/ros2_ws/install/carla_msgs/include/carla_msgs/carla_msgs/msg/detail/carla_lane_invasion_event__builder.hpp\n'}
[7.616801] (carla_msgs) StdoutLine: {'line': b'-- Installing: /home/airlab/ros2_ws/install/carla_msgs/include/carla_msgs/carla_msgs/msg/detail/carla_world_info__type_support.hpp\n'}
[7.616831] (carla_msgs) StdoutLine: {'line': b'-- Installing: /home/airlab/ros2_ws/install/carla_msgs/include/carla_msgs/carla_msgs/msg/detail/carla_ego_vehicle_info__struct.hpp\n'}
[7.616860] (carla_msgs) StdoutLine: {'line': b'-- Installing: /home/airlab/ros2_ws/install/carla_msgs/include/carla_msgs/carla_msgs/msg/detail/carla_ego_vehicle_info_wheel__type_support.hpp\n'}
[7.616888] (carla_msgs) StdoutLine: {'line': b'-- Installing: /home/airlab/ros2_ws/install/carla_msgs/include/carla_msgs/carla_msgs/msg/detail/carla_ego_vehicle_info__traits.hpp\n'}
[7.616916] (carla_msgs) StdoutLine: {'line': b'-- Installing: /home/airlab/ros2_ws/install/carla_msgs/include/carla_msgs/carla_msgs/msg/detail/carla_collision_event__struct.hpp\n'}
[7.616946] (carla_msgs) StdoutLine: {'line': b'-- Installing: /home/airlab/ros2_ws/install/carla_msgs/include/carla_msgs/carla_msgs/msg/detail/carla_traffic_light_status_list__traits.hpp\n'}
[7.616974] (carla_msgs) StdoutLine: {'line': b'-- Installing: /home/airlab/ros2_ws/install/carla_msgs/include/carla_msgs/carla_msgs/msg/detail/carla_traffic_light_status_list__struct.hpp\n'}
[7.617012] (carla_msgs) StdoutLine: {'line': b'-- Installing: /home/airlab/ros2_ws/install/carla_msgs/include/carla_msgs/carla_msgs/msg/detail/carla_weather_parameters__builder.hpp\n'}
[7.617041] (carla_msgs) StdoutLine: {'line': b'-- Installing: /home/airlab/ros2_ws/install/carla_msgs/include/carla_msgs/carla_msgs/msg/detail/carla_traffic_light_info_list__struct.hpp\n'}
[7.617069] (carla_msgs) StdoutLine: {'line': b'-- Installing: /home/airlab/ros2_ws/install/carla_msgs/include/carla_msgs/carla_msgs/msg/detail/carla_collision_event__type_support.hpp\n'}
[7.617117] (carla_msgs) StdoutLine: {'line': b'-- Installing: /home/airlab/ros2_ws/install/carla_msgs/include/carla_msgs/carla_msgs/msg/detail/carla_ego_vehicle_info_wheel__builder.hpp\n'}
[7.617148] (carla_msgs) StdoutLine: {'line': b'-- Installing: /home/airlab/ros2_ws/install/carla_msgs/include/carla_msgs/carla_msgs/msg/detail/carla_control__builder.hpp\n'}
[7.617176] (carla_msgs) StdoutLine: {'line': b'-- Installing: /home/airlab/ros2_ws/install/carla_msgs/include/carla_msgs/carla_msgs/msg/detail/carla_traffic_light_status_list__type_support.hpp\n'}
[7.617205] (carla_msgs) StdoutLine: {'line': b'-- Installing: /home/airlab/ros2_ws/install/carla_msgs/include/carla_msgs/carla_msgs/msg/detail/carla_status__type_support.hpp\n'}
[7.617233] (carla_msgs) StdoutLine: {'line': b'-- Installing: /home/airlab/ros2_ws/install/carla_msgs/include/carla_msgs/carla_msgs/msg/detail/carla_bounding_box__builder.hpp\n'}
[7.617274] (carla_msgs) StdoutLine: {'line': b'-- Installing: /home/airlab/ros2_ws/install/carla_msgs/include/carla_msgs/carla_msgs/msg/detail/carla_weather_parameters__struct.hpp\n'}
[7.617301] (carla_msgs) StdoutLine: {'line': b'-- Installing: /home/airlab/ros2_ws/install/carla_msgs/include/carla_msgs/carla_msgs/msg/detail/carla_traffic_light_info__builder.hpp\n'}
[7.617329] (carla_msgs) StdoutLine: {'line': b'-- Installing: /home/airlab/ros2_ws/install/carla_msgs/include/carla_msgs/carla_msgs/msg/detail/carla_status__builder.hpp\n'}
[7.617357] (carla_msgs) StdoutLine: {'line': b'-- Installing: /home/airlab/ros2_ws/install/carla_msgs/include/carla_msgs/carla_msgs/msg/detail/carla_walker_control__struct.hpp\n'}
[7.617404] (carla_msgs) StdoutLine: {'line': b'-- Installing: /home/airlab/ros2_ws/install/carla_msgs/include/carla_msgs/carla_msgs/msg/detail/carla_ego_vehicle_info__type_support.hpp\n'}
[7.617435] (carla_msgs) StdoutLine: {'line': b'-- Installing: /home/airlab/ros2_ws/install/carla_msgs/include/carla_msgs/carla_msgs/msg/detail/carla_world_info__builder.hpp\n'}
[7.617465] (carla_msgs) StdoutLine: {'line': b'-- Installing: /home/airlab/ros2_ws/install/carla_msgs/include/carla_msgs/carla_msgs/msg/carla_traffic_light_status.hpp\n'}
[7.617494] (carla_msgs) StdoutLine: {'line': b'-- Installing: /home/airlab/ros2_ws/install/carla_msgs/include/carla_msgs/carla_msgs/msg/carla_traffic_light_info_list.hpp\n'}
[7.617542] (carla_msgs) StdoutLine: {'line': b'-- Installing: /home/airlab/ros2_ws/install/carla_msgs/include/carla_msgs/carla_msgs/msg/carla_traffic_light_info.hpp\n'}
[7.617572] (carla_msgs) StdoutLine: {'line': b'-- Installing: /home/airlab/ros2_ws/install/carla_msgs/include/carla_msgs/carla_msgs/msg/carla_ego_vehicle_control.hpp\n'}
[7.617600] (carla_msgs) StdoutLine: {'line': b'-- Installing: /home/airlab/ros2_ws/install/carla_msgs/include/carla_msgs/carla_msgs/msg/carla_bounding_box.hpp\n'}
[7.617628] (carla_msgs) StdoutLine: {'line': b'-- Installing: /home/airlab/ros2_ws/install/carla_msgs/include/carla_msgs/carla_msgs/msg/carla_actor_list.hpp\n'}
[7.617672] (carla_msgs) StdoutLine: {'line': b'-- Installing: /home/airlab/ros2_ws/install/carla_msgs/include/carla_msgs/carla_msgs/msg/rosidl_generator_cpp__visibility_control.hpp\n'}
[7.617700] (carla_msgs) StdoutLine: {'line': b'-- Installing: /home/airlab/ros2_ws/install/carla_msgs/include/carla_msgs/carla_msgs/msg/carla_collision_event.hpp\n'}
[7.617753] (carla_msgs) StdoutLine: {'line': b'-- Installing: /home/airlab/ros2_ws/install/carla_msgs/include/carla_msgs/carla_msgs/msg/carla_weather_parameters.hpp\n'}
[7.617779] (carla_msgs) StdoutLine: {'line': b'-- Installing: /home/airlab/ros2_ws/install/carla_msgs/include/carla_msgs/carla_msgs/msg/carla_control.hpp\n'}
[7.617808] (carla_msgs) StdoutLine: {'line': b'-- Installing: /home/airlab/ros2_ws/install/carla_msgs/include/carla_msgs/carla_msgs/msg/carla_status.hpp\n'}
[7.617836] (carla_msgs) StdoutLine: {'line': b'-- Installing: /home/airlab/ros2_ws/install/carla_msgs/include/carla_msgs/carla_msgs/msg/carla_world_info.hpp\n'}
[7.617864] (carla_msgs) StdoutLine: {'line': b'-- Installing: /home/airlab/ros2_ws/install/carla_msgs/include/carla_msgs/carla_msgs/msg/carla_ego_vehicle_info_wheel.hpp\n'}
[7.617891] (carla_msgs) StdoutLine: {'line': b'-- Installing: /home/airlab/ros2_ws/install/carla_msgs/include/carla_msgs/carla_msgs/msg/carla_actor_info.hpp\n'}
[7.617919] (carla_msgs) StdoutLine: {'line': b'-- Installing: /home/airlab/ros2_ws/install/carla_msgs/include/carla_msgs/carla_msgs/msg/carla_ego_vehicle_info.hpp\n'}
[7.617946] (carla_msgs) StdoutLine: {'line': b'-- Installing: /home/airlab/ros2_ws/install/carla_msgs/include/carla_msgs/carla_msgs/msg/carla_traffic_light_status_list.hpp\n'}
[7.617984] (carla_msgs) StdoutLine: {'line': b'-- Installing: /home/airlab/ros2_ws/install/carla_msgs/include/carla_msgs/carla_msgs/msg/carla_ego_vehicle_status.hpp\n'}
[7.618012] (carla_msgs) StdoutLine: {'line': b'-- Installing: /home/airlab/ros2_ws/install/carla_msgs/include/carla_msgs/carla_msgs/msg/carla_walker_control.hpp\n'}
[7.618066] (carla_msgs) StdoutLine: {'line': b'-- Installing: /home/airlab/ros2_ws/install/carla_msgs/include/carla_msgs/carla_msgs/msg/carla_lane_invasion_event.hpp\n'}
[7.618095] (carla_msgs) StdoutLine: {'line': b'-- Up-to-date: /home/airlab/ros2_ws/install/carla_msgs/include/carla_msgs/carla_msgs\n'}
[7.618124] (carla_msgs) StdoutLine: {'line': b'-- Up-to-date: /home/airlab/ros2_ws/install/carla_msgs/include/carla_msgs/carla_msgs/srv\n'}
[7.618152] (carla_msgs) StdoutLine: {'line': b'-- Up-to-date: /home/airlab/ros2_ws/install/carla_msgs/include/carla_msgs/carla_msgs/srv/detail\n'}
[7.618181] (carla_msgs) StdoutLine: {'line': b'-- Installing: /home/airlab/ros2_ws/install/carla_msgs/include/carla_msgs/carla_msgs/srv/detail/get_blueprints__rosidl_typesupport_fastrtps_cpp.hpp\n'}
[7.618208] (carla_msgs) StdoutLine: {'line': b'-- Installing: /home/airlab/ros2_ws/install/carla_msgs/include/carla_msgs/carla_msgs/srv/detail/spawn_object__rosidl_typesupport_fastrtps_cpp.hpp\n'}
[7.618237] (carla_msgs) StdoutLine: {'line': b'-- Installing: /home/airlab/ros2_ws/install/carla_msgs/include/carla_msgs/carla_msgs/srv/detail/dds_fastrtps\n'}
[7.618264] (carla_msgs) StdoutLine: {'line': b'-- Installing: /home/airlab/ros2_ws/install/carla_msgs/include/carla_msgs/carla_msgs/srv/detail/destroy_object__rosidl_typesupport_fastrtps_cpp.hpp\n'}
[7.618291] (carla_msgs) StdoutLine: {'line': b'-- Up-to-date: /home/airlab/ros2_ws/install/carla_msgs/include/carla_msgs/carla_msgs/msg\n'}
[7.618320] (carla_msgs) StdoutLine: {'line': b'-- Up-to-date: /home/airlab/ros2_ws/install/carla_msgs/include/carla_msgs/carla_msgs/msg/detail\n'}
[7.618348] (carla_msgs) StdoutLine: {'line': b'-- Installing: /home/airlab/ros2_ws/install/carla_msgs/include/carla_msgs/carla_msgs/msg/detail/carla_walker_control__rosidl_typesupport_fastrtps_cpp.hpp\n'}
[7.618390] (carla_msgs) StdoutLine: {'line': b'-- Installing: /home/airlab/ros2_ws/install/carla_msgs/include/carla_msgs/carla_msgs/msg/detail/carla_world_info__rosidl_typesupport_fastrtps_cpp.hpp\n'}
[7.618451] (carla_msgs) StdoutLine: {'line': b'-- Installing: /home/airlab/ros2_ws/install/carla_msgs/include/carla_msgs/carla_msgs/msg/detail/carla_traffic_light_info__rosidl_typesupport_fastrtps_cpp.hpp\n'}
[7.618481] (carla_msgs) StdoutLine: {'line': b'-- Installing: /home/airlab/ros2_ws/install/carla_msgs/include/carla_msgs/carla_msgs/msg/detail/carla_weather_parameters__rosidl_typesupport_fastrtps_cpp.hpp\n'}
[7.618511] (carla_msgs) StdoutLine: {'line': b'-- Installing: /home/airlab/ros2_ws/install/carla_msgs/include/carla_msgs/carla_msgs/msg/detail/carla_ego_vehicle_info_wheel__rosidl_typesupport_fastrtps_cpp.hpp\n'}
[7.618540] (carla_msgs) StdoutLine: {'line': b'-- Installing: /home/airlab/ros2_ws/install/carla_msgs/include/carla_msgs/carla_msgs/msg/detail/carla_ego_vehicle_info__rosidl_typesupport_fastrtps_cpp.hpp\n'}
[7.618566] (carla_msgs) StdoutLine: {'line': b'-- Installing: /home/airlab/ros2_ws/install/carla_msgs/include/carla_msgs/carla_msgs/msg/detail/carla_collision_event__rosidl_typesupport_fastrtps_cpp.hpp\n'}
[7.618595] (carla_msgs) StdoutLine: {'line': b'-- Installing: /home/airlab/ros2_ws/install/carla_msgs/include/carla_msgs/carla_msgs/msg/detail/carla_traffic_light_info_list__rosidl_typesupport_fastrtps_cpp.hpp\n'}
[7.618623] (carla_msgs) StdoutLine: {'line': b'-- Installing: /home/airlab/ros2_ws/install/carla_msgs/include/carla_msgs/carla_msgs/msg/detail/carla_ego_vehicle_status__rosidl_typesupport_fastrtps_cpp.hpp\n'}
[7.618647] (carla_msgs) StdoutLine: {'line': b'-- Installing: /home/airlab/ros2_ws/install/carla_msgs/include/carla_msgs/carla_msgs/msg/detail/carla_actor_list__rosidl_typesupport_fastrtps_cpp.hpp\n'}
[7.618682] (carla_msgs) StdoutLine: {'line': b'-- Installing: /home/airlab/ros2_ws/install/carla_msgs/include/carla_msgs/carla_msgs/msg/detail/carla_status__rosidl_typesupport_fastrtps_cpp.hpp\n'}
[7.618707] (carla_msgs) StdoutLine: {'line': b'-- Installing: /home/airlab/ros2_ws/install/carla_msgs/include/carla_msgs/carla_msgs/msg/detail/carla_control__rosidl_typesupport_fastrtps_cpp.hpp\n'}
[7.618754] (carla_msgs) StdoutLine: {'line': b'-- Installing: /home/airlab/ros2_ws/install/carla_msgs/include/carla_msgs/carla_msgs/msg/detail/carla_lane_invasion_event__rosidl_typesupport_fastrtps_cpp.hpp\n'}
[7.618778] (carla_msgs) StdoutLine: {'line': b'-- Installing: /home/airlab/ros2_ws/install/carla_msgs/include/carla_msgs/carla_msgs/msg/detail/carla_bounding_box__rosidl_typesupport_fastrtps_cpp.hpp\n'}
[7.618801] (carla_msgs) StdoutLine: {'line': b'-- Installing: /home/airlab/ros2_ws/install/carla_msgs/include/carla_msgs/carla_msgs/msg/detail/carla_actor_info__rosidl_typesupport_fastrtps_cpp.hpp\n'}
[7.618825] (carla_msgs) StdoutLine: {'line': b'-- Installing: /home/airlab/ros2_ws/install/carla_msgs/include/carla_msgs/carla_msgs/msg/detail/dds_fastrtps\n'}
[7.618848] (carla_msgs) StdoutLine: {'line': b'-- Installing: /home/airlab/ros2_ws/install/carla_msgs/include/carla_msgs/carla_msgs/msg/detail/carla_ego_vehicle_control__rosidl_typesupport_fastrtps_cpp.hpp\n'}
[7.618872] (carla_msgs) StdoutLine: {'line': b'-- Installing: /home/airlab/ros2_ws/install/carla_msgs/include/carla_msgs/carla_msgs/msg/detail/carla_traffic_light_status_list__rosidl_typesupport_fastrtps_cpp.hpp\n'}
[7.618895] (carla_msgs) StdoutLine: {'line': b'-- Installing: /home/airlab/ros2_ws/install/carla_msgs/include/carla_msgs/carla_msgs/msg/detail/carla_traffic_light_status__rosidl_typesupport_fastrtps_cpp.hpp\n'}
[7.618918] (carla_msgs) StdoutLine: {'line': b'-- Installing: /home/airlab/ros2_ws/install/carla_msgs/include/carla_msgs/carla_msgs/msg/rosidl_typesupport_fastrtps_cpp__visibility_control.h\n'}
[7.618941] (carla_msgs) StdoutLine: {'line': b'-- Installing: /home/airlab/ros2_ws/install/carla_msgs/lib/libcarla_msgs__rosidl_typesupport_fastrtps_cpp.so\n'}
[7.619016] (carla_msgs) StdoutLine: {'line': b'-- Set non-toolchain portion of runtime path of "/home/airlab/ros2_ws/install/carla_msgs/lib/libcarla_msgs__rosidl_typesupport_fastrtps_cpp.so" to ""\n'}
[7.619068] (carla_msgs) StdoutLine: {'line': b'-- Up-to-date: /home/airlab/ros2_ws/install/carla_msgs/include/carla_msgs/carla_msgs\n'}
[7.619100] (carla_msgs) StdoutLine: {'line': b'-- Up-to-date: /home/airlab/ros2_ws/install/carla_msgs/include/carla_msgs/carla_msgs/srv\n'}
[7.619125] (carla_msgs) StdoutLine: {'line': b'-- Up-to-date: /home/airlab/ros2_ws/install/carla_msgs/include/carla_msgs/carla_msgs/srv/detail\n'}
[7.619150] (carla_msgs) StdoutLine: {'line': b'-- Installing: /home/airlab/ros2_ws/install/carla_msgs/include/carla_msgs/carla_msgs/srv/detail/get_blueprints__rosidl_typesupport_introspection_c.h\n'}
[7.619175] (carla_msgs) StdoutLine: {'line': b'-- Installing: /home/airlab/ros2_ws/install/carla_msgs/include/carla_msgs/carla_msgs/srv/detail/spawn_object__rosidl_typesupport_introspection_c.h\n'}
[7.619212] (carla_msgs) StdoutLine: {'line': b'-- Installing: /home/airlab/ros2_ws/install/carla_msgs/include/carla_msgs/carla_msgs/srv/detail/spawn_object__type_support.c\n'}
[7.619260] (carla_msgs) StdoutLine: {'line': b'-- Installing: /home/airlab/ros2_ws/install/carla_msgs/include/carla_msgs/carla_msgs/srv/detail/get_blueprints__type_support.c\n'}
[7.619287] (carla_msgs) StdoutLine: {'line': b'-- Installing: /home/airlab/ros2_ws/install/carla_msgs/include/carla_msgs/carla_msgs/srv/detail/destroy_object__type_support.c\n'}
[7.619312] (carla_msgs) StdoutLine: {'line': b'-- Installing: /home/airlab/ros2_ws/install/carla_msgs/include/carla_msgs/carla_msgs/srv/detail/destroy_object__rosidl_typesupport_introspection_c.h\n'}
[7.619351] (carla_msgs) StdoutLine: {'line': b'-- Up-to-date: /home/airlab/ros2_ws/install/carla_msgs/include/carla_msgs/carla_msgs/msg\n'}
[7.619395] (carla_msgs) StdoutLine: {'line': b'-- Up-to-date: /home/airlab/ros2_ws/install/carla_msgs/include/carla_msgs/carla_msgs/msg/detail\n'}
[7.619421] (carla_msgs) StdoutLine: {'line': b'-- Installing: /home/airlab/ros2_ws/install/carla_msgs/include/carla_msgs/carla_msgs/msg/detail/carla_traffic_light_status__type_support.c\n'}
[7.619447] (carla_msgs) StdoutLine: {'line': b'-- Installing: /home/airlab/ros2_ws/install/carla_msgs/include/carla_msgs/carla_msgs/msg/detail/carla_bounding_box__type_support.c\n'}
[7.619485] (carla_msgs) StdoutLine: {'line': b'-- Installing: /home/airlab/ros2_ws/install/carla_msgs/include/carla_msgs/carla_msgs/msg/detail/carla_bounding_box__rosidl_typesupport_introspection_c.h\n'}
[7.619510] (carla_msgs) StdoutLine: {'line': b'-- Installing: /home/airlab/ros2_ws/install/carla_msgs/include/carla_msgs/carla_msgs/msg/detail/carla_ego_vehicle_info__type_support.c\n'}
[7.619550] (carla_msgs) StdoutLine: {'line': b'-- Installing: /home/airlab/ros2_ws/install/carla_msgs/include/carla_msgs/carla_msgs/msg/detail/carla_actor_info__rosidl_typesupport_introspection_c.h\n'}
[7.619578] (carla_msgs) StdoutLine: {'line': b'-- Installing: /home/airlab/ros2_ws/install/carla_msgs/include/carla_msgs/carla_msgs/msg/detail/carla_ego_vehicle_control__type_support.c\n'}
[7.619619] (carla_msgs) StdoutLine: {'line': b'-- Installing: /home/airlab/ros2_ws/install/carla_msgs/include/carla_msgs/carla_msgs/msg/detail/carla_ego_vehicle_status__type_support.c\n'}
[7.619646] (carla_msgs) StdoutLine: {'line': b'-- Installing: /home/airlab/ros2_ws/install/carla_msgs/include/carla_msgs/carla_msgs/msg/detail/carla_actor_info__type_support.c\n'}
[7.619683] (carla_msgs) StdoutLine: {'line': b'-- Installing: /home/airlab/ros2_ws/install/carla_msgs/include/carla_msgs/carla_msgs/msg/detail/carla_actor_list__type_support.c\n'}
[7.619708] (carla_msgs) StdoutLine: {'line': b'-- Installing: /home/airlab/ros2_ws/install/carla_msgs/include/carla_msgs/carla_msgs/msg/detail/carla_traffic_light_status__rosidl_typesupport_introspection_c.h\n'}
[7.619746] (carla_msgs) StdoutLine: {'line': b'-- Installing: /home/airlab/ros2_ws/install/carla_msgs/include/carla_msgs/carla_msgs/msg/detail/carla_world_info__rosidl_typesupport_introspection_c.h\n'}
[7.619772] (carla_msgs) StdoutLine: {'line': b'-- Installing: /home/airlab/ros2_ws/install/carla_msgs/include/carla_msgs/carla_msgs/msg/detail/carla_status__type_support.c\n'}
[7.619797] (carla_msgs) StdoutLine: {'line': b'-- Installing: /home/airlab/ros2_ws/install/carla_msgs/include/carla_msgs/carla_msgs/msg/detail/carla_ego_vehicle_info__rosidl_typesupport_introspection_c.h\n'}
[7.619840] (carla_msgs) StdoutLine: {'line': b'-- Installing: /home/airlab/ros2_ws/install/carla_msgs/include/carla_msgs/carla_msgs/msg/detail/carla_ego_vehicle_info_wheel__rosidl_typesupport_introspection_c.h\n'}
[7.619867] (carla_msgs) StdoutLine: {'line': b'-- Installing: /home/airlab/ros2_ws/install/carla_msgs/include/carla_msgs/carla_msgs/msg/detail/carla_ego_vehicle_control__rosidl_typesupport_introspection_c.h\n'}
[7.619909] (carla_msgs) StdoutLine: {'line': b'-- Installing: /home/airlab/ros2_ws/install/carla_msgs/include/carla_msgs/carla_msgs/msg/detail/carla_ego_vehicle_info_wheel__type_support.c\n'}
[7.619936] (carla_msgs) StdoutLine: {'line': b'-- Installing: /home/airlab/ros2_ws/install/carla_msgs/include/carla_msgs/carla_msgs/msg/detail/carla_traffic_light_info_list__rosidl_typesupport_introspection_c.h\n'}
[7.619963] (carla_msgs) StdoutLine: {'line': b'-- Installing: /home/airlab/ros2_ws/install/carla_msgs/include/carla_msgs/carla_msgs/msg/detail/carla_world_info__type_support.c\n'}
[7.620005] (carla_msgs) StdoutLine: {'line': b'-- Installing: /home/airlab/ros2_ws/install/carla_msgs/include/carla_msgs/carla_msgs/msg/detail/carla_collision_event__type_support.c\n'}
[7.620032] (carla_msgs) StdoutLine: {'line': b'-- Installing: /home/airlab/ros2_ws/install/carla_msgs/include/carla_msgs/carla_msgs/msg/detail/carla_weather_parameters__rosidl_typesupport_introspection_c.h\n'}
[7.620074] (carla_msgs) StdoutLine: {'line': b'-- Installing: /home/airlab/ros2_ws/install/carla_msgs/include/carla_msgs/carla_msgs/msg/detail/carla_actor_list__rosidl_typesupport_introspection_c.h\n'}
[7.620102] (carla_msgs) StdoutLine: {'line': b'-- Installing: /home/airlab/ros2_ws/install/carla_msgs/include/carla_msgs/carla_msgs/msg/detail/carla_lane_invasion_event__rosidl_typesupport_introspection_c.h\n'}
[7.620129] (carla_msgs) StdoutLine: {'line': b'-- Installing: /home/airlab/ros2_ws/install/carla_msgs/include/carla_msgs/carla_msgs/msg/detail/carla_traffic_light_info_list__type_support.c\n'}
[7.620166] (carla_msgs) StdoutLine: {'line': b'-- Installing: /home/airlab/ros2_ws/install/carla_msgs/include/carla_msgs/carla_msgs/msg/detail/carla_walker_control__type_support.c\n'}
[7.620192] (carla_msgs) StdoutLine: {'line': b'-- Installing: /home/airlab/ros2_ws/install/carla_msgs/include/carla_msgs/carla_msgs/msg/detail/carla_traffic_light_info__type_support.c\n'}
[7.620217] (carla_msgs) StdoutLine: {'line': b'-- Installing: /home/airlab/ros2_ws/install/carla_msgs/include/carla_msgs/carla_msgs/msg/detail/carla_weather_parameters__type_support.c\n'}
[7.620257] (carla_msgs) StdoutLine: {'line': b'-- Installing: /home/airlab/ros2_ws/install/carla_msgs/include/carla_msgs/carla_msgs/msg/detail/carla_lane_invasion_event__type_support.c\n'}
[7.620284] (carla_msgs) StdoutLine: {'line': b'-- Installing: /home/airlab/ros2_ws/install/carla_msgs/include/carla_msgs/carla_msgs/msg/detail/carla_ego_vehicle_status__rosidl_typesupport_introspection_c.h\n'}
[7.620326] (carla_msgs) StdoutLine: {'line': b'-- Installing: /home/airlab/ros2_ws/install/carla_msgs/include/carla_msgs/carla_msgs/msg/detail/carla_control__type_support.c\n'}
[7.620354] (carla_msgs) StdoutLine: {'line': b'-- Installing: /home/airlab/ros2_ws/install/carla_msgs/include/carla_msgs/carla_msgs/msg/detail/carla_control__rosidl_typesupport_introspection_c.h\n'}
[7.620380] (carla_msgs) StdoutLine: {'line': b'-- Installing: /home/airlab/ros2_ws/install/carla_msgs/include/carla_msgs/carla_msgs/msg/detail/carla_traffic_light_status_list__rosidl_typesupport_introspection_c.h\n'}
[7.620406] (carla_msgs) StdoutLine: {'line': b'-- Installing: /home/airlab/ros2_ws/install/carla_msgs/include/carla_msgs/carla_msgs/msg/detail/carla_status__rosidl_typesupport_introspection_c.h\n'}
[7.620446] (carla_msgs) StdoutLine: {'line': b'-- Installing: /home/airlab/ros2_ws/install/carla_msgs/include/carla_msgs/carla_msgs/msg/detail/carla_traffic_light_status_list__type_support.c\n'}
[7.620474] (carla_msgs) StdoutLine: {'line': b'-- Installing: /home/airlab/ros2_ws/install/carla_msgs/include/carla_msgs/carla_msgs/msg/detail/carla_collision_event__rosidl_typesupport_introspection_c.h\n'}
[7.620520] (carla_msgs) StdoutLine: {'line': b'-- Installing: /home/airlab/ros2_ws/install/carla_msgs/include/carla_msgs/carla_msgs/msg/detail/carla_walker_control__rosidl_typesupport_introspection_c.h\n'}
[7.620546] (carla_msgs) StdoutLine: {'line': b'-- Installing: /home/airlab/ros2_ws/install/carla_msgs/include/carla_msgs/carla_msgs/msg/detail/carla_traffic_light_info__rosidl_typesupport_introspection_c.h\n'}
[7.620571] (carla_msgs) StdoutLine: {'line': b'-- Installing: /home/airlab/ros2_ws/install/carla_msgs/include/carla_msgs/carla_msgs/msg/rosidl_typesupport_introspection_c__visibility_control.h\n'}
[7.620594] (carla_msgs) StdoutLine: {'line': b'-- Installing: /home/airlab/ros2_ws/install/carla_msgs/lib/libcarla_msgs__rosidl_typesupport_introspection_c.so\n'}
[7.620639] (carla_msgs) StdoutLine: {'line': b'-- Set non-toolchain portion of runtime path of "/home/airlab/ros2_ws/install/carla_msgs/lib/libcarla_msgs__rosidl_typesupport_introspection_c.so" to ""\n'}
[7.620666] (carla_msgs) StdoutLine: {'line': b'-- Installing: /home/airlab/ros2_ws/install/carla_msgs/lib/libcarla_msgs__rosidl_typesupport_c.so\n'}
[7.620743] (carla_msgs) StdoutLine: {'line': b'-- Set non-toolchain portion of runtime path of "/home/airlab/ros2_ws/install/carla_msgs/lib/libcarla_msgs__rosidl_typesupport_c.so" to ""\n'}
[7.620795] (carla_msgs) StdoutLine: {'line': b'-- Up-to-date: /home/airlab/ros2_ws/install/carla_msgs/include/carla_msgs/carla_msgs\n'}
[7.620823] (carla_msgs) StdoutLine: {'line': b'-- Up-to-date: /home/airlab/ros2_ws/install/carla_msgs/include/carla_msgs/carla_msgs/srv\n'}
[7.620848] (carla_msgs) StdoutLine: {'line': b'-- Up-to-date: /home/airlab/ros2_ws/install/carla_msgs/include/carla_msgs/carla_msgs/srv/detail\n'}
[7.620874] (carla_msgs) StdoutLine: {'line': b'-- Installing: /home/airlab/ros2_ws/install/carla_msgs/include/carla_msgs/carla_msgs/srv/detail/destroy_object__type_support.cpp\n'}
[7.620919] (carla_msgs) StdoutLine: {'line': b'-- Installing: /home/airlab/ros2_ws/install/carla_msgs/include/carla_msgs/carla_msgs/srv/detail/spawn_object__rosidl_typesupport_introspection_cpp.hpp\n'}
[7.620944] (carla_msgs) StdoutLine: {'line': b'-- Installing: /home/airlab/ros2_ws/install/carla_msgs/include/carla_msgs/carla_msgs/srv/detail/spawn_object__type_support.cpp\n'}
[7.620970] (carla_msgs) StdoutLine: {'line': b'-- Installing: /home/airlab/ros2_ws/install/carla_msgs/include/carla_msgs/carla_msgs/srv/detail/get_blueprints__type_support.cpp\n'}
[7.621008] (carla_msgs) StdoutLine: {'line': b'-- Installing: /home/airlab/ros2_ws/install/carla_msgs/include/carla_msgs/carla_msgs/srv/detail/get_blueprints__rosidl_typesupport_introspection_cpp.hpp\n'}
[7.621050] (carla_msgs) StdoutLine: {'line': b'-- Installing: /home/airlab/ros2_ws/install/carla_msgs/include/carla_msgs/carla_msgs/srv/detail/destroy_object__rosidl_typesupport_introspection_cpp.hpp\n'}
[7.621078] (carla_msgs) StdoutLine: {'line': b'-- Up-to-date: /home/airlab/ros2_ws/install/carla_msgs/include/carla_msgs/carla_msgs/msg\n'}
[7.621104] (carla_msgs) StdoutLine: {'line': b'-- Up-to-date: /home/airlab/ros2_ws/install/carla_msgs/include/carla_msgs/carla_msgs/msg/detail\n'}
[7.621144] (carla_msgs) StdoutLine: {'line': b'-- Installing: /home/airlab/ros2_ws/install/carla_msgs/include/carla_msgs/carla_msgs/msg/detail/carla_ego_vehicle_control__rosidl_typesupport_introspection_cpp.hpp\n'}
[7.621173] (carla_msgs) StdoutLine: {'line': b'-- Installing: /home/airlab/ros2_ws/install/carla_msgs/include/carla_msgs/carla_msgs/msg/detail/carla_lane_invasion_event__rosidl_typesupport_introspection_cpp.hpp\n'}
[7.621233] (carla_msgs) StdoutLine: {'line': b'-- Installing: /home/airlab/ros2_ws/install/carla_msgs/include/carla_msgs/carla_msgs/msg/detail/carla_weather_parameters__rosidl_typesupport_introspection_cpp.hpp\n'}
[7.621262] (carla_msgs) StdoutLine: {'line': b'-- Installing: /home/airlab/ros2_ws/install/carla_msgs/include/carla_msgs/carla_msgs/msg/detail/carla_actor_info__rosidl_typesupport_introspection_cpp.hpp\n'}
[7.621288] (carla_msgs) StdoutLine: {'line': b'-- Installing: /home/airlab/ros2_ws/install/carla_msgs/include/carla_msgs/carla_msgs/msg/detail/carla_traffic_light_status_list__type_support.cpp\n'}
[7.621329] (carla_msgs) StdoutLine: {'line': b'-- Installing: /home/airlab/ros2_ws/install/carla_msgs/include/carla_msgs/carla_msgs/msg/detail/carla_actor_list__type_support.cpp\n'}
[7.621357] (carla_msgs) StdoutLine: {'line': b'-- Installing: /home/airlab/ros2_ws/install/carla_msgs/include/carla_msgs/carla_msgs/msg/detail/carla_world_info__rosidl_typesupport_introspection_cpp.hpp\n'}
[7.621384] (carla_msgs) StdoutLine: {'line': b'-- Installing: /home/airlab/ros2_ws/install/carla_msgs/include/carla_msgs/carla_msgs/msg/detail/carla_world_info__type_support.cpp\n'}
[7.621410] (carla_msgs) StdoutLine: {'line': b'-- Installing: /home/airlab/ros2_ws/install/carla_msgs/include/carla_msgs/carla_msgs/msg/detail/carla_traffic_light_status__type_support.cpp\n'}
[7.621436] (carla_msgs) StdoutLine: {'line': b'-- Installing: /home/airlab/ros2_ws/install/carla_msgs/include/carla_msgs/carla_msgs/msg/detail/carla_walker_control__type_support.cpp\n'}
[7.621462] (carla_msgs) StdoutLine: {'line': b'-- Installing: /home/airlab/ros2_ws/install/carla_msgs/include/carla_msgs/carla_msgs/msg/detail/carla_ego_vehicle_info__type_support.cpp\n'}
[7.621500] (carla_msgs) StdoutLine: {'line': b'-- Installing: /home/airlab/ros2_ws/install/carla_msgs/include/carla_msgs/carla_msgs/msg/detail/carla_traffic_light_info__type_support.cpp\n'}
[7.621525] (carla_msgs) StdoutLine: {'line': b'-- Installing: /home/airlab/ros2_ws/install/carla_msgs/include/carla_msgs/carla_msgs/msg/detail/carla_control__rosidl_typesupport_introspection_cpp.hpp\n'}
[7.621550] (carla_msgs) StdoutLine: {'line': b'-- Installing: /home/airlab/ros2_ws/install/carla_msgs/include/carla_msgs/carla_msgs/msg/detail/carla_weather_parameters__type_support.cpp\n'}
[7.621590] (carla_msgs) StdoutLine: {'line': b'-- Installing: /home/airlab/ros2_ws/install/carla_msgs/include/carla_msgs/carla_msgs/msg/detail/carla_actor_info__type_support.cpp\n'}
[7.621619] (carla_msgs) StdoutLine: {'line': b'-- Installing: /home/airlab/ros2_ws/install/carla_msgs/include/carla_msgs/carla_msgs/msg/detail/carla_traffic_light_info_list__rosidl_typesupport_introspection_cpp.hpp\n'}
[7.621651] (carla_msgs) StdoutLine: {'line': b'-- Installing: /home/airlab/ros2_ws/install/carla_msgs/include/carla_msgs/carla_msgs/msg/detail/carla_ego_vehicle_control__type_support.cpp\n'}
[7.621676] (carla_msgs) StdoutLine: {'line': b'-- Installing: /home/airlab/ros2_ws/install/carla_msgs/include/carla_msgs/carla_msgs/msg/detail/carla_bounding_box__type_support.cpp\n'}
[7.621702] (carla_msgs) StdoutLine: {'line': b'-- Installing: /home/airlab/ros2_ws/install/carla_msgs/include/carla_msgs/carla_msgs/msg/detail/carla_ego_vehicle_info_wheel__type_support.cpp\n'}
[7.621726] (carla_msgs) StdoutLine: {'line': b'-- Installing: /home/airlab/ros2_ws/install/carla_msgs/include/carla_msgs/carla_msgs/msg/detail/carla_lane_invasion_event__type_support.cpp\n'}
[7.621752] (carla_msgs) StdoutLine: {'line': b'-- Installing: /home/airlab/ros2_ws/install/carla_msgs/include/carla_msgs/carla_msgs/msg/detail/carla_traffic_light_status__rosidl_typesupport_introspection_cpp.hpp\n'}
[7.621790] (carla_msgs) StdoutLine: {'line': b'-- Installing: /home/airlab/ros2_ws/install/carla_msgs/include/carla_msgs/carla_msgs/msg/detail/carla_status__type_support.cpp\n'}
[7.621820] (carla_msgs) StdoutLine: {'line': b'-- Installing: /home/airlab/ros2_ws/install/carla_msgs/include/carla_msgs/carla_msgs/msg/detail/carla_actor_list__rosidl_typesupport_introspection_cpp.hpp\n'}
[7.621847] (carla_msgs) StdoutLine: {'line': b'-- Installing: /home/airlab/ros2_ws/install/carla_msgs/include/carla_msgs/carla_msgs/msg/detail/carla_ego_vehicle_status__type_support.cpp\n'}
[7.621874] (carla_msgs) StdoutLine: {'line': b'-- Installing: /home/airlab/ros2_ws/install/carla_msgs/include/carla_msgs/carla_msgs/msg/detail/carla_ego_vehicle_info_wheel__rosidl_typesupport_introspection_cpp.hpp\n'}
[7.621916] (carla_msgs) StdoutLine: {'line': b'-- Installing: /home/airlab/ros2_ws/install/carla_msgs/include/carla_msgs/carla_msgs/msg/detail/carla_traffic_light_info_list__type_support.cpp\n'}
[7.621944] (carla_msgs) StdoutLine: {'line': b'-- Installing: /home/airlab/ros2_ws/install/carla_msgs/include/carla_msgs/carla_msgs/msg/detail/carla_traffic_light_status_list__rosidl_typesupport_introspection_cpp.hpp\n'}
[7.621979] (carla_msgs) StdoutLine: {'line': b'-- Installing: /home/airlab/ros2_ws/install/carla_msgs/include/carla_msgs/carla_msgs/msg/detail/carla_status__rosidl_typesupport_introspection_cpp.hpp\n'}
[7.622006] (carla_msgs) StdoutLine: {'line': b'-- Installing: /home/airlab/ros2_ws/install/carla_msgs/include/carla_msgs/carla_msgs/msg/detail/carla_traffic_light_info__rosidl_typesupport_introspection_cpp.hpp\n'}
[7.622032] (carla_msgs) StdoutLine: {'line': b'-- Installing: /home/airlab/ros2_ws/install/carla_msgs/include/carla_msgs/carla_msgs/msg/detail/carla_ego_vehicle_info__rosidl_typesupport_introspection_cpp.hpp\n'}
[7.622058] (carla_msgs) StdoutLine: {'line': b'-- Installing: /home/airlab/ros2_ws/install/carla_msgs/include/carla_msgs/carla_msgs/msg/detail/carla_ego_vehicle_status__rosidl_typesupport_introspection_cpp.hpp\n'}
[7.622098] (carla_msgs) StdoutLine: {'line': b'-- Installing: /home/airlab/ros2_ws/install/carla_msgs/include/carla_msgs/carla_msgs/msg/detail/carla_collision_event__type_support.cpp\n'}
[7.622124] (carla_msgs) StdoutLine: {'line': b'-- Installing: /home/airlab/ros2_ws/install/carla_msgs/include/carla_msgs/carla_msgs/msg/detail/carla_control__type_support.cpp\n'}
[7.622148] (carla_msgs) StdoutLine: {'line': b'-- Installing: /home/airlab/ros2_ws/install/carla_msgs/include/carla_msgs/carla_msgs/msg/detail/carla_collision_event__rosidl_typesupport_introspection_cpp.hpp\n'}
[7.622172] (carla_msgs) StdoutLine: {'line': b'-- Installing: /home/airlab/ros2_ws/install/carla_msgs/include/carla_msgs/carla_msgs/msg/detail/carla_bounding_box__rosidl_typesupport_introspection_cpp.hpp\n'}
[7.622201] (carla_msgs) StdoutLine: {'line': b'-- Installing: /home/airlab/ros2_ws/install/carla_msgs/include/carla_msgs/carla_msgs/msg/detail/carla_walker_control__rosidl_typesupport_introspection_cpp.hpp\n'}
[7.622224] (carla_msgs) StdoutLine: {'line': b'-- Installing: /home/airlab/ros2_ws/install/carla_msgs/lib/libcarla_msgs__rosidl_typesupport_introspection_cpp.so\n'}
[7.622448] (carla_msgs) StdoutLine: {'line': b'-- Set non-toolchain portion of runtime path of "/home/airlab/ros2_ws/install/carla_msgs/lib/libcarla_msgs__rosidl_typesupport_introspection_cpp.so" to ""\n'}
[7.622480] (carla_msgs) StdoutLine: {'line': b'-- Installing: /home/airlab/ros2_ws/install/carla_msgs/lib/libcarla_msgs__rosidl_typesupport_cpp.so\n'}
[7.622651] (carla_msgs) StdoutLine: {'line': b'-- Set non-toolchain portion of runtime path of "/home/airlab/ros2_ws/install/carla_msgs/lib/libcarla_msgs__rosidl_typesupport_cpp.so" to ""\n'}
[7.622682] (carla_msgs) StdoutLine: {'line': b'-- Installing: /home/airlab/ros2_ws/install/carla_msgs/share/carla_msgs/environment/pythonpath.sh\n'}
[7.622714] (carla_msgs) StdoutLine: {'line': b'-- Installing: /home/airlab/ros2_ws/install/carla_msgs/share/carla_msgs/environment/pythonpath.dsv\n'}
[7.622754] (carla_msgs) StdoutLine: {'line': b'-- Installing: /home/airlab/ros2_ws/install/carla_msgs/lib/python3.12/site-packages/carla_msgs-1.3.0-py3.12.egg-info\n'}
[7.622790] (carla_msgs) StdoutLine: {'line': b'-- Installing: /home/airlab/ros2_ws/install/carla_msgs/lib/python3.12/site-packages/carla_msgs-1.3.0-py3.12.egg-info/PKG-INFO\n'}
[7.622824] (carla_msgs) StdoutLine: {'line': b'-- Installing: /home/airlab/ros2_ws/install/carla_msgs/lib/python3.12/site-packages/carla_msgs-1.3.0-py3.12.egg-info/dependency_links.txt\n'}
[7.622859] (carla_msgs) StdoutLine: {'line': b'-- Installing: /home/airlab/ros2_ws/install/carla_msgs/lib/python3.12/site-packages/carla_msgs-1.3.0-py3.12.egg-info/top_level.txt\n'}
[7.622893] (carla_msgs) StdoutLine: {'line': b'-- Installing: /home/airlab/ros2_ws/install/carla_msgs/lib/python3.12/site-packages/carla_msgs-1.3.0-py3.12.egg-info/SOURCES.txt\n'}
[7.622925] (carla_msgs) StdoutLine: {'line': b'-- Installing: /home/airlab/ros2_ws/install/carla_msgs/lib/python3.12/site-packages/carla_msgs\n'}
[7.622955] (carla_msgs) StdoutLine: {'line': b'-- Installing: /home/airlab/ros2_ws/install/carla_msgs/lib/python3.12/site-packages/carla_msgs/srv\n'}
[7.622989] (carla_msgs) StdoutLine: {'line': b'-- Installing: /home/airlab/ros2_ws/install/carla_msgs/lib/python3.12/site-packages/carla_msgs/srv/_spawn_object_s.c\n'}
[7.623026] (carla_msgs) StdoutLine: {'line': b'-- Installing: /home/airlab/ros2_ws/install/carla_msgs/lib/python3.12/site-packages/carla_msgs/srv/_get_blueprints_s.c\n'}
[7.623052] (carla_msgs) StdoutLine: {'line': b'-- Installing: /home/airlab/ros2_ws/install/carla_msgs/lib/python3.12/site-packages/carla_msgs/srv/_spawn_object.py\n'}
[7.623085] (carla_msgs) StdoutLine: {'line': b'-- Installing: /home/airlab/ros2_ws/install/carla_msgs/lib/python3.12/site-packages/carla_msgs/srv/_destroy_object.py\n'}
[7.623122] (carla_msgs) StdoutLine: {'line': b'-- Installing: /home/airlab/ros2_ws/install/carla_msgs/lib/python3.12/site-packages/carla_msgs/srv/__init__.py\n'}
[7.623148] (carla_msgs) StdoutLine: {'line': b'-- Installing: /home/airlab/ros2_ws/install/carla_msgs/lib/python3.12/site-packages/carla_msgs/srv/_destroy_object_s.c\n'}
[7.623184] (carla_msgs) StdoutLine: {'line': b'-- Installing: /home/airlab/ros2_ws/install/carla_msgs/lib/python3.12/site-packages/carla_msgs/srv/_get_blueprints.py\n'}
[7.623209] (carla_msgs) StdoutLine: {'line': b'-- Installing: /home/airlab/ros2_ws/install/carla_msgs/lib/python3.12/site-packages/carla_msgs/carla_msgs_s__rosidl_typesupport_fastrtps_c.so\n'}
[7.623240] (carla_msgs) StdoutLine: {'line': b'-- Installing: /home/airlab/ros2_ws/install/carla_msgs/lib/python3.12/site-packages/carla_msgs/carla_msgs_s__rosidl_typesupport_introspection_c.so\n'}
[7.623290] (carla_msgs) StdoutLine: {'line': b'-- Installing: /home/airlab/ros2_ws/install/carla_msgs/lib/python3.12/site-packages/carla_msgs/__init__.py\n'}
[7.623321] (carla_msgs) StdoutLine: {'line': b'-- Installing: /home/airlab/ros2_ws/install/carla_msgs/lib/python3.12/site-packages/carla_msgs/msg\n'}
[7.623354] (carla_msgs) StdoutLine: {'line': b'-- Installing: /home/airlab/ros2_ws/install/carla_msgs/lib/python3.12/site-packages/carla_msgs/msg/_carla_walker_control.py\n'}
[7.623388] (carla_msgs) StdoutLine: {'line': b'-- Installing: /home/airlab/ros2_ws/install/carla_msgs/lib/python3.12/site-packages/carla_msgs/msg/_carla_traffic_light_info_s.c\n'}
[7.623422] (carla_msgs) StdoutLine: {'line': b'-- Installing: /home/airlab/ros2_ws/install/carla_msgs/lib/python3.12/site-packages/carla_msgs/msg/_carla_world_info_s.c\n'}
[7.623455] (carla_msgs) StdoutLine: {'line': b'-- Installing: /home/airlab/ros2_ws/install/carla_msgs/lib/python3.12/site-packages/carla_msgs/msg/_carla_ego_vehicle_control.py\n'}
[7.623490] (carla_msgs) StdoutLine: {'line': b'-- Installing: /home/airlab/ros2_ws/install/carla_msgs/lib/python3.12/site-packages/carla_msgs/msg/_carla_status_s.c\n'}
[7.623521] (carla_msgs) StdoutLine: {'line': b'-- Installing: /home/airlab/ros2_ws/install/carla_msgs/lib/python3.12/site-packages/carla_msgs/msg/_carla_ego_vehicle_status_s.c\n'}
[7.623557] (carla_msgs) StdoutLine: {'line': b'-- Installing: /home/airlab/ros2_ws/install/carla_msgs/lib/python3.12/site-packages/carla_msgs/msg/_carla_actor_list.py\n'}
[7.623584] (carla_msgs) StdoutLine: {'line': b'-- Installing: /home/airlab/ros2_ws/install/carla_msgs/lib/python3.12/site-packages/carla_msgs/msg/_carla_ego_vehicle_control_s.c\n'}
[7.623620] (carla_msgs) StdoutLine: {'line': b'-- Installing: /home/airlab/ros2_ws/install/carla_msgs/lib/python3.12/site-packages/carla_msgs/msg/_carla_ego_vehicle_status.py\n'}
[7.623647] (carla_msgs) StdoutLine: {'line': b'-- Installing: /home/airlab/ros2_ws/install/carla_msgs/lib/python3.12/site-packages/carla_msgs/msg/_carla_walker_control_s.c\n'}
[7.623683] (carla_msgs) StdoutLine: {'line': b'-- Installing: /home/airlab/ros2_ws/install/carla_msgs/lib/python3.12/site-packages/carla_msgs/msg/_carla_ego_vehicle_info_wheel.py\n'}
[7.623713] (carla_msgs) StdoutLine: {'line': b'-- Installing: /home/airlab/ros2_ws/install/carla_msgs/lib/python3.12/site-packages/carla_msgs/msg/_carla_collision_event_s.c\n'}
[7.623740] (carla_msgs) StdoutLine: {'line': b'-- Installing: /home/airlab/ros2_ws/install/carla_msgs/lib/python3.12/site-packages/carla_msgs/msg/__init__.py\n'}
[7.623774] (carla_msgs) StdoutLine: {'line': b'-- Installing: /home/airlab/ros2_ws/install/carla_msgs/lib/python3.12/site-packages/carla_msgs/msg/_carla_bounding_box.py\n'}
[7.623811] (carla_msgs) StdoutLine: {'line': b'-- Installing: /home/airlab/ros2_ws/install/carla_msgs/lib/python3.12/site-packages/carla_msgs/msg/_carla_traffic_light_status_s.c\n'}
[7.623838] (carla_msgs) StdoutLine: {'line': b'-- Installing: /home/airlab/ros2_ws/install/carla_msgs/lib/python3.12/site-packages/carla_msgs/msg/_carla_ego_vehicle_info_wheel_s.c\n'}
[7.623872] (carla_msgs) StdoutLine: {'line': b'-- Installing: /home/airlab/ros2_ws/install/carla_msgs/lib/python3.12/site-packages/carla_msgs/msg/_carla_traffic_light_info.py\n'}
[7.623897] (carla_msgs) StdoutLine: {'line': b'-- Installing: /home/airlab/ros2_ws/install/carla_msgs/lib/python3.12/site-packages/carla_msgs/msg/_carla_traffic_light_info_list.py\n'}
[7.623923] (carla_msgs) StdoutLine: {'line': b'-- Installing: /home/airlab/ros2_ws/install/carla_msgs/lib/python3.12/site-packages/carla_msgs/msg/_carla_traffic_light_info_list_s.c\n'}
[7.623957] (carla_msgs) StdoutLine: {'line': b'-- Installing: /home/airlab/ros2_ws/install/carla_msgs/lib/python3.12/site-packages/carla_msgs/msg/_carla_lane_invasion_event.py\n'}
[7.623981] (carla_msgs) StdoutLine: {'line': b'-- Installing: /home/airlab/ros2_ws/install/carla_msgs/lib/python3.12/site-packages/carla_msgs/msg/_carla_weather_parameters_s.c\n'}
[7.624007] (carla_msgs) StdoutLine: {'line': b'-- Installing: /home/airlab/ros2_ws/install/carla_msgs/lib/python3.12/site-packages/carla_msgs/msg/_carla_collision_event.py\n'}
[7.624040] (carla_msgs) StdoutLine: {'line': b'-- Installing: /home/airlab/ros2_ws/install/carla_msgs/lib/python3.12/site-packages/carla_msgs/msg/_carla_status.py\n'}
[7.624066] (carla_msgs) StdoutLine: {'line': b'-- Installing: /home/airlab/ros2_ws/install/carla_msgs/lib/python3.12/site-packages/carla_msgs/msg/_carla_control_s.c\n'}
[7.624102] (carla_msgs) StdoutLine: {'line': b'-- Installing: /home/airlab/ros2_ws/install/carla_msgs/lib/python3.12/site-packages/carla_msgs/msg/_carla_actor_list_s.c\n'}
[7.624128] (carla_msgs) StdoutLine: {'line': b'-- Installing: /home/airlab/ros2_ws/install/carla_msgs/lib/python3.12/site-packages/carla_msgs/msg/_carla_traffic_light_status.py\n'}
[7.624153] (carla_msgs) StdoutLine: {'line': b'-- Installing: /home/airlab/ros2_ws/install/carla_msgs/lib/python3.12/site-packages/carla_msgs/msg/_carla_actor_info.py\n'}
[7.624190] (carla_msgs) StdoutLine: {'line': b'-- Installing: /home/airlab/ros2_ws/install/carla_msgs/lib/python3.12/site-packages/carla_msgs/msg/_carla_ego_vehicle_info_s.c\n'}
[7.624217] (carla_msgs) StdoutLine: {'line': b'-- Installing: /home/airlab/ros2_ws/install/carla_msgs/lib/python3.12/site-packages/carla_msgs/msg/_carla_traffic_light_status_list.py\n'}
[7.624243] (carla_msgs) StdoutLine: {'line': b'-- Installing: /home/airlab/ros2_ws/install/carla_msgs/lib/python3.12/site-packages/carla_msgs/msg/_carla_weather_parameters.py\n'}
[7.624279] (carla_msgs) StdoutLine: {'line': b'-- Installing: /home/airlab/ros2_ws/install/carla_msgs/lib/python3.12/site-packages/carla_msgs/msg/_carla_control.py\n'}
[7.624311] (carla_msgs) StdoutLine: {'line': b'-- Installing: /home/airlab/ros2_ws/install/carla_msgs/lib/python3.12/site-packages/carla_msgs/msg/_carla_traffic_light_status_list_s.c\n'}
[7.624339] (carla_msgs) StdoutLine: {'line': b'-- Installing: /home/airlab/ros2_ws/install/carla_msgs/lib/python3.12/site-packages/carla_msgs/msg/_carla_lane_invasion_event_s.c\n'}
[7.624365] (carla_msgs) StdoutLine: {'line': b'-- Installing: /home/airlab/ros2_ws/install/carla_msgs/lib/python3.12/site-packages/carla_msgs/msg/_carla_ego_vehicle_info.py\n'}
[7.624390] (carla_msgs) StdoutLine: {'line': b'-- Installing: /home/airlab/ros2_ws/install/carla_msgs/lib/python3.12/site-packages/carla_msgs/msg/_carla_actor_info_s.c\n'}
[7.624426] (carla_msgs) StdoutLine: {'line': b'-- Installing: /home/airlab/ros2_ws/install/carla_msgs/lib/python3.12/site-packages/carla_msgs/msg/_carla_bounding_box_s.c\n'}
[7.624450] (carla_msgs) StdoutLine: {'line': b'-- Installing: /home/airlab/ros2_ws/install/carla_msgs/lib/python3.12/site-packages/carla_msgs/msg/_carla_world_info.py\n'}
[7.624475] (carla_msgs) StdoutLine: {'line': b'-- Installing: /home/airlab/ros2_ws/install/carla_msgs/lib/python3.12/site-packages/carla_msgs/_carla_msgs_s.ep.rosidl_typesupport_c.c\n'}
[7.624508] (carla_msgs) StdoutLine: {'line': b'-- Installing: /home/airlab/ros2_ws/install/carla_msgs/lib/python3.12/site-packages/carla_msgs/_carla_msgs_s.ep.rosidl_typesupport_fastrtps_c.c\n'}
[7.624540] (carla_msgs) StdoutLine: {'line': b'-- Installing: /home/airlab/ros2_ws/install/carla_msgs/lib/python3.12/site-packages/carla_msgs/_carla_msgs_s.ep.rosidl_typesupport_introspection_c.c\n'}
[7.624598] (carla_msgs) StdoutLine: {'line': b'-- Installing: /home/airlab/ros2_ws/install/carla_msgs/lib/python3.12/site-packages/carla_msgs/carla_msgs_s__rosidl_typesupport_c.so\n'}
[7.660892] (carla_msgs) StdoutLine: {'line': b"Listing '/home/airlab/ros2_ws/install/carla_msgs/lib/python3.12/site-packages/carla_msgs'...\n"}
[7.660990] (carla_msgs) StdoutLine: {'line': b"Compiling '/home/airlab/ros2_ws/install/carla_msgs/lib/python3.12/site-packages/carla_msgs/__init__.py'...\n"}
[7.661021] (carla_msgs) StdoutLine: {'line': b"Listing '/home/airlab/ros2_ws/install/carla_msgs/lib/python3.12/site-packages/carla_msgs/msg'...\n"}
[7.661057] (carla_msgs) StdoutLine: {'line': b"Compiling '/home/airlab/ros2_ws/install/carla_msgs/lib/python3.12/site-packages/carla_msgs/msg/__init__.py'...\n"}
[7.661084] (carla_msgs) StdoutLine: {'line': b"Compiling '/home/airlab/ros2_ws/install/carla_msgs/lib/python3.12/site-packages/carla_msgs/msg/_carla_actor_info.py'...\n"}
[7.661109] (carla_msgs) StdoutLine: {'line': b"Compiling '/home/airlab/ros2_ws/install/carla_msgs/lib/python3.12/site-packages/carla_msgs/msg/_carla_actor_list.py'...\n"}
[7.661133] (carla_msgs) StdoutLine: {'line': b"Compiling '/home/airlab/ros2_ws/install/carla_msgs/lib/python3.12/site-packages/carla_msgs/msg/_carla_bounding_box.py'...\n"}
[7.661158] (carla_msgs) StdoutLine: {'line': b"Compiling '/home/airlab/ros2_ws/install/carla_msgs/lib/python3.12/site-packages/carla_msgs/msg/_carla_collision_event.py'...\n"}
[7.661184] (carla_msgs) StdoutLine: {'line': b"Compiling '/home/airlab/ros2_ws/install/carla_msgs/lib/python3.12/site-packages/carla_msgs/msg/_carla_control.py'...\n"}
[7.661208] (carla_msgs) StdoutLine: {'line': b"Compiling '/home/airlab/ros2_ws/install/carla_msgs/lib/python3.12/site-packages/carla_msgs/msg/_carla_ego_vehicle_control.py'...\n"}
[7.661232] (carla_msgs) StdoutLine: {'line': b"Compiling '/home/airlab/ros2_ws/install/carla_msgs/lib/python3.12/site-packages/carla_msgs/msg/_carla_ego_vehicle_info.py'...\n"}
[7.661257] (carla_msgs) StdoutLine: {'line': b"Compiling '/home/airlab/ros2_ws/install/carla_msgs/lib/python3.12/site-packages/carla_msgs/msg/_carla_ego_vehicle_info_wheel.py'...\n"}
[7.661280] (carla_msgs) StdoutLine: {'line': b"Compiling '/home/airlab/ros2_ws/install/carla_msgs/lib/python3.12/site-packages/carla_msgs/msg/_carla_ego_vehicle_status.py'...\n"}
[7.661304] (carla_msgs) StdoutLine: {'line': b"Compiling '/home/airlab/ros2_ws/install/carla_msgs/lib/python3.12/site-packages/carla_msgs/msg/_carla_lane_invasion_event.py'...\n"}
[7.661326] (carla_msgs) StdoutLine: {'line': b"Compiling '/home/airlab/ros2_ws/install/carla_msgs/lib/python3.12/site-packages/carla_msgs/msg/_carla_status.py'...\n"}
[7.661349] (carla_msgs) StdoutLine: {'line': b"Compiling '/home/airlab/ros2_ws/install/carla_msgs/lib/python3.12/site-packages/carla_msgs/msg/_carla_traffic_light_info.py'...\n"}
[7.661372] (carla_msgs) StdoutLine: {'line': b"Compiling '/home/airlab/ros2_ws/install/carla_msgs/lib/python3.12/site-packages/carla_msgs/msg/_carla_traffic_light_info_list.py'...\n"}
[7.661395] (carla_msgs) StdoutLine: {'line': b"Compiling '/home/airlab/ros2_ws/install/carla_msgs/lib/python3.12/site-packages/carla_msgs/msg/_carla_traffic_light_status.py'...\n"}
[7.661418] (carla_msgs) StdoutLine: {'line': b"Compiling '/home/airlab/ros2_ws/install/carla_msgs/lib/python3.12/site-packages/carla_msgs/msg/_carla_traffic_light_status_list.py'...\n"}
[7.661441] (carla_msgs) StdoutLine: {'line': b"Compiling '/home/airlab/ros2_ws/install/carla_msgs/lib/python3.12/site-packages/carla_msgs/msg/_carla_walker_control.py'...\n"}
[7.661469] (carla_msgs) StdoutLine: {'line': b"Compiling '/home/airlab/ros2_ws/install/carla_msgs/lib/python3.12/site-packages/carla_msgs/msg/_carla_weather_parameters.py'...\n"}
[7.661493] (carla_msgs) StdoutLine: {'line': b"Compiling '/home/airlab/ros2_ws/install/carla_msgs/lib/python3.12/site-packages/carla_msgs/msg/_carla_world_info.py'...\n"}
[7.661516] (carla_msgs) StdoutLine: {'line': b"Listing '/home/airlab/ros2_ws/install/carla_msgs/lib/python3.12/site-packages/carla_msgs/srv'...\n"}
[7.661539] (carla_msgs) StdoutLine: {'line': b"Compiling '/home/airlab/ros2_ws/install/carla_msgs/lib/python3.12/site-packages/carla_msgs/srv/__init__.py'...\n"}
[7.661562] (carla_msgs) StdoutLine: {'line': b"Compiling '/home/airlab/ros2_ws/install/carla_msgs/lib/python3.12/site-packages/carla_msgs/srv/_destroy_object.py'...\n"}
[7.661585] (carla_msgs) StdoutLine: {'line': b"Compiling '/home/airlab/ros2_ws/install/carla_msgs/lib/python3.12/site-packages/carla_msgs/srv/_get_blueprints.py'...\n"}
[7.661608] (carla_msgs) StdoutLine: {'line': b"Compiling '/home/airlab/ros2_ws/install/carla_msgs/lib/python3.12/site-packages/carla_msgs/srv/_spawn_object.py'...\n"}
[7.663659] (carla_msgs) StdoutLine: {'line': b'-- Installing: /home/airlab/ros2_ws/install/carla_msgs/lib/python3.12/site-packages/carla_msgs/carla_msgs_s__rosidl_typesupport_fastrtps_c.so\n'}
[7.663828] (carla_msgs) StdoutLine: {'line': b'-- Set non-toolchain portion of runtime path of "/home/airlab/ros2_ws/install/carla_msgs/lib/python3.12/site-packages/carla_msgs/carla_msgs_s__rosidl_typesupport_fastrtps_c.so" to ""\n'}
[7.663937] (carla_msgs) StdoutLine: {'line': b'-- Installing: /home/airlab/ros2_ws/install/carla_msgs/lib/python3.12/site-packages/carla_msgs/carla_msgs_s__rosidl_typesupport_introspection_c.so\n'}
[7.664083] (carla_msgs) StdoutLine: {'line': b'-- Set non-toolchain portion of runtime path of "/home/airlab/ros2_ws/install/carla_msgs/lib/python3.12/site-packages/carla_msgs/carla_msgs_s__rosidl_typesupport_introspection_c.so" to ""\n'}
[7.664170] (carla_msgs) StdoutLine: {'line': b'-- Installing: /home/airlab/ros2_ws/install/carla_msgs/lib/python3.12/site-packages/carla_msgs/carla_msgs_s__rosidl_typesupport_c.so\n'}
[7.664267] (carla_msgs) StdoutLine: {'line': b'-- Set non-toolchain portion of runtime path of "/home/airlab/ros2_ws/install/carla_msgs/lib/python3.12/site-packages/carla_msgs/carla_msgs_s__rosidl_typesupport_c.so" to ""\n'}
[7.664294] (carla_msgs) StdoutLine: {'line': b'-- Installing: /home/airlab/ros2_ws/install/carla_msgs/lib/libcarla_msgs__rosidl_generator_py.so\n'}
[7.664447] (carla_msgs) StdoutLine: {'line': b'-- Set non-toolchain portion of runtime path of "/home/airlab/ros2_ws/install/carla_msgs/lib/libcarla_msgs__rosidl_generator_py.so" to ""\n'}
[7.664481] (carla_msgs) StdoutLine: {'line': b'-- Installing: /home/airlab/ros2_ws/install/carla_msgs/share/carla_msgs/msg/CarlaBoundingBox.idl\n'}
[7.664514] (carla_msgs) StdoutLine: {'line': b'-- Installing: /home/airlab/ros2_ws/install/carla_msgs/share/carla_msgs/msg/CarlaEgoVehicleControl.idl\n'}
[7.664557] (carla_msgs) StdoutLine: {'line': b'-- Installing: /home/airlab/ros2_ws/install/carla_msgs/share/carla_msgs/msg/CarlaEgoVehicleStatus.idl\n'}
[7.664601] (carla_msgs) StdoutLine: {'line': b'-- Installing: /home/airlab/ros2_ws/install/carla_msgs/share/carla_msgs/msg/CarlaEgoVehicleInfoWheel.idl\n'}
[7.664641] (carla_msgs) StdoutLine: {'line': b'-- Installing: /home/airlab/ros2_ws/install/carla_msgs/share/carla_msgs/msg/CarlaEgoVehicleInfo.idl\n'}
[7.664679] (carla_msgs) StdoutLine: {'line': b'-- Installing: /home/airlab/ros2_ws/install/carla_msgs/share/carla_msgs/msg/CarlaCollisionEvent.idl\n'}
[7.664723] (carla_msgs) StdoutLine: {'line': b'-- Installing: /home/airlab/ros2_ws/install/carla_msgs/share/carla_msgs/msg/CarlaLaneInvasionEvent.idl\n'}
[7.664766] (carla_msgs) StdoutLine: {'line': b'-- Installing: /home/airlab/ros2_ws/install/carla_msgs/share/carla_msgs/msg/CarlaWorldInfo.idl\n'}
[7.664805] (carla_msgs) StdoutLine: {'line': b'-- Installing: /home/airlab/ros2_ws/install/carla_msgs/share/carla_msgs/msg/CarlaActorInfo.idl\n'}
[7.664848] (carla_msgs) StdoutLine: {'line': b'-- Installing: /home/airlab/ros2_ws/install/carla_msgs/share/carla_msgs/msg/CarlaActorList.idl\n'}
[7.664895] (carla_msgs) StdoutLine: {'line': b'-- Installing: /home/airlab/ros2_ws/install/carla_msgs/share/carla_msgs/msg/CarlaControl.idl\n'}
[7.664939] (carla_msgs) StdoutLine: {'line': b'-- Installing: /home/airlab/ros2_ws/install/carla_msgs/share/carla_msgs/msg/CarlaStatus.idl\n'}
[7.664981] (carla_msgs) StdoutLine: {'line': b'-- Installing: /home/airlab/ros2_ws/install/carla_msgs/share/carla_msgs/msg/CarlaTrafficLightInfo.idl\n'}
[7.665020] (carla_msgs) StdoutLine: {'line': b'-- Installing: /home/airlab/ros2_ws/install/carla_msgs/share/carla_msgs/msg/CarlaTrafficLightInfoList.idl\n'}
[7.665064] (carla_msgs) StdoutLine: {'line': b'-- Installing: /home/airlab/ros2_ws/install/carla_msgs/share/carla_msgs/msg/CarlaTrafficLightStatus.idl\n'}
[7.665108] (carla_msgs) StdoutLine: {'line': b'-- Installing: /home/airlab/ros2_ws/install/carla_msgs/share/carla_msgs/msg/CarlaTrafficLightStatusList.idl\n'}
[7.665149] (carla_msgs) StdoutLine: {'line': b'-- Installing: /home/airlab/ros2_ws/install/carla_msgs/share/carla_msgs/msg/CarlaWalkerControl.idl\n'}
[7.665187] (carla_msgs) StdoutLine: {'line': b'-- Installing: /home/airlab/ros2_ws/install/carla_msgs/share/carla_msgs/msg/CarlaWeatherParameters.idl\n'}
[7.665233] (carla_msgs) StdoutLine: {'line': b'-- Installing: /home/airlab/ros2_ws/install/carla_msgs/share/carla_msgs/srv/SpawnObject.idl\n'}
[7.665276] (carla_msgs) StdoutLine: {'line': b'-- Installing: /home/airlab/ros2_ws/install/carla_msgs/share/carla_msgs/srv/DestroyObject.idl\n'}
[7.665314] (carla_msgs) StdoutLine: {'line': b'-- Installing: /home/airlab/ros2_ws/install/carla_msgs/share/carla_msgs/srv/GetBlueprints.idl\n'}
[7.665353] (carla_msgs) StdoutLine: {'line': b'-- Installing: /home/airlab/ros2_ws/install/carla_msgs/share/carla_msgs/msg/CarlaBoundingBox.msg\n'}
[7.665400] (carla_msgs) StdoutLine: {'line': b'-- Installing: /home/airlab/ros2_ws/install/carla_msgs/share/carla_msgs/msg/CarlaEgoVehicleControl.msg\n'}
[7.665443] (carla_msgs) StdoutLine: {'line': b'-- Installing: /home/airlab/ros2_ws/install/carla_msgs/share/carla_msgs/msg/CarlaEgoVehicleStatus.msg\n'}
[7.665485] (carla_msgs) StdoutLine: {'line': b'-- Installing: /home/airlab/ros2_ws/install/carla_msgs/share/carla_msgs/msg/CarlaEgoVehicleInfoWheel.msg\n'}
[7.665525] (carla_msgs) StdoutLine: {'line': b'-- Installing: /home/airlab/ros2_ws/install/carla_msgs/share/carla_msgs/msg/CarlaEgoVehicleInfo.msg\n'}
[7.665569] (carla_msgs) StdoutLine: {'line': b'-- Installing: /home/airlab/ros2_ws/install/carla_msgs/share/carla_msgs/msg/CarlaCollisionEvent.msg\n'}
[7.665615] (carla_msgs) StdoutLine: {'line': b'-- Installing: /home/airlab/ros2_ws/install/carla_msgs/share/carla_msgs/msg/CarlaLaneInvasionEvent.msg\n'}
[7.665656] (carla_msgs) StdoutLine: {'line': b'-- Installing: /home/airlab/ros2_ws/install/carla_msgs/share/carla_msgs/msg/CarlaWorldInfo.msg\n'}
[7.665695] (carla_msgs) StdoutLine: {'line': b'-- Installing: /home/airlab/ros2_ws/install/carla_msgs/share/carla_msgs/msg/CarlaActorInfo.msg\n'}
[7.665742] (carla_msgs) StdoutLine: {'line': b'-- Installing: /home/airlab/ros2_ws/install/carla_msgs/share/carla_msgs/msg/CarlaActorList.msg\n'}
[7.665785] (carla_msgs) StdoutLine: {'line': b'-- Installing: /home/airlab/ros2_ws/install/carla_msgs/share/carla_msgs/msg/CarlaControl.msg\n'}
[7.665829] (carla_msgs) StdoutLine: {'line': b'-- Installing: /home/airlab/ros2_ws/install/carla_msgs/share/carla_msgs/msg/CarlaStatus.msg\n'}
[7.665868] (carla_msgs) StdoutLine: {'line': b'-- Installing: /home/airlab/ros2_ws/install/carla_msgs/share/carla_msgs/msg/CarlaTrafficLightInfo.msg\n'}
[7.665916] (carla_msgs) StdoutLine: {'line': b'-- Installing: /home/airlab/ros2_ws/install/carla_msgs/share/carla_msgs/msg/CarlaTrafficLightInfoList.msg\n'}
[7.665960] (carla_msgs) StdoutLine: {'line': b'-- Installing: /home/airlab/ros2_ws/install/carla_msgs/share/carla_msgs/msg/CarlaTrafficLightStatus.msg\n'}
[7.666004] (carla_msgs) StdoutLine: {'line': b'-- Installing: /home/airlab/ros2_ws/install/carla_msgs/share/carla_msgs/msg/CarlaTrafficLightStatusList.msg\n'}
[7.666044] (carla_msgs) StdoutLine: {'line': b'-- Installing: /home/airlab/ros2_ws/install/carla_msgs/share/carla_msgs/msg/CarlaWalkerControl.msg\n'}
[7.666088] (carla_msgs) StdoutLine: {'line': b'-- Installing: /home/airlab/ros2_ws/install/carla_msgs/share/carla_msgs/msg/CarlaWeatherParameters.msg\n'}
[7.666134] (carla_msgs) StdoutLine: {'line': b'-- Installing: /home/airlab/ros2_ws/install/carla_msgs/share/carla_msgs/srv/SpawnObject.srv\n'}
[7.666174] (carla_msgs) StdoutLine: {'line': b'-- Installing: /home/airlab/ros2_ws/install/carla_msgs/share/carla_msgs/srv/DestroyObject.srv\n'}
[7.666212] (carla_msgs) StdoutLine: {'line': b'-- Installing: /home/airlab/ros2_ws/install/carla_msgs/share/carla_msgs/srv/GetBlueprints.srv\n'}
[7.666275] (carla_msgs) StdoutLine: {'line': b'-- Installing: /home/airlab/ros2_ws/install/carla_msgs/share/ament_index/resource_index/package_run_dependencies/carla_msgs\n'}
[7.666332] (carla_msgs) StdoutLine: {'line': b'-- Installing: /home/airlab/ros2_ws/install/carla_msgs/share/ament_index/resource_index/parent_prefix_path/carla_msgs\n'}
[7.666378] (carla_msgs) StdoutLine: {'line': b'-- Installing: /home/airlab/ros2_ws/install/carla_msgs/share/carla_msgs/environment/ament_prefix_path.sh\n'}
[7.666419] (carla_msgs) StdoutLine: {'line': b'-- Installing: /home/airlab/ros2_ws/install/carla_msgs/share/carla_msgs/environment/ament_prefix_path.dsv\n'}
[7.666463] (carla_msgs) StdoutLine: {'line': b'-- Installing: /home/airlab/ros2_ws/install/carla_msgs/share/carla_msgs/environment/path.sh\n'}
[7.666507] (carla_msgs) StdoutLine: {'line': b'-- Installing: /home/airlab/ros2_ws/install/carla_msgs/share/carla_msgs/environment/path.dsv\n'}
[7.666547] (carla_msgs) StdoutLine: {'line': b'-- Installing: /home/airlab/ros2_ws/install/carla_msgs/share/carla_msgs/local_setup.bash\n'}
[7.666587] (carla_msgs) StdoutLine: {'line': b'-- Installing: /home/airlab/ros2_ws/install/carla_msgs/share/carla_msgs/local_setup.sh\n'}
[7.666633] (carla_msgs) StdoutLine: {'line': b'-- Installing: /home/airlab/ros2_ws/install/carla_msgs/share/carla_msgs/local_setup.zsh\n'}
[7.666675] (carla_msgs) StdoutLine: {'line': b'-- Installing: /home/airlab/ros2_ws/install/carla_msgs/share/carla_msgs/local_setup.dsv\n'}
[7.666718] (carla_msgs) StdoutLine: {'line': b'-- Installing: /home/airlab/ros2_ws/install/carla_msgs/share/carla_msgs/package.dsv\n'}
[7.666768] (carla_msgs) StdoutLine: {'line': b'-- Installing: /home/airlab/ros2_ws/install/carla_msgs/share/ament_index/resource_index/packages/carla_msgs\n'}
[7.666831] (carla_msgs) StdoutLine: {'line': b'-- Installing: /home/airlab/ros2_ws/install/carla_msgs/share/carla_msgs/cmake/export_carla_msgs__rosidl_generator_cExport.cmake\n'}
[7.666969] (carla_msgs) StdoutLine: {'line': b'-- Installing: /home/airlab/ros2_ws/install/carla_msgs/share/carla_msgs/cmake/export_carla_msgs__rosidl_generator_cExport-noconfig.cmake\n'}
[7.667055] (carla_msgs) StdoutLine: {'line': b'-- Installing: /home/airlab/ros2_ws/install/carla_msgs/share/carla_msgs/cmake/export_carla_msgs__rosidl_typesupport_fastrtps_cExport.cmake\n'}
[7.667108] (carla_msgs) StdoutLine: {'line': b'-- Installing: /home/airlab/ros2_ws/install/carla_msgs/share/carla_msgs/cmake/export_carla_msgs__rosidl_typesupport_fastrtps_cExport-noconfig.cmake\n'}
[7.667166] (carla_msgs) StdoutLine: {'line': b'-- Installing: /home/airlab/ros2_ws/install/carla_msgs/share/carla_msgs/cmake/export_carla_msgs__rosidl_generator_cppExport.cmake\n'}
[7.667218] (carla_msgs) StdoutLine: {'line': b'-- Installing: /home/airlab/ros2_ws/install/carla_msgs/share/carla_msgs/cmake/export_carla_msgs__rosidl_typesupport_fastrtps_cppExport.cmake\n'}
[7.667263] (carla_msgs) StdoutLine: {'line': b'-- Installing: /home/airlab/ros2_ws/install/carla_msgs/share/carla_msgs/cmake/export_carla_msgs__rosidl_typesupport_fastrtps_cppExport-noconfig.cmake\n'}
[7.667309] (carla_msgs) StdoutLine: {'line': b'-- Installing: /home/airlab/ros2_ws/install/carla_msgs/share/carla_msgs/cmake/carla_msgs__rosidl_typesupport_introspection_cExport.cmake\n'}
[7.667355] (carla_msgs) StdoutLine: {'line': b'-- Installing: /home/airlab/ros2_ws/install/carla_msgs/share/carla_msgs/cmake/carla_msgs__rosidl_typesupport_introspection_cExport-noconfig.cmake\n'}
[7.667405] (carla_msgs) StdoutLine: {'line': b'-- Installing: /home/airlab/ros2_ws/install/carla_msgs/share/carla_msgs/cmake/carla_msgs__rosidl_typesupport_cExport.cmake\n'}
[7.667448] (carla_msgs) StdoutLine: {'line': b'-- Installing: /home/airlab/ros2_ws/install/carla_msgs/share/carla_msgs/cmake/carla_msgs__rosidl_typesupport_cExport-noconfig.cmake\n'}
[7.667493] (carla_msgs) StdoutLine: {'line': b'-- Installing: /home/airlab/ros2_ws/install/carla_msgs/share/carla_msgs/cmake/carla_msgs__rosidl_typesupport_introspection_cppExport.cmake\n'}
[7.667541] (carla_msgs) StdoutLine: {'line': b'-- Installing: /home/airlab/ros2_ws/install/carla_msgs/share/carla_msgs/cmake/carla_msgs__rosidl_typesupport_introspection_cppExport-noconfig.cmake\n'}
[7.667591] (carla_msgs) StdoutLine: {'line': b'-- Installing: /home/airlab/ros2_ws/install/carla_msgs/share/carla_msgs/cmake/carla_msgs__rosidl_typesupport_cppExport.cmake\n'}
[7.667634] (carla_msgs) StdoutLine: {'line': b'-- Installing: /home/airlab/ros2_ws/install/carla_msgs/share/carla_msgs/cmake/carla_msgs__rosidl_typesupport_cppExport-noconfig.cmake\n'}
[7.667680] (carla_msgs) StdoutLine: {'line': b'-- Installing: /home/airlab/ros2_ws/install/carla_msgs/share/carla_msgs/cmake/export_carla_msgs__rosidl_generator_pyExport.cmake\n'}
[7.667727] (carla_msgs) StdoutLine: {'line': b'-- Installing: /home/airlab/ros2_ws/install/carla_msgs/share/carla_msgs/cmake/export_carla_msgs__rosidl_generator_pyExport-noconfig.cmake\n'}
[7.667774] (carla_msgs) StdoutLine: {'line': b'-- Installing: /home/airlab/ros2_ws/install/carla_msgs/share/carla_msgs/cmake/rosidl_cmake-extras.cmake\n'}
[7.667823] (carla_msgs) StdoutLine: {'line': b'-- Installing: /home/airlab/ros2_ws/install/carla_msgs/share/carla_msgs/cmake/ament_cmake_export_dependencies-extras.cmake\n'}
[7.667868] (carla_msgs) StdoutLine: {'line': b'-- Installing: /home/airlab/ros2_ws/install/carla_msgs/share/carla_msgs/cmake/ament_cmake_export_include_directories-extras.cmake\n'}
[7.667912] (carla_msgs) StdoutLine: {'line': b'-- Installing: /home/airlab/ros2_ws/install/carla_msgs/share/carla_msgs/cmake/ament_cmake_export_libraries-extras.cmake\n'}
[7.667958] (carla_msgs) StdoutLine: {'line': b'-- Installing: /home/airlab/ros2_ws/install/carla_msgs/share/carla_msgs/cmake/ament_cmake_export_targets-extras.cmake\n'}
[7.668001] (carla_msgs) StdoutLine: {'line': b'-- Installing: /home/airlab/ros2_ws/install/carla_msgs/share/carla_msgs/cmake/rosidl_cmake_export_typesupport_targets-extras.cmake\n'}
[7.668039] (carla_msgs) StdoutLine: {'line': b'-- Installing: /home/airlab/ros2_ws/install/carla_msgs/share/carla_msgs/cmake/rosidl_cmake_export_typesupport_libraries-extras.cmake\n'}
[7.668087] (carla_msgs) StdoutLine: {'line': b'-- Installing: /home/airlab/ros2_ws/install/carla_msgs/share/carla_msgs/cmake/carla_msgsConfig.cmake\n'}
[7.668119] (carla_msgs) StdoutLine: {'line': b'-- Installing: /home/airlab/ros2_ws/install/carla_msgs/share/carla_msgs/cmake/carla_msgsConfig-version.cmake\n'}
[7.668158] (carla_msgs) StdoutLine: {'line': b'-- Installing: /home/airlab/ros2_ws/install/carla_msgs/share/carla_msgs/package.xml\n'}
[7.669247] (carla_msgs) CommandEnded: {'returncode': 0}
[7.677994] (carla_msgs) JobEnded: {'identifier': 'carla_msgs', 'rc': 0}
[7.678500] (-) EventReactorShutdown: {}
