[0mCMake Deprecation Warning at CMakeLists.txt:1 (cmake_minimum_required):
  Compatibility with CMake < 3.5 will be removed from a future version of
  CMake.

  Update the VERSION argument <min> value or use a ...<max> suffix to tell
  CMake that the project does not need compatibility with older versions.

[0m
-- Found ros_environment: 4.2.1 (/opt/ros/jazzy/share/ros_environment/cmake)
-- Found ament_cmake: 2.5.4 (/opt/ros/jazzy/share/ament_cmake/cmake)
-- Found Python3: /usr/bin/python3 (found version "3.12.3") found components: Interpreter 
-- Override CMake install command with custom implementation using symlinks instead of copying resources
-- Found builtin_interfaces: 2.0.3 (/opt/ros/jazzy/share/builtin_interfaces/cmake)
-- Found rosidl_generator_c: 4.6.6 (/opt/ros/jazzy/share/rosidl_generator_c/cmake)
-- Found rosidl_generator_cpp: 4.6.6 (/opt/ros/jazzy/share/rosidl_generator_cpp/cmake)
-- Using all available rosidl_typesupport_c: rosidl_typesupport_fastrtps_c;rosidl_typesupport_introspection_c
-- Using all available rosidl_typesupport_cpp: rosidl_typesupport_fastrtps_cpp;rosidl_typesupport_introspection_cpp
-- Found std_msgs: 5.3.6 (/opt/ros/jazzy/share/std_msgs/cmake)
-- Found geometry_msgs: 5.3.6 (/opt/ros/jazzy/share/geometry_msgs/cmake)
-- Found diagnostic_msgs: 5.3.6 (/opt/ros/jazzy/share/diagnostic_msgs/cmake)
-- Found rosidl_default_generators: 1.6.0 (/opt/ros/jazzy/share/rosidl_default_generators/cmake)
-- Found rosidl_adapter: 4.6.6 (/opt/ros/jazzy/share/rosidl_adapter/cmake)
-- Found ament_cmake_cppcheck: 0.17.3 (/opt/ros/jazzy/share/ament_cmake_cppcheck/cmake)
-- Found ament_cmake_cpplint: 0.17.3 (/opt/ros/jazzy/share/ament_cmake_cpplint/cmake)
-- Found ament_cmake_uncrustify: 0.17.3 (/opt/ros/jazzy/share/ament_cmake_uncrustify/cmake)
-- Found ament_cmake_ros: 0.12.0 (/opt/ros/jazzy/share/ament_cmake_ros/cmake)
-- Using all available rosidl_typesupport_c: rosidl_typesupport_fastrtps_c;rosidl_typesupport_introspection_c
-- Using all available rosidl_typesupport_cpp: rosidl_typesupport_fastrtps_cpp;rosidl_typesupport_introspection_cpp
-- Found python_cmake_module: 0.11.1 (/opt/ros/jazzy/share/python_cmake_module/cmake)
-- Found Python3: /usr/bin/python3 (found version "3.12.3") found components: Interpreter Development NumPy Development.Module Development.Embed 
-- Found ament_cmake_flake8: 0.17.3 (/opt/ros/jazzy/share/ament_cmake_flake8/cmake)
-- Found ament_cmake_pep257: 0.17.3 (/opt/ros/jazzy/share/ament_cmake_pep257/cmake)
-- Found ament_lint_auto: 0.17.3 (/opt/ros/jazzy/share/ament_lint_auto/cmake)
-- Added test 'copyright' to check source files copyright and LICENSE
-- Added test 'lint_cmake' to check CMake code style
-- Added test 'xmllint' to check XML markup files
-- Configuring done (1.0s)
-- Generating done (0.0s)
-- Build files have been written to: /home/airlab/ros2_ws/build/carla_msgs
[  0%] [34m[1mGenerating type hashes for ROS interfaces[0m
[  0%] Built target ament_cmake_python_symlink_carla_msgs
running egg_info
creating carla_msgs.egg-info
writing carla_msgs.egg-info/PKG-INFO
writing dependency_links to carla_msgs.egg-info/dependency_links.txt
writing top-level names to carla_msgs.egg-info/top_level.txt
writing manifest file 'carla_msgs.egg-info/SOURCES.txt'
reading manifest file 'carla_msgs.egg-info/SOURCES.txt'
writing manifest file 'carla_msgs.egg-info/SOURCES.txt'
[  0%] Built target ament_cmake_python_build_carla_msgs_egg
[  0%] Built target carla_msgs__rosidl_generator_type_description
[  1%] [34m[1mGenerating C code for ROS interfaces[0m
[  1%] [34m[1mGenerating C++ code for ROS interfaces[0m
[  1%] Built target carla_msgs__cpp
[  1%] [32mBuilding C object CMakeFiles/carla_msgs__rosidl_generator_c.dir/rosidl_generator_c/carla_msgs/msg/detail/carla_bounding_box__description.c.o[0m
[  1%] [32mBuilding C object CMakeFiles/carla_msgs__rosidl_generator_c.dir/rosidl_generator_c/carla_msgs/msg/detail/carla_ego_vehicle_info_wheel__description.c.o[0m
[  4%] [32mBuilding C object CMakeFiles/carla_msgs__rosidl_generator_c.dir/rosidl_generator_c/carla_msgs/msg/detail/carla_ego_vehicle_info_wheel__type_support.c.o[0m
[  4%] [32mBuilding C object CMakeFiles/carla_msgs__rosidl_generator_c.dir/rosidl_generator_c/carla_msgs/msg/detail/carla_ego_vehicle_info__functions.c.o[0m
[  4%] [32mBuilding C object CMakeFiles/carla_msgs__rosidl_generator_c.dir/rosidl_generator_c/carla_msgs/msg/detail/carla_ego_vehicle_info__description.c.o[0m
[  4%] [32mBuilding C object CMakeFiles/carla_msgs__rosidl_generator_c.dir/rosidl_generator_c/carla_msgs/msg/detail/carla_ego_vehicle_control__functions.c.o[0m
[  5%] [32mBuilding C object CMakeFiles/carla_msgs__rosidl_generator_c.dir/rosidl_generator_c/carla_msgs/msg/detail/carla_bounding_box__type_support.c.o[0m
[  5%] [32mBuilding C object CMakeFiles/carla_msgs__rosidl_generator_c.dir/rosidl_generator_c/carla_msgs/msg/detail/carla_bounding_box__functions.c.o[0m
[  5%] [32mBuilding C object CMakeFiles/carla_msgs__rosidl_generator_c.dir/rosidl_generator_c/carla_msgs/msg/detail/carla_ego_vehicle_control__description.c.o[0m
[  6%] [32mBuilding C object CMakeFiles/carla_msgs__rosidl_generator_c.dir/rosidl_generator_c/carla_msgs/msg/detail/carla_collision_event__description.c.o[0m
[  6%] [32mBuilding C object CMakeFiles/carla_msgs__rosidl_generator_c.dir/rosidl_generator_c/carla_msgs/msg/detail/carla_ego_vehicle_control__type_support.c.o[0m
[  7%] [32mBuilding C object CMakeFiles/carla_msgs__rosidl_generator_c.dir/rosidl_generator_c/carla_msgs/msg/detail/carla_ego_vehicle_status__description.c.o[0m
[  8%] [32mBuilding C object CMakeFiles/carla_msgs__rosidl_generator_c.dir/rosidl_generator_c/carla_msgs/msg/detail/carla_ego_vehicle_status__type_support.c.o[0m
[  8%] [32mBuilding C object CMakeFiles/carla_msgs__rosidl_generator_c.dir/rosidl_generator_c/carla_msgs/msg/detail/carla_ego_vehicle_status__functions.c.o[0m
[  8%] [32mBuilding C object CMakeFiles/carla_msgs__rosidl_generator_c.dir/rosidl_generator_c/carla_msgs/msg/detail/carla_ego_vehicle_info_wheel__functions.c.o[0m
[  9%] [32mBuilding C object CMakeFiles/carla_msgs__rosidl_generator_c.dir/rosidl_generator_c/carla_msgs/msg/detail/carla_ego_vehicle_info__type_support.c.o[0m
[  9%] [32mBuilding C object CMakeFiles/carla_msgs__rosidl_generator_c.dir/rosidl_generator_c/carla_msgs/msg/detail/carla_lane_invasion_event__description.c.o[0m
[  9%] [32mBuilding C object CMakeFiles/carla_msgs__rosidl_generator_c.dir/rosidl_generator_c/carla_msgs/msg/detail/carla_collision_event__functions.c.o[0m
[  9%] [32mBuilding C object CMakeFiles/carla_msgs__rosidl_generator_c.dir/rosidl_generator_c/carla_msgs/msg/detail/carla_collision_event__type_support.c.o[0m
[ 10%] [32mBuilding C object CMakeFiles/carla_msgs__rosidl_generator_c.dir/rosidl_generator_c/carla_msgs/msg/detail/carla_lane_invasion_event__type_support.c.o[0m
[ 10%] [32mBuilding C object CMakeFiles/carla_msgs__rosidl_generator_c.dir/rosidl_generator_c/carla_msgs/msg/detail/carla_world_info__description.c.o[0m
[ 10%] [32mBuilding C object CMakeFiles/carla_msgs__rosidl_generator_c.dir/rosidl_generator_c/carla_msgs/msg/detail/carla_lane_invasion_event__functions.c.o[0m
[ 11%] [32mBuilding C object CMakeFiles/carla_msgs__rosidl_generator_c.dir/rosidl_generator_c/carla_msgs/msg/detail/carla_actor_info__functions.c.o[0m
[ 12%] [32mBuilding C object CMakeFiles/carla_msgs__rosidl_generator_c.dir/rosidl_generator_c/carla_msgs/msg/detail/carla_world_info__functions.c.o[0m
[ 12%] [32mBuilding C object CMakeFiles/carla_msgs__rosidl_generator_c.dir/rosidl_generator_c/carla_msgs/msg/detail/carla_actor_info__description.c.o[0m
[ 12%] [32mBuilding C object CMakeFiles/carla_msgs__rosidl_generator_c.dir/rosidl_generator_c/carla_msgs/msg/detail/carla_actor_info__type_support.c.o[0m
[ 12%] [32mBuilding C object CMakeFiles/carla_msgs__rosidl_generator_c.dir/rosidl_generator_c/carla_msgs/msg/detail/carla_actor_list__functions.c.o[0m
[ 12%] [32mBuilding C object CMakeFiles/carla_msgs__rosidl_generator_c.dir/rosidl_generator_c/carla_msgs/msg/detail/carla_control__description.c.o[0m
[ 13%] [32mBuilding C object CMakeFiles/carla_msgs__rosidl_generator_c.dir/rosidl_generator_c/carla_msgs/msg/detail/carla_actor_list__description.c.o[0m
[ 13%] [32mBuilding C object CMakeFiles/carla_msgs__rosidl_generator_c.dir/rosidl_generator_c/carla_msgs/msg/detail/carla_world_info__type_support.c.o[0m
[ 13%] [32mBuilding C object CMakeFiles/carla_msgs__rosidl_generator_c.dir/rosidl_generator_c/carla_msgs/msg/detail/carla_control__functions.c.o[0m
[ 14%] [32mBuilding C object CMakeFiles/carla_msgs__rosidl_generator_c.dir/rosidl_generator_c/carla_msgs/msg/detail/carla_actor_list__type_support.c.o[0m
[ 14%] [32mBuilding C object CMakeFiles/carla_msgs__rosidl_generator_c.dir/rosidl_generator_c/carla_msgs/msg/detail/carla_traffic_light_info__functions.c.o[0m
[ 14%] [32mBuilding C object CMakeFiles/carla_msgs__rosidl_generator_c.dir/rosidl_generator_c/carla_msgs/msg/detail/carla_status__description.c.o[0m
[ 16%] [32mBuilding C object CMakeFiles/carla_msgs__rosidl_generator_c.dir/rosidl_generator_c/carla_msgs/msg/detail/carla_status__functions.c.o[0m
[ 16%] [32mBuilding C object CMakeFiles/carla_msgs__rosidl_generator_c.dir/rosidl_generator_c/carla_msgs/msg/detail/carla_control__type_support.c.o[0m
[ 17%] [32mBuilding C object CMakeFiles/carla_msgs__rosidl_generator_c.dir/rosidl_generator_c/carla_msgs/msg/detail/carla_traffic_light_info__description.c.o[0m
[ 17%] [32mBuilding C object CMakeFiles/carla_msgs__rosidl_generator_c.dir/rosidl_generator_c/carla_msgs/msg/detail/carla_traffic_light_info__type_support.c.o[0m
[ 18%] [32mBuilding C object CMakeFiles/carla_msgs__rosidl_generator_c.dir/rosidl_generator_c/carla_msgs/msg/detail/carla_traffic_light_info_list__description.c.o[0m
[ 18%] [32mBuilding C object CMakeFiles/carla_msgs__rosidl_generator_c.dir/rosidl_generator_c/carla_msgs/msg/detail/carla_status__type_support.c.o[0m
[ 18%] [32mBuilding C object CMakeFiles/carla_msgs__rosidl_generator_c.dir/rosidl_generator_c/carla_msgs/msg/detail/carla_traffic_light_info_list__functions.c.o[0m
[ 18%] [32mBuilding C object CMakeFiles/carla_msgs__rosidl_generator_c.dir/rosidl_generator_c/carla_msgs/msg/detail/carla_traffic_light_status__description.c.o[0m
[ 19%] [32mBuilding C object CMakeFiles/carla_msgs__rosidl_generator_c.dir/rosidl_generator_c/carla_msgs/msg/detail/carla_traffic_light_info_list__type_support.c.o[0m
[ 20%] [32mBuilding C object CMakeFiles/carla_msgs__rosidl_generator_c.dir/rosidl_generator_c/carla_msgs/msg/detail/carla_traffic_light_status_list__description.c.o[0m
[ 20%] [32mBuilding C object CMakeFiles/carla_msgs__rosidl_generator_c.dir/rosidl_generator_c/carla_msgs/msg/detail/carla_traffic_light_status_list__functions.c.o[0m
[ 20%] [32mBuilding C object CMakeFiles/carla_msgs__rosidl_generator_c.dir/rosidl_generator_c/carla_msgs/msg/detail/carla_traffic_light_status__type_support.c.o[0m
[ 21%] [32mBuilding C object CMakeFiles/carla_msgs__rosidl_generator_c.dir/rosidl_generator_c/carla_msgs/msg/detail/carla_traffic_light_status__functions.c.o[0m
[ 22%] [32mBuilding C object CMakeFiles/carla_msgs__rosidl_generator_c.dir/rosidl_generator_c/carla_msgs/msg/detail/carla_walker_control__description.c.o[0m
[ 22%] [32mBuilding C object CMakeFiles/carla_msgs__rosidl_generator_c.dir/rosidl_generator_c/carla_msgs/msg/detail/carla_walker_control__functions.c.o[0m
[ 22%] [32mBuilding C object CMakeFiles/carla_msgs__rosidl_generator_c.dir/rosidl_generator_c/carla_msgs/msg/detail/carla_weather_parameters__description.c.o[0m
[ 22%] [32mBuilding C object CMakeFiles/carla_msgs__rosidl_generator_c.dir/rosidl_generator_c/carla_msgs/msg/detail/carla_traffic_light_status_list__type_support.c.o[0m
[ 22%] [32mBuilding C object CMakeFiles/carla_msgs__rosidl_generator_c.dir/rosidl_generator_c/carla_msgs/msg/detail/carla_weather_parameters__functions.c.o[0m
[ 23%] [32mBuilding C object CMakeFiles/carla_msgs__rosidl_generator_c.dir/rosidl_generator_c/carla_msgs/msg/detail/carla_walker_control__type_support.c.o[0m
[ 24%] [32mBuilding C object CMakeFiles/carla_msgs__rosidl_generator_c.dir/rosidl_generator_c/carla_msgs/msg/detail/carla_weather_parameters__type_support.c.o[0m
[ 24%] [32mBuilding C object CMakeFiles/carla_msgs__rosidl_generator_c.dir/rosidl_generator_c/carla_msgs/srv/detail/spawn_object__type_support.c.o[0m
[ 25%] [32mBuilding C object CMakeFiles/carla_msgs__rosidl_generator_c.dir/rosidl_generator_c/carla_msgs/srv/detail/spawn_object__functions.c.o[0m
[ 25%] [32mBuilding C object CMakeFiles/carla_msgs__rosidl_generator_c.dir/rosidl_generator_c/carla_msgs/srv/detail/spawn_object__description.c.o[0m
[ 26%] [32mBuilding C object CMakeFiles/carla_msgs__rosidl_generator_c.dir/rosidl_generator_c/carla_msgs/srv/detail/destroy_object__description.c.o[0m
[ 26%] [32mBuilding C object CMakeFiles/carla_msgs__rosidl_generator_c.dir/rosidl_generator_c/carla_msgs/srv/detail/destroy_object__functions.c.o[0m
[ 26%] [32mBuilding C object CMakeFiles/carla_msgs__rosidl_generator_c.dir/rosidl_generator_c/carla_msgs/srv/detail/destroy_object__type_support.c.o[0m
[ 26%] [32mBuilding C object CMakeFiles/carla_msgs__rosidl_generator_c.dir/rosidl_generator_c/carla_msgs/srv/detail/get_blueprints__functions.c.o[0m
[ 27%] [32mBuilding C object CMakeFiles/carla_msgs__rosidl_generator_c.dir/rosidl_generator_c/carla_msgs/srv/detail/get_blueprints__description.c.o[0m
[ 28%] [32mBuilding C object CMakeFiles/carla_msgs__rosidl_generator_c.dir/rosidl_generator_c/carla_msgs/srv/detail/get_blueprints__type_support.c.o[0m
[ 28%] [32m[1mLinking C shared library libcarla_msgs__rosidl_generator_c.so[0m
[ 28%] Built target carla_msgs__rosidl_generator_c
[ 29%] [34m[1mGenerating C++ type support for eProsima Fast-RTPS[0m
[ 30%] [34m[1mGenerating C type support dispatch for ROS interfaces[0m
[ 30%] [34m[1mGenerating C type support for eProsima Fast-RTPS[0m
[ 30%] [34m[1mGenerating C++ type support dispatch for ROS interfaces[0m
[ 30%] [34m[1mGenerating C introspection for ROS interfaces[0m
[ 31%] [34m[1mGenerating C++ introspection for ROS interfaces[0m
[ 31%] [32mBuilding CXX object CMakeFiles/carla_msgs__rosidl_typesupport_cpp.dir/rosidl_typesupport_cpp/carla_msgs/msg/carla_ego_vehicle_info__type_support.cpp.o[0m
[ 32%] [32mBuilding CXX object CMakeFiles/carla_msgs__rosidl_typesupport_cpp.dir/rosidl_typesupport_cpp/carla_msgs/msg/carla_control__type_support.cpp.o[0m
[ 32%] [32mBuilding CXX object CMakeFiles/carla_msgs__rosidl_typesupport_cpp.dir/rosidl_typesupport_cpp/carla_msgs/msg/carla_lane_invasion_event__type_support.cpp.o[0m
[ 32%] [32mBuilding CXX object CMakeFiles/carla_msgs__rosidl_typesupport_cpp.dir/rosidl_typesupport_cpp/carla_msgs/msg/carla_actor_info__type_support.cpp.o[0m
[ 33%] [32mBuilding CXX object CMakeFiles/carla_msgs__rosidl_typesupport_cpp.dir/rosidl_typesupport_cpp/carla_msgs/msg/carla_bounding_box__type_support.cpp.o[0m
[ 33%] [32mBuilding CXX object CMakeFiles/carla_msgs__rosidl_typesupport_cpp.dir/rosidl_typesupport_cpp/carla_msgs/msg/carla_traffic_light_info_list__type_support.cpp.o[0m
[ 33%] [32mBuilding CXX object CMakeFiles/carla_msgs__rosidl_typesupport_cpp.dir/rosidl_typesupport_cpp/carla_msgs/msg/carla_ego_vehicle_control__type_support.cpp.o[0m
[ 35%] [32mBuilding CXX object CMakeFiles/carla_msgs__rosidl_typesupport_cpp.dir/rosidl_typesupport_cpp/carla_msgs/msg/carla_world_info__type_support.cpp.o[0m
[ 35%] [32mBuilding CXX object CMakeFiles/carla_msgs__rosidl_typesupport_cpp.dir/rosidl_typesupport_cpp/carla_msgs/msg/carla_ego_vehicle_status__type_support.cpp.o[0m
[ 36%] [32mBuilding CXX object CMakeFiles/carla_msgs__rosidl_typesupport_cpp.dir/rosidl_typesupport_cpp/carla_msgs/msg/carla_collision_event__type_support.cpp.o[0m
[ 36%] [32mBuilding CXX object CMakeFiles/carla_msgs__rosidl_typesupport_cpp.dir/rosidl_typesupport_cpp/carla_msgs/msg/carla_ego_vehicle_info_wheel__type_support.cpp.o[0m
[ 36%] [32mBuilding CXX object CMakeFiles/carla_msgs__rosidl_typesupport_cpp.dir/rosidl_typesupport_cpp/carla_msgs/msg/carla_actor_list__type_support.cpp.o[0m
[ 37%] [32mBuilding CXX object CMakeFiles/carla_msgs__rosidl_typesupport_cpp.dir/rosidl_typesupport_cpp/carla_msgs/msg/carla_traffic_light_status__type_support.cpp.o[0m
[ 37%] [32mBuilding CXX object CMakeFiles/carla_msgs__rosidl_typesupport_cpp.dir/rosidl_typesupport_cpp/carla_msgs/srv/spawn_object__type_support.cpp.o[0m
[ 37%] [32mBuilding CXX object CMakeFiles/carla_msgs__rosidl_typesupport_cpp.dir/rosidl_typesupport_cpp/carla_msgs/msg/carla_status__type_support.cpp.o[0m
[ 38%] [32mBuilding CXX object CMakeFiles/carla_msgs__rosidl_typesupport_cpp.dir/rosidl_typesupport_cpp/carla_msgs/msg/carla_traffic_light_info__type_support.cpp.o[0m
[ 38%] [32mBuilding CXX object CMakeFiles/carla_msgs__rosidl_typesupport_cpp.dir/rosidl_typesupport_cpp/carla_msgs/srv/get_blueprints__type_support.cpp.o[0m
[ 38%] [32mBuilding CXX object CMakeFiles/carla_msgs__rosidl_typesupport_cpp.dir/rosidl_typesupport_cpp/carla_msgs/msg/carla_walker_control__type_support.cpp.o[0m
[ 38%] [32mBuilding CXX object CMakeFiles/carla_msgs__rosidl_typesupport_cpp.dir/rosidl_typesupport_cpp/carla_msgs/msg/carla_traffic_light_status_list__type_support.cpp.o[0m
[ 39%] [32mBuilding CXX object CMakeFiles/carla_msgs__rosidl_typesupport_cpp.dir/rosidl_typesupport_cpp/carla_msgs/msg/carla_weather_parameters__type_support.cpp.o[0m
[ 40%] [32mBuilding CXX object CMakeFiles/carla_msgs__rosidl_typesupport_cpp.dir/rosidl_typesupport_cpp/carla_msgs/srv/destroy_object__type_support.cpp.o[0m
[ 41%] [32mBuilding CXX object CMakeFiles/carla_msgs__rosidl_typesupport_c.dir/rosidl_typesupport_c/carla_msgs/msg/carla_ego_vehicle_info__type_support.cpp.o[0m
[ 41%] [32mBuilding CXX object CMakeFiles/carla_msgs__rosidl_typesupport_c.dir/rosidl_typesupport_c/carla_msgs/msg/carla_collision_event__type_support.cpp.o[0m
[ 42%] [32mBuilding CXX object CMakeFiles/carla_msgs__rosidl_typesupport_c.dir/rosidl_typesupport_c/carla_msgs/msg/carla_ego_vehicle_status__type_support.cpp.o[0m
[ 42%] [32mBuilding CXX object CMakeFiles/carla_msgs__rosidl_typesupport_c.dir/rosidl_typesupport_c/carla_msgs/msg/carla_ego_vehicle_info_wheel__type_support.cpp.o[0m
[ 43%] [32mBuilding CXX object CMakeFiles/carla_msgs__rosidl_typesupport_c.dir/rosidl_typesupport_c/carla_msgs/msg/carla_bounding_box__type_support.cpp.o[0m
[ 43%] [32mBuilding CXX object CMakeFiles/carla_msgs__rosidl_typesupport_c.dir/rosidl_typesupport_c/carla_msgs/msg/carla_ego_vehicle_control__type_support.cpp.o[0m
[ 43%] [32mBuilding CXX object CMakeFiles/carla_msgs__rosidl_typesupport_c.dir/rosidl_typesupport_c/carla_msgs/msg/carla_lane_invasion_event__type_support.cpp.o[0m
[ 44%] [32mBuilding CXX object CMakeFiles/carla_msgs__rosidl_typesupport_c.dir/rosidl_typesupport_c/carla_msgs/msg/carla_actor_list__type_support.cpp.o[0m
[ 44%] [32mBuilding CXX object CMakeFiles/carla_msgs__rosidl_typesupport_c.dir/rosidl_typesupport_c/carla_msgs/msg/carla_control__type_support.cpp.o[0m
[ 44%] [32mBuilding CXX object CMakeFiles/carla_msgs__rosidl_typesupport_c.dir/rosidl_typesupport_c/carla_msgs/msg/carla_actor_info__type_support.cpp.o[0m
[ 45%] [32mBuilding CXX object CMakeFiles/carla_msgs__rosidl_typesupport_c.dir/rosidl_typesupport_c/carla_msgs/msg/carla_status__type_support.cpp.o[0m
[ 46%] [32mBuilding CXX object CMakeFiles/carla_msgs__rosidl_typesupport_c.dir/rosidl_typesupport_c/carla_msgs/msg/carla_world_info__type_support.cpp.o[0m
[ 46%] [32mBuilding CXX object CMakeFiles/carla_msgs__rosidl_typesupport_c.dir/rosidl_typesupport_c/carla_msgs/msg/carla_traffic_light_info__type_support.cpp.o[0m
[ 46%] [32mBuilding CXX object CMakeFiles/carla_msgs__rosidl_typesupport_c.dir/rosidl_typesupport_c/carla_msgs/msg/carla_traffic_light_info_list__type_support.cpp.o[0m
[ 47%] [32mBuilding CXX object CMakeFiles/carla_msgs__rosidl_typesupport_c.dir/rosidl_typesupport_c/carla_msgs/msg/carla_traffic_light_status__type_support.cpp.o[0m
[ 48%] [32mBuilding CXX object CMakeFiles/carla_msgs__rosidl_typesupport_c.dir/rosidl_typesupport_c/carla_msgs/msg/carla_traffic_light_status_list__type_support.cpp.o[0m
[ 48%] [32mBuilding CXX object CMakeFiles/carla_msgs__rosidl_typesupport_c.dir/rosidl_typesupport_c/carla_msgs/msg/carla_walker_control__type_support.cpp.o[0m
[ 48%] [32mBuilding CXX object CMakeFiles/carla_msgs__rosidl_typesupport_c.dir/rosidl_typesupport_c/carla_msgs/msg/carla_weather_parameters__type_support.cpp.o[0m
[ 49%] [32mBuilding CXX object CMakeFiles/carla_msgs__rosidl_typesupport_c.dir/rosidl_typesupport_c/carla_msgs/srv/spawn_object__type_support.cpp.o[0m
[ 49%] [32mBuilding CXX object CMakeFiles/carla_msgs__rosidl_typesupport_c.dir/rosidl_typesupport_c/carla_msgs/srv/destroy_object__type_support.cpp.o[0m
[ 49%] [32mBuilding CXX object CMakeFiles/carla_msgs__rosidl_typesupport_c.dir/rosidl_typesupport_c/carla_msgs/srv/get_blueprints__type_support.cpp.o[0m
[ 50%] [32m[1mLinking CXX shared library libcarla_msgs__rosidl_typesupport_c.so[0m
[ 50%] [32mBuilding C object CMakeFiles/carla_msgs__rosidl_typesupport_introspection_c.dir/rosidl_typesupport_introspection_c/carla_msgs/msg/detail/carla_ego_vehicle_status__type_support.c.o[0m
[ 50%] [32mBuilding C object CMakeFiles/carla_msgs__rosidl_typesupport_introspection_c.dir/rosidl_typesupport_introspection_c/carla_msgs/msg/detail/carla_bounding_box__type_support.c.o[0m
[ 51%] [32mBuilding C object CMakeFiles/carla_msgs__rosidl_typesupport_introspection_c.dir/rosidl_typesupport_introspection_c/carla_msgs/msg/detail/carla_ego_vehicle_control__type_support.c.o[0m
[ 51%] [32mBuilding C object CMakeFiles/carla_msgs__rosidl_typesupport_introspection_c.dir/rosidl_typesupport_introspection_c/carla_msgs/msg/detail/carla_collision_event__type_support.c.o[0m
[ 52%] [32mBuilding C object CMakeFiles/carla_msgs__rosidl_typesupport_introspection_c.dir/rosidl_typesupport_introspection_c/carla_msgs/msg/detail/carla_lane_invasion_event__type_support.c.o[0m
[ 52%] Built target carla_msgs__rosidl_typesupport_c
[ 53%] [32mBuilding C object CMakeFiles/carla_msgs__rosidl_typesupport_introspection_c.dir/rosidl_typesupport_introspection_c/carla_msgs/msg/detail/carla_ego_vehicle_info__type_support.c.o[0m
[ 53%] [32mBuilding C object CMakeFiles/carla_msgs__rosidl_typesupport_introspection_c.dir/rosidl_typesupport_introspection_c/carla_msgs/msg/detail/carla_ego_vehicle_info_wheel__type_support.c.o[0m
[ 53%] [32mBuilding C object CMakeFiles/carla_msgs__rosidl_typesupport_introspection_c.dir/rosidl_typesupport_introspection_c/carla_msgs/msg/detail/carla_world_info__type_support.c.o[0m
[ 54%] [32mBuilding C object CMakeFiles/carla_msgs__rosidl_typesupport_introspection_c.dir/rosidl_typesupport_introspection_c/carla_msgs/msg/detail/carla_actor_info__type_support.c.o[0m
[ 54%] [32mBuilding C object CMakeFiles/carla_msgs__rosidl_typesupport_introspection_c.dir/rosidl_typesupport_introspection_c/carla_msgs/msg/detail/carla_control__type_support.c.o[0m
[ 54%] [32mBuilding C object CMakeFiles/carla_msgs__rosidl_typesupport_introspection_c.dir/rosidl_typesupport_introspection_c/carla_msgs/msg/detail/carla_actor_list__type_support.c.o[0m
[ 55%] [32mBuilding C object CMakeFiles/carla_msgs__rosidl_typesupport_introspection_c.dir/rosidl_typesupport_introspection_c/carla_msgs/msg/detail/carla_status__type_support.c.o[0m
[ 55%] [32mBuilding C object CMakeFiles/carla_msgs__rosidl_typesupport_introspection_c.dir/rosidl_typesupport_introspection_c/carla_msgs/msg/detail/carla_traffic_light_info__type_support.c.o[0m
[ 55%] [32mBuilding C object CMakeFiles/carla_msgs__rosidl_typesupport_introspection_c.dir/rosidl_typesupport_introspection_c/carla_msgs/msg/detail/carla_traffic_light_status__type_support.c.o[0m
[ 56%] [32mBuilding C object CMakeFiles/carla_msgs__rosidl_typesupport_introspection_c.dir/rosidl_typesupport_introspection_c/carla_msgs/msg/detail/carla_traffic_light_info_list__type_support.c.o[0m
[ 57%] [32mBuilding C object CMakeFiles/carla_msgs__rosidl_typesupport_introspection_c.dir/rosidl_typesupport_introspection_c/carla_msgs/msg/detail/carla_traffic_light_status_list__type_support.c.o[0m
[ 57%] [32mBuilding C object CMakeFiles/carla_msgs__rosidl_typesupport_introspection_c.dir/rosidl_typesupport_introspection_c/carla_msgs/msg/detail/carla_walker_control__type_support.c.o[0m
[ 58%] [32mBuilding C object CMakeFiles/carla_msgs__rosidl_typesupport_introspection_c.dir/rosidl_typesupport_introspection_c/carla_msgs/srv/detail/spawn_object__type_support.c.o[0m
[ 58%] [32mBuilding C object CMakeFiles/carla_msgs__rosidl_typesupport_introspection_c.dir/rosidl_typesupport_introspection_c/carla_msgs/msg/detail/carla_weather_parameters__type_support.c.o[0m
[ 58%] [32mBuilding C object CMakeFiles/carla_msgs__rosidl_typesupport_introspection_c.dir/rosidl_typesupport_introspection_c/carla_msgs/srv/detail/destroy_object__type_support.c.o[0m
[ 59%] [32mBuilding C object CMakeFiles/carla_msgs__rosidl_typesupport_introspection_c.dir/rosidl_typesupport_introspection_c/carla_msgs/srv/detail/get_blueprints__type_support.c.o[0m
[ 59%] [32m[1mLinking C shared library libcarla_msgs__rosidl_typesupport_introspection_c.so[0m
[ 60%] [32mBuilding CXX object CMakeFiles/carla_msgs__rosidl_typesupport_introspection_cpp.dir/rosidl_typesupport_introspection_cpp/carla_msgs/msg/detail/carla_actor_list__type_support.cpp.o[0m
[ 61%] [32mBuilding CXX object CMakeFiles/carla_msgs__rosidl_typesupport_introspection_cpp.dir/rosidl_typesupport_introspection_cpp/carla_msgs/msg/detail/carla_status__type_support.cpp.o[0m
[ 61%] [32mBuilding CXX object CMakeFiles/carla_msgs__rosidl_typesupport_introspection_cpp.dir/rosidl_typesupport_introspection_cpp/carla_msgs/msg/detail/carla_bounding_box__type_support.cpp.o[0m
[ 61%] [32mBuilding CXX object CMakeFiles/carla_msgs__rosidl_typesupport_introspection_cpp.dir/rosidl_typesupport_introspection_cpp/carla_msgs/msg/detail/carla_ego_vehicle_control__type_support.cpp.o[0m
[ 61%] [32mBuilding CXX object CMakeFiles/carla_msgs__rosidl_typesupport_introspection_cpp.dir/rosidl_typesupport_introspection_cpp/carla_msgs/msg/detail/carla_ego_vehicle_info_wheel__type_support.cpp.o[0m
[ 62%] [32mBuilding CXX object CMakeFiles/carla_msgs__rosidl_typesupport_introspection_cpp.dir/rosidl_typesupport_introspection_cpp/carla_msgs/msg/detail/carla_world_info__type_support.cpp.o[0m
[ 62%] [32mBuilding CXX object CMakeFiles/carla_msgs__rosidl_typesupport_introspection_cpp.dir/rosidl_typesupport_introspection_cpp/carla_msgs/msg/detail/carla_ego_vehicle_info__type_support.cpp.o[0m
[ 63%] [32mBuilding CXX object CMakeFiles/carla_msgs__rosidl_typesupport_introspection_cpp.dir/rosidl_typesupport_introspection_cpp/carla_msgs/msg/detail/carla_ego_vehicle_status__type_support.cpp.o[0m
[ 63%] [32mBuilding CXX object CMakeFiles/carla_msgs__rosidl_typesupport_introspection_cpp.dir/rosidl_typesupport_introspection_cpp/carla_msgs/msg/detail/carla_collision_event__type_support.cpp.o[0m
[ 64%] [32mBuilding CXX object CMakeFiles/carla_msgs__rosidl_typesupport_introspection_cpp.dir/rosidl_typesupport_introspection_cpp/carla_msgs/msg/detail/carla_lane_invasion_event__type_support.cpp.o[0m
[ 64%] [32mBuilding CXX object CMakeFiles/carla_msgs__rosidl_typesupport_introspection_cpp.dir/rosidl_typesupport_introspection_cpp/carla_msgs/msg/detail/carla_traffic_light_status__type_support.cpp.o[0m
[ 64%] [32mBuilding CXX object CMakeFiles/carla_msgs__rosidl_typesupport_introspection_cpp.dir/rosidl_typesupport_introspection_cpp/carla_msgs/msg/detail/carla_control__type_support.cpp.o[0m
[ 65%] [32mBuilding CXX object CMakeFiles/carla_msgs__rosidl_typesupport_introspection_cpp.dir/rosidl_typesupport_introspection_cpp/carla_msgs/srv/detail/spawn_object__type_support.cpp.o[0m
[ 65%] [32mBuilding CXX object CMakeFiles/carla_msgs__rosidl_typesupport_introspection_cpp.dir/rosidl_typesupport_introspection_cpp/carla_msgs/msg/detail/carla_traffic_light_status_list__type_support.cpp.o[0m
[ 66%] [32mBuilding CXX object CMakeFiles/carla_msgs__rosidl_typesupport_introspection_cpp.dir/rosidl_typesupport_introspection_cpp/carla_msgs/msg/detail/carla_walker_control__type_support.cpp.o[0m
[ 67%] [32mBuilding CXX object CMakeFiles/carla_msgs__rosidl_typesupport_introspection_cpp.dir/rosidl_typesupport_introspection_cpp/carla_msgs/srv/detail/get_blueprints__type_support.cpp.o[0m
[ 67%] [32mBuilding CXX object CMakeFiles/carla_msgs__rosidl_typesupport_introspection_cpp.dir/rosidl_typesupport_introspection_cpp/carla_msgs/msg/detail/carla_traffic_light_info__type_support.cpp.o[0m
[ 67%] [32mBuilding CXX object CMakeFiles/carla_msgs__rosidl_typesupport_introspection_cpp.dir/rosidl_typesupport_introspection_cpp/carla_msgs/srv/detail/destroy_object__type_support.cpp.o[0m
[ 68%] [32mBuilding CXX object CMakeFiles/carla_msgs__rosidl_typesupport_introspection_cpp.dir/rosidl_typesupport_introspection_cpp/carla_msgs/msg/detail/carla_traffic_light_info_list__type_support.cpp.o[0m
[ 68%] [32mBuilding CXX object CMakeFiles/carla_msgs__rosidl_typesupport_introspection_cpp.dir/rosidl_typesupport_introspection_cpp/carla_msgs/msg/detail/carla_weather_parameters__type_support.cpp.o[0m
[ 68%] [32mBuilding CXX object CMakeFiles/carla_msgs__rosidl_typesupport_introspection_cpp.dir/rosidl_typesupport_introspection_cpp/carla_msgs/msg/detail/carla_actor_info__type_support.cpp.o[0m
[ 68%] Built target carla_msgs__rosidl_typesupport_introspection_c
[ 69%] [32m[1mLinking CXX shared library libcarla_msgs__rosidl_typesupport_cpp.so[0m
[ 69%] Built target carla_msgs__rosidl_typesupport_cpp
[ 69%] [32mBuilding CXX object CMakeFiles/carla_msgs__rosidl_typesupport_fastrtps_cpp.dir/rosidl_typesupport_fastrtps_cpp/carla_msgs/msg/detail/dds_fastrtps/carla_bounding_box__type_support.cpp.o[0m
[ 69%] [32mBuilding CXX object CMakeFiles/carla_msgs__rosidl_typesupport_fastrtps_cpp.dir/rosidl_typesupport_fastrtps_cpp/carla_msgs/msg/detail/dds_fastrtps/carla_collision_event__type_support.cpp.o[0m
[ 69%] [32mBuilding CXX object CMakeFiles/carla_msgs__rosidl_typesupport_fastrtps_cpp.dir/rosidl_typesupport_fastrtps_cpp/carla_msgs/msg/detail/dds_fastrtps/carla_ego_vehicle_status__type_support.cpp.o[0m
[ 69%] [32mBuilding CXX object CMakeFiles/carla_msgs__rosidl_typesupport_fastrtps_cpp.dir/rosidl_typesupport_fastrtps_cpp/carla_msgs/msg/detail/dds_fastrtps/carla_ego_vehicle_info__type_support.cpp.o[0m
[ 70%] [32mBuilding CXX object CMakeFiles/carla_msgs__rosidl_typesupport_fastrtps_cpp.dir/rosidl_typesupport_fastrtps_cpp/carla_msgs/msg/detail/dds_fastrtps/carla_ego_vehicle_control__type_support.cpp.o[0m
[ 71%] [32mBuilding CXX object CMakeFiles/carla_msgs__rosidl_typesupport_fastrtps_cpp.dir/rosidl_typesupport_fastrtps_cpp/carla_msgs/msg/detail/dds_fastrtps/carla_lane_invasion_event__type_support.cpp.o[0m
[ 72%] [32mBuilding CXX object CMakeFiles/carla_msgs__rosidl_typesupport_fastrtps_cpp.dir/rosidl_typesupport_fastrtps_cpp/carla_msgs/msg/detail/dds_fastrtps/carla_ego_vehicle_info_wheel__type_support.cpp.o[0m
[ 72%] [32mBuilding CXX object CMakeFiles/carla_msgs__rosidl_typesupport_fastrtps_cpp.dir/rosidl_typesupport_fastrtps_cpp/carla_msgs/msg/detail/dds_fastrtps/carla_actor_list__type_support.cpp.o[0m
[ 72%] [32mBuilding CXX object CMakeFiles/carla_msgs__rosidl_typesupport_fastrtps_c.dir/rosidl_typesupport_fastrtps_c/carla_msgs/msg/detail/carla_bounding_box__type_support_c.cpp.o[0m
[ 72%] [32mBuilding CXX object CMakeFiles/carla_msgs__rosidl_typesupport_fastrtps_cpp.dir/rosidl_typesupport_fastrtps_cpp/carla_msgs/msg/detail/dds_fastrtps/carla_world_info__type_support.cpp.o[0m
[ 73%] [32mBuilding CXX object CMakeFiles/carla_msgs__rosidl_typesupport_fastrtps_cpp.dir/rosidl_typesupport_fastrtps_cpp/carla_msgs/msg/detail/dds_fastrtps/carla_actor_info__type_support.cpp.o[0m
[ 74%] [32mBuilding CXX object CMakeFiles/carla_msgs__rosidl_typesupport_fastrtps_cpp.dir/rosidl_typesupport_fastrtps_cpp/carla_msgs/msg/detail/dds_fastrtps/carla_control__type_support.cpp.o[0m
[ 75%] [32mBuilding CXX object CMakeFiles/carla_msgs__rosidl_typesupport_fastrtps_c.dir/rosidl_typesupport_fastrtps_c/carla_msgs/msg/detail/carla_ego_vehicle_control__type_support_c.cpp.o[0m
[ 75%] [32mBuilding CXX object CMakeFiles/carla_msgs__rosidl_typesupport_fastrtps_cpp.dir/rosidl_typesupport_fastrtps_cpp/carla_msgs/msg/detail/dds_fastrtps/carla_status__type_support.cpp.o[0m
[ 75%] [32mBuilding CXX object CMakeFiles/carla_msgs__rosidl_typesupport_fastrtps_c.dir/rosidl_typesupport_fastrtps_c/carla_msgs/msg/detail/carla_ego_vehicle_status__type_support_c.cpp.o[0m
[ 76%] [32mBuilding CXX object CMakeFiles/carla_msgs__rosidl_typesupport_fastrtps_c.dir/rosidl_typesupport_fastrtps_c/carla_msgs/msg/detail/carla_ego_vehicle_info_wheel__type_support_c.cpp.o[0m
[ 76%] [32mBuilding CXX object CMakeFiles/carla_msgs__rosidl_typesupport_fastrtps_cpp.dir/rosidl_typesupport_fastrtps_cpp/carla_msgs/msg/detail/dds_fastrtps/carla_traffic_light_info__type_support.cpp.o[0m
[ 76%] [32mBuilding CXX object CMakeFiles/carla_msgs__rosidl_typesupport_fastrtps_c.dir/rosidl_typesupport_fastrtps_c/carla_msgs/msg/detail/carla_ego_vehicle_info__type_support_c.cpp.o[0m
[ 76%] [32mBuilding CXX object CMakeFiles/carla_msgs__rosidl_typesupport_fastrtps_c.dir/rosidl_typesupport_fastrtps_c/carla_msgs/msg/detail/carla_lane_invasion_event__type_support_c.cpp.o[0m
[ 77%] [32mBuilding CXX object CMakeFiles/carla_msgs__rosidl_typesupport_fastrtps_c.dir/rosidl_typesupport_fastrtps_c/carla_msgs/msg/detail/carla_collision_event__type_support_c.cpp.o[0m
[ 78%] [32mBuilding CXX object CMakeFiles/carla_msgs__rosidl_typesupport_fastrtps_cpp.dir/rosidl_typesupport_fastrtps_cpp/carla_msgs/msg/detail/dds_fastrtps/carla_traffic_light_info_list__type_support.cpp.o[0m
[ 78%] [32mBuilding CXX object CMakeFiles/carla_msgs__rosidl_typesupport_fastrtps_c.dir/rosidl_typesupport_fastrtps_c/carla_msgs/msg/detail/carla_world_info__type_support_c.cpp.o[0m
[ 78%] [32mBuilding CXX object CMakeFiles/carla_msgs__rosidl_typesupport_fastrtps_cpp.dir/rosidl_typesupport_fastrtps_cpp/carla_msgs/msg/detail/dds_fastrtps/carla_traffic_light_status__type_support.cpp.o[0m
[ 80%] [32mBuilding CXX object CMakeFiles/carla_msgs__rosidl_typesupport_fastrtps_cpp.dir/rosidl_typesupport_fastrtps_cpp/carla_msgs/msg/detail/dds_fastrtps/carla_traffic_light_status_list__type_support.cpp.o[0m
[ 80%] [32mBuilding CXX object CMakeFiles/carla_msgs__rosidl_typesupport_fastrtps_c.dir/rosidl_typesupport_fastrtps_c/carla_msgs/msg/detail/carla_actor_info__type_support_c.cpp.o[0m
[ 80%] [32mBuilding CXX object CMakeFiles/carla_msgs__rosidl_typesupport_fastrtps_c.dir/rosidl_typesupport_fastrtps_c/carla_msgs/msg/detail/carla_actor_list__type_support_c.cpp.o[0m
[ 80%] [32mBuilding CXX object CMakeFiles/carla_msgs__rosidl_typesupport_fastrtps_cpp.dir/rosidl_typesupport_fastrtps_cpp/carla_msgs/msg/detail/dds_fastrtps/carla_walker_control__type_support.cpp.o[0m
[ 81%] [32mBuilding CXX object CMakeFiles/carla_msgs__rosidl_typesupport_fastrtps_c.dir/rosidl_typesupport_fastrtps_c/carla_msgs/msg/detail/carla_control__type_support_c.cpp.o[0m
[ 82%] [32mBuilding CXX object CMakeFiles/carla_msgs__rosidl_typesupport_fastrtps_cpp.dir/rosidl_typesupport_fastrtps_cpp/carla_msgs/msg/detail/dds_fastrtps/carla_weather_parameters__type_support.cpp.o[0m
[ 82%] [32mBuilding CXX object CMakeFiles/carla_msgs__rosidl_typesupport_fastrtps_cpp.dir/rosidl_typesupport_fastrtps_cpp/carla_msgs/srv/detail/dds_fastrtps/spawn_object__type_support.cpp.o[0m
[ 82%] [32mBuilding CXX object CMakeFiles/carla_msgs__rosidl_typesupport_fastrtps_c.dir/rosidl_typesupport_fastrtps_c/carla_msgs/msg/detail/carla_status__type_support_c.cpp.o[0m
[ 82%] [32m[1mLinking CXX shared library libcarla_msgs__rosidl_typesupport_introspection_cpp.so[0m
[ 83%] [32mBuilding CXX object CMakeFiles/carla_msgs__rosidl_typesupport_fastrtps_c.dir/rosidl_typesupport_fastrtps_c/carla_msgs/msg/detail/carla_traffic_light_info__type_support_c.cpp.o[0m
[ 83%] [32mBuilding CXX object CMakeFiles/carla_msgs__rosidl_typesupport_fastrtps_cpp.dir/rosidl_typesupport_fastrtps_cpp/carla_msgs/srv/detail/dds_fastrtps/destroy_object__type_support.cpp.o[0m
[ 83%] [32mBuilding CXX object CMakeFiles/carla_msgs__rosidl_typesupport_fastrtps_c.dir/rosidl_typesupport_fastrtps_c/carla_msgs/msg/detail/carla_traffic_light_info_list__type_support_c.cpp.o[0m
[ 84%] [32mBuilding CXX object CMakeFiles/carla_msgs__rosidl_typesupport_fastrtps_cpp.dir/rosidl_typesupport_fastrtps_cpp/carla_msgs/srv/detail/dds_fastrtps/get_blueprints__type_support.cpp.o[0m
[ 84%] [32mBuilding CXX object CMakeFiles/carla_msgs__rosidl_typesupport_fastrtps_c.dir/rosidl_typesupport_fastrtps_c/carla_msgs/msg/detail/carla_traffic_light_status__type_support_c.cpp.o[0m
[ 84%] [32mBuilding CXX object CMakeFiles/carla_msgs__rosidl_typesupport_fastrtps_c.dir/rosidl_typesupport_fastrtps_c/carla_msgs/msg/detail/carla_walker_control__type_support_c.cpp.o[0m
[ 85%] [32mBuilding CXX object CMakeFiles/carla_msgs__rosidl_typesupport_fastrtps_c.dir/rosidl_typesupport_fastrtps_c/carla_msgs/msg/detail/carla_traffic_light_status_list__type_support_c.cpp.o[0m
[ 85%] Built target carla_msgs__rosidl_typesupport_introspection_cpp
[ 85%] [32mBuilding CXX object CMakeFiles/carla_msgs__rosidl_typesupport_fastrtps_c.dir/rosidl_typesupport_fastrtps_c/carla_msgs/srv/detail/get_blueprints__type_support_c.cpp.o[0m
[ 86%] [32mBuilding CXX object CMakeFiles/carla_msgs__rosidl_typesupport_fastrtps_c.dir/rosidl_typesupport_fastrtps_c/carla_msgs/msg/detail/carla_weather_parameters__type_support_c.cpp.o[0m
[ 87%] [32mBuilding CXX object CMakeFiles/carla_msgs__rosidl_typesupport_fastrtps_c.dir/rosidl_typesupport_fastrtps_c/carla_msgs/srv/detail/destroy_object__type_support_c.cpp.o[0m
[ 87%] [32mBuilding CXX object CMakeFiles/carla_msgs__rosidl_typesupport_fastrtps_c.dir/rosidl_typesupport_fastrtps_c/carla_msgs/srv/detail/spawn_object__type_support_c.cpp.o[0m
[ 87%] [32m[1mLinking CXX shared library libcarla_msgs__rosidl_typesupport_fastrtps_c.so[0m
[ 87%] [32m[1mLinking CXX shared library libcarla_msgs__rosidl_typesupport_fastrtps_cpp.so[0m
[ 87%] Built target carla_msgs__rosidl_typesupport_fastrtps_c
[ 87%] Built target carla_msgs__rosidl_typesupport_fastrtps_cpp
[ 87%] Built target carla_msgs
[ 87%] [34m[1mGenerating Python code for ROS interfaces[0m
[ 87%] Built target carla_msgs__py
[ 87%] [32mBuilding C object CMakeFiles/carla_msgs__rosidl_generator_py.dir/rosidl_generator_py/carla_msgs/msg/_carla_ego_vehicle_info_s.c.o[0m
[ 88%] [32mBuilding C object CMakeFiles/carla_msgs__rosidl_generator_py.dir/rosidl_generator_py/carla_msgs/msg/_carla_world_info_s.c.o[0m
[ 89%] [32mBuilding C object CMakeFiles/carla_msgs__rosidl_generator_py.dir/rosidl_generator_py/carla_msgs/msg/_carla_control_s.c.o[0m
[ 90%] [32mBuilding C object CMakeFiles/carla_msgs__rosidl_generator_py.dir/rosidl_generator_py/carla_msgs/msg/_carla_traffic_light_info_s.c.o[0m
[ 91%] [32mBuilding C object CMakeFiles/carla_msgs__rosidl_generator_py.dir/rosidl_generator_py/carla_msgs/msg/_carla_actor_list_s.c.o[0m
[ 91%] [32mBuilding C object CMakeFiles/carla_msgs__rosidl_generator_py.dir/rosidl_generator_py/carla_msgs/msg/_carla_ego_vehicle_control_s.c.o[0m
[ 91%] [32mBuilding C object CMakeFiles/carla_msgs__rosidl_generator_py.dir/rosidl_generator_py/carla_msgs/msg/_carla_lane_invasion_event_s.c.o[0m
[ 91%] [32mBuilding C object CMakeFiles/carla_msgs__rosidl_generator_py.dir/rosidl_generator_py/carla_msgs/msg/_carla_bounding_box_s.c.o[0m
[ 92%] [32mBuilding C object CMakeFiles/carla_msgs__rosidl_generator_py.dir/rosidl_generator_py/carla_msgs/msg/_carla_traffic_light_status_list_s.c.o[0m
[ 92%] [32mBuilding C object CMakeFiles/carla_msgs__rosidl_generator_py.dir/rosidl_generator_py/carla_msgs/msg/_carla_ego_vehicle_status_s.c.o[0m
[ 92%] [32mBuilding C object CMakeFiles/carla_msgs__rosidl_generator_py.dir/rosidl_generator_py/carla_msgs/msg/_carla_ego_vehicle_info_wheel_s.c.o[0m
[ 93%] [32mBuilding C object CMakeFiles/carla_msgs__rosidl_generator_py.dir/rosidl_generator_py/carla_msgs/msg/_carla_weather_parameters_s.c.o[0m
[ 94%] [32mBuilding C object CMakeFiles/carla_msgs__rosidl_generator_py.dir/rosidl_generator_py/carla_msgs/msg/_carla_collision_event_s.c.o[0m
[ 94%] [32mBuilding C object CMakeFiles/carla_msgs__rosidl_generator_py.dir/rosidl_generator_py/carla_msgs/msg/_carla_actor_info_s.c.o[0m
[ 94%] [32mBuilding C object CMakeFiles/carla_msgs__rosidl_generator_py.dir/rosidl_generator_py/carla_msgs/msg/_carla_status_s.c.o[0m
[ 95%] [32mBuilding C object CMakeFiles/carla_msgs__rosidl_generator_py.dir/rosidl_generator_py/carla_msgs/srv/_destroy_object_s.c.o[0m
[ 95%] [32mBuilding C object CMakeFiles/carla_msgs__rosidl_generator_py.dir/rosidl_generator_py/carla_msgs/msg/_carla_traffic_light_info_list_s.c.o[0m
[ 95%] [32mBuilding C object CMakeFiles/carla_msgs__rosidl_generator_py.dir/rosidl_generator_py/carla_msgs/srv/_get_blueprints_s.c.o[0m
[ 96%] [32mBuilding C object CMakeFiles/carla_msgs__rosidl_generator_py.dir/rosidl_generator_py/carla_msgs/msg/_carla_traffic_light_status_s.c.o[0m
[ 96%] [32mBuilding C object CMakeFiles/carla_msgs__rosidl_generator_py.dir/rosidl_generator_py/carla_msgs/msg/_carla_walker_control_s.c.o[0m
[ 96%] [32mBuilding C object CMakeFiles/carla_msgs__rosidl_generator_py.dir/rosidl_generator_py/carla_msgs/srv/_spawn_object_s.c.o[0m
[ 97%] [32m[1mLinking C shared library libcarla_msgs__rosidl_generator_py.so[0m
[ 97%] Built target carla_msgs__rosidl_generator_py
[ 97%] [32mBuilding C object CMakeFiles/carla_msgs_s__rosidl_typesupport_fastrtps_c.dir/rosidl_generator_py/carla_msgs/_carla_msgs_s.ep.rosidl_typesupport_fastrtps_c.c.o[0m
[ 97%] [32mBuilding C object CMakeFiles/carla_msgs_s__rosidl_typesupport_c.dir/rosidl_generator_py/carla_msgs/_carla_msgs_s.ep.rosidl_typesupport_c.c.o[0m
[ 97%] [32mBuilding C object CMakeFiles/carla_msgs_s__rosidl_typesupport_introspection_c.dir/rosidl_generator_py/carla_msgs/_carla_msgs_s.ep.rosidl_typesupport_introspection_c.c.o[0m
[ 98%] [32m[1mLinking C shared module rosidl_generator_py/carla_msgs/carla_msgs_s__rosidl_typesupport_fastrtps_c.so[0m
[ 99%] [32m[1mLinking C shared module rosidl_generator_py/carla_msgs/carla_msgs_s__rosidl_typesupport_c.so[0m
[100%] [32m[1mLinking C shared module rosidl_generator_py/carla_msgs/carla_msgs_s__rosidl_typesupport_introspection_c.so[0m
[100%] Built target carla_msgs_s__rosidl_typesupport_c
[100%] Built target carla_msgs_s__rosidl_typesupport_fastrtps_c
[100%] Built target carla_msgs_s__rosidl_typesupport_introspection_c
-- Install configuration: ""
-- Execute custom install script
-- Symlinking: /home/airlab/ros2_ws/install/carla_msgs/share/ament_index/resource_index/rosidl_interfaces/carla_msgs
-- Symlinking: /home/airlab/ros2_ws/install/carla_msgs/share/carla_msgs/msg/CarlaBoundingBox.json
-- Symlinking: /home/airlab/ros2_ws/install/carla_msgs/share/carla_msgs/msg/CarlaEgoVehicleControl.json
-- Symlinking: /home/airlab/ros2_ws/install/carla_msgs/share/carla_msgs/msg/CarlaEgoVehicleStatus.json
-- Symlinking: /home/airlab/ros2_ws/install/carla_msgs/share/carla_msgs/msg/CarlaEgoVehicleInfoWheel.json
-- Symlinking: /home/airlab/ros2_ws/install/carla_msgs/share/carla_msgs/msg/CarlaEgoVehicleInfo.json
-- Symlinking: /home/airlab/ros2_ws/install/carla_msgs/share/carla_msgs/msg/CarlaCollisionEvent.json
-- Symlinking: /home/airlab/ros2_ws/install/carla_msgs/share/carla_msgs/msg/CarlaLaneInvasionEvent.json
-- Symlinking: /home/airlab/ros2_ws/install/carla_msgs/share/carla_msgs/msg/CarlaWorldInfo.json
-- Symlinking: /home/airlab/ros2_ws/install/carla_msgs/share/carla_msgs/msg/CarlaActorInfo.json
-- Symlinking: /home/airlab/ros2_ws/install/carla_msgs/share/carla_msgs/msg/CarlaActorList.json
-- Symlinking: /home/airlab/ros2_ws/install/carla_msgs/share/carla_msgs/msg/CarlaControl.json
-- Symlinking: /home/airlab/ros2_ws/install/carla_msgs/share/carla_msgs/msg/CarlaStatus.json
-- Symlinking: /home/airlab/ros2_ws/install/carla_msgs/share/carla_msgs/msg/CarlaTrafficLightInfo.json
-- Symlinking: /home/airlab/ros2_ws/install/carla_msgs/share/carla_msgs/msg/CarlaTrafficLightInfoList.json
-- Symlinking: /home/airlab/ros2_ws/install/carla_msgs/share/carla_msgs/msg/CarlaTrafficLightStatus.json
-- Symlinking: /home/airlab/ros2_ws/install/carla_msgs/share/carla_msgs/msg/CarlaTrafficLightStatusList.json
-- Symlinking: /home/airlab/ros2_ws/install/carla_msgs/share/carla_msgs/msg/CarlaWalkerControl.json
-- Symlinking: /home/airlab/ros2_ws/install/carla_msgs/share/carla_msgs/msg/CarlaWeatherParameters.json
-- Symlinking: /home/airlab/ros2_ws/install/carla_msgs/share/carla_msgs/srv/SpawnObject.json
-- Symlinking: /home/airlab/ros2_ws/install/carla_msgs/share/carla_msgs/srv/DestroyObject.json
-- Symlinking: /home/airlab/ros2_ws/install/carla_msgs/share/carla_msgs/srv/GetBlueprints.json
-- Symlinking: /home/airlab/ros2_ws/install/carla_msgs/include/carla_msgs/carla_msgs/msg/carla_actor_info.h
-- Symlinking: /home/airlab/ros2_ws/install/carla_msgs/include/carla_msgs/carla_msgs/msg/carla_actor_list.h
-- Symlinking: /home/airlab/ros2_ws/install/carla_msgs/include/carla_msgs/carla_msgs/msg/carla_bounding_box.h
-- Symlinking: /home/airlab/ros2_ws/install/carla_msgs/include/carla_msgs/carla_msgs/msg/carla_collision_event.h
-- Symlinking: /home/airlab/ros2_ws/install/carla_msgs/include/carla_msgs/carla_msgs/msg/carla_control.h
-- Symlinking: /home/airlab/ros2_ws/install/carla_msgs/include/carla_msgs/carla_msgs/msg/carla_ego_vehicle_control.h
-- Symlinking: /home/airlab/ros2_ws/install/carla_msgs/include/carla_msgs/carla_msgs/msg/carla_ego_vehicle_info.h
-- Symlinking: /home/airlab/ros2_ws/install/carla_msgs/include/carla_msgs/carla_msgs/msg/carla_ego_vehicle_info_wheel.h
-- Symlinking: /home/airlab/ros2_ws/install/carla_msgs/include/carla_msgs/carla_msgs/msg/carla_ego_vehicle_status.h
-- Symlinking: /home/airlab/ros2_ws/install/carla_msgs/include/carla_msgs/carla_msgs/msg/carla_lane_invasion_event.h
-- Symlinking: /home/airlab/ros2_ws/install/carla_msgs/include/carla_msgs/carla_msgs/msg/carla_status.h
-- Symlinking: /home/airlab/ros2_ws/install/carla_msgs/include/carla_msgs/carla_msgs/msg/carla_traffic_light_info.h
-- Symlinking: /home/airlab/ros2_ws/install/carla_msgs/include/carla_msgs/carla_msgs/msg/carla_traffic_light_info_list.h
-- Symlinking: /home/airlab/ros2_ws/install/carla_msgs/include/carla_msgs/carla_msgs/msg/carla_traffic_light_status.h
-- Symlinking: /home/airlab/ros2_ws/install/carla_msgs/include/carla_msgs/carla_msgs/msg/carla_traffic_light_status_list.h
-- Symlinking: /home/airlab/ros2_ws/install/carla_msgs/include/carla_msgs/carla_msgs/msg/carla_walker_control.h
-- Symlinking: /home/airlab/ros2_ws/install/carla_msgs/include/carla_msgs/carla_msgs/msg/carla_weather_parameters.h
-- Symlinking: /home/airlab/ros2_ws/install/carla_msgs/include/carla_msgs/carla_msgs/msg/carla_world_info.h
-- Symlinking: /home/airlab/ros2_ws/install/carla_msgs/include/carla_msgs/carla_msgs/msg/detail/carla_actor_info__functions.h
-- Symlinking: /home/airlab/ros2_ws/install/carla_msgs/include/carla_msgs/carla_msgs/msg/detail/carla_actor_info__struct.h
-- Symlinking: /home/airlab/ros2_ws/install/carla_msgs/include/carla_msgs/carla_msgs/msg/detail/carla_actor_info__type_support.h
-- Symlinking: /home/airlab/ros2_ws/install/carla_msgs/include/carla_msgs/carla_msgs/msg/detail/carla_actor_list__functions.h
-- Symlinking: /home/airlab/ros2_ws/install/carla_msgs/include/carla_msgs/carla_msgs/msg/detail/carla_actor_list__struct.h
-- Symlinking: /home/airlab/ros2_ws/install/carla_msgs/include/carla_msgs/carla_msgs/msg/detail/carla_actor_list__type_support.h
-- Symlinking: /home/airlab/ros2_ws/install/carla_msgs/include/carla_msgs/carla_msgs/msg/detail/carla_bounding_box__functions.h
-- Symlinking: /home/airlab/ros2_ws/install/carla_msgs/include/carla_msgs/carla_msgs/msg/detail/carla_bounding_box__struct.h
-- Symlinking: /home/airlab/ros2_ws/install/carla_msgs/include/carla_msgs/carla_msgs/msg/detail/carla_bounding_box__type_support.h
-- Symlinking: /home/airlab/ros2_ws/install/carla_msgs/include/carla_msgs/carla_msgs/msg/detail/carla_collision_event__functions.h
-- Symlinking: /home/airlab/ros2_ws/install/carla_msgs/include/carla_msgs/carla_msgs/msg/detail/carla_collision_event__struct.h
-- Symlinking: /home/airlab/ros2_ws/install/carla_msgs/include/carla_msgs/carla_msgs/msg/detail/carla_collision_event__type_support.h
-- Symlinking: /home/airlab/ros2_ws/install/carla_msgs/include/carla_msgs/carla_msgs/msg/detail/carla_control__functions.h
-- Symlinking: /home/airlab/ros2_ws/install/carla_msgs/include/carla_msgs/carla_msgs/msg/detail/carla_control__struct.h
-- Symlinking: /home/airlab/ros2_ws/install/carla_msgs/include/carla_msgs/carla_msgs/msg/detail/carla_control__type_support.h
-- Symlinking: /home/airlab/ros2_ws/install/carla_msgs/include/carla_msgs/carla_msgs/msg/detail/carla_ego_vehicle_control__functions.h
-- Symlinking: /home/airlab/ros2_ws/install/carla_msgs/include/carla_msgs/carla_msgs/msg/detail/carla_ego_vehicle_control__struct.h
-- Symlinking: /home/airlab/ros2_ws/install/carla_msgs/include/carla_msgs/carla_msgs/msg/detail/carla_ego_vehicle_control__type_support.h
-- Symlinking: /home/airlab/ros2_ws/install/carla_msgs/include/carla_msgs/carla_msgs/msg/detail/carla_ego_vehicle_info__functions.h
-- Symlinking: /home/airlab/ros2_ws/install/carla_msgs/include/carla_msgs/carla_msgs/msg/detail/carla_ego_vehicle_info__struct.h
-- Symlinking: /home/airlab/ros2_ws/install/carla_msgs/include/carla_msgs/carla_msgs/msg/detail/carla_ego_vehicle_info__type_support.h
-- Symlinking: /home/airlab/ros2_ws/install/carla_msgs/include/carla_msgs/carla_msgs/msg/detail/carla_ego_vehicle_info_wheel__functions.h
-- Symlinking: /home/airlab/ros2_ws/install/carla_msgs/include/carla_msgs/carla_msgs/msg/detail/carla_ego_vehicle_info_wheel__struct.h
-- Symlinking: /home/airlab/ros2_ws/install/carla_msgs/include/carla_msgs/carla_msgs/msg/detail/carla_ego_vehicle_info_wheel__type_support.h
-- Symlinking: /home/airlab/ros2_ws/install/carla_msgs/include/carla_msgs/carla_msgs/msg/detail/carla_ego_vehicle_status__functions.h
-- Symlinking: /home/airlab/ros2_ws/install/carla_msgs/include/carla_msgs/carla_msgs/msg/detail/carla_ego_vehicle_status__struct.h
-- Symlinking: /home/airlab/ros2_ws/install/carla_msgs/include/carla_msgs/carla_msgs/msg/detail/carla_ego_vehicle_status__type_support.h
-- Symlinking: /home/airlab/ros2_ws/install/carla_msgs/include/carla_msgs/carla_msgs/msg/detail/carla_lane_invasion_event__functions.h
-- Symlinking: /home/airlab/ros2_ws/install/carla_msgs/include/carla_msgs/carla_msgs/msg/detail/carla_lane_invasion_event__struct.h
-- Symlinking: /home/airlab/ros2_ws/install/carla_msgs/include/carla_msgs/carla_msgs/msg/detail/carla_lane_invasion_event__type_support.h
-- Symlinking: /home/airlab/ros2_ws/install/carla_msgs/include/carla_msgs/carla_msgs/msg/detail/carla_status__functions.h
-- Symlinking: /home/airlab/ros2_ws/install/carla_msgs/include/carla_msgs/carla_msgs/msg/detail/carla_status__struct.h
-- Symlinking: /home/airlab/ros2_ws/install/carla_msgs/include/carla_msgs/carla_msgs/msg/detail/carla_status__type_support.h
-- Symlinking: /home/airlab/ros2_ws/install/carla_msgs/include/carla_msgs/carla_msgs/msg/detail/carla_traffic_light_info__functions.h
-- Symlinking: /home/airlab/ros2_ws/install/carla_msgs/include/carla_msgs/carla_msgs/msg/detail/carla_traffic_light_info__struct.h
-- Symlinking: /home/airlab/ros2_ws/install/carla_msgs/include/carla_msgs/carla_msgs/msg/detail/carla_traffic_light_info__type_support.h
-- Symlinking: /home/airlab/ros2_ws/install/carla_msgs/include/carla_msgs/carla_msgs/msg/detail/carla_traffic_light_info_list__functions.h
-- Symlinking: /home/airlab/ros2_ws/install/carla_msgs/include/carla_msgs/carla_msgs/msg/detail/carla_traffic_light_info_list__struct.h
-- Symlinking: /home/airlab/ros2_ws/install/carla_msgs/include/carla_msgs/carla_msgs/msg/detail/carla_traffic_light_info_list__type_support.h
-- Symlinking: /home/airlab/ros2_ws/install/carla_msgs/include/carla_msgs/carla_msgs/msg/detail/carla_traffic_light_status__functions.h
-- Symlinking: /home/airlab/ros2_ws/install/carla_msgs/include/carla_msgs/carla_msgs/msg/detail/carla_traffic_light_status__struct.h
-- Symlinking: /home/airlab/ros2_ws/install/carla_msgs/include/carla_msgs/carla_msgs/msg/detail/carla_traffic_light_status__type_support.h
-- Symlinking: /home/airlab/ros2_ws/install/carla_msgs/include/carla_msgs/carla_msgs/msg/detail/carla_traffic_light_status_list__functions.h
-- Symlinking: /home/airlab/ros2_ws/install/carla_msgs/include/carla_msgs/carla_msgs/msg/detail/carla_traffic_light_status_list__struct.h
-- Symlinking: /home/airlab/ros2_ws/install/carla_msgs/include/carla_msgs/carla_msgs/msg/detail/carla_traffic_light_status_list__type_support.h
-- Symlinking: /home/airlab/ros2_ws/install/carla_msgs/include/carla_msgs/carla_msgs/msg/detail/carla_walker_control__functions.h
-- Symlinking: /home/airlab/ros2_ws/install/carla_msgs/include/carla_msgs/carla_msgs/msg/detail/carla_walker_control__struct.h
-- Symlinking: /home/airlab/ros2_ws/install/carla_msgs/include/carla_msgs/carla_msgs/msg/detail/carla_walker_control__type_support.h
-- Symlinking: /home/airlab/ros2_ws/install/carla_msgs/include/carla_msgs/carla_msgs/msg/detail/carla_weather_parameters__functions.h
-- Symlinking: /home/airlab/ros2_ws/install/carla_msgs/include/carla_msgs/carla_msgs/msg/detail/carla_weather_parameters__struct.h
-- Symlinking: /home/airlab/ros2_ws/install/carla_msgs/include/carla_msgs/carla_msgs/msg/detail/carla_weather_parameters__type_support.h
-- Symlinking: /home/airlab/ros2_ws/install/carla_msgs/include/carla_msgs/carla_msgs/msg/detail/carla_world_info__functions.h
-- Symlinking: /home/airlab/ros2_ws/install/carla_msgs/include/carla_msgs/carla_msgs/msg/detail/carla_world_info__struct.h
-- Symlinking: /home/airlab/ros2_ws/install/carla_msgs/include/carla_msgs/carla_msgs/msg/detail/carla_world_info__type_support.h
-- Symlinking: /home/airlab/ros2_ws/install/carla_msgs/include/carla_msgs/carla_msgs/msg/rosidl_generator_c__visibility_control.h
-- Symlinking: /home/airlab/ros2_ws/install/carla_msgs/include/carla_msgs/carla_msgs/srv/destroy_object.h
-- Symlinking: /home/airlab/ros2_ws/install/carla_msgs/include/carla_msgs/carla_msgs/srv/detail/destroy_object__functions.h
-- Symlinking: /home/airlab/ros2_ws/install/carla_msgs/include/carla_msgs/carla_msgs/srv/detail/destroy_object__struct.h
-- Symlinking: /home/airlab/ros2_ws/install/carla_msgs/include/carla_msgs/carla_msgs/srv/detail/destroy_object__type_support.h
-- Symlinking: /home/airlab/ros2_ws/install/carla_msgs/include/carla_msgs/carla_msgs/srv/detail/get_blueprints__functions.h
-- Symlinking: /home/airlab/ros2_ws/install/carla_msgs/include/carla_msgs/carla_msgs/srv/detail/get_blueprints__struct.h
-- Symlinking: /home/airlab/ros2_ws/install/carla_msgs/include/carla_msgs/carla_msgs/srv/detail/get_blueprints__type_support.h
-- Symlinking: /home/airlab/ros2_ws/install/carla_msgs/include/carla_msgs/carla_msgs/srv/detail/spawn_object__functions.h
-- Symlinking: /home/airlab/ros2_ws/install/carla_msgs/include/carla_msgs/carla_msgs/srv/detail/spawn_object__struct.h
-- Symlinking: /home/airlab/ros2_ws/install/carla_msgs/include/carla_msgs/carla_msgs/srv/detail/spawn_object__type_support.h
-- Symlinking: /home/airlab/ros2_ws/install/carla_msgs/include/carla_msgs/carla_msgs/srv/get_blueprints.h
-- Symlinking: /home/airlab/ros2_ws/install/carla_msgs/include/carla_msgs/carla_msgs/srv/spawn_object.h
-- Symlinking: /home/airlab/ros2_ws/install/carla_msgs/share/carla_msgs/environment/library_path.sh
-- Symlinking: /home/airlab/ros2_ws/install/carla_msgs/share/carla_msgs/environment/library_path.dsv
-- Symlinking: /home/airlab/ros2_ws/install/carla_msgs/include/carla_msgs/carla_msgs/msg/detail/carla_actor_info__rosidl_typesupport_fastrtps_c.h
-- Symlinking: /home/airlab/ros2_ws/install/carla_msgs/include/carla_msgs/carla_msgs/msg/detail/carla_actor_list__rosidl_typesupport_fastrtps_c.h
-- Symlinking: /home/airlab/ros2_ws/install/carla_msgs/include/carla_msgs/carla_msgs/msg/detail/carla_bounding_box__rosidl_typesupport_fastrtps_c.h
-- Symlinking: /home/airlab/ros2_ws/install/carla_msgs/include/carla_msgs/carla_msgs/msg/detail/carla_collision_event__rosidl_typesupport_fastrtps_c.h
-- Symlinking: /home/airlab/ros2_ws/install/carla_msgs/include/carla_msgs/carla_msgs/msg/detail/carla_control__rosidl_typesupport_fastrtps_c.h
-- Symlinking: /home/airlab/ros2_ws/install/carla_msgs/include/carla_msgs/carla_msgs/msg/detail/carla_ego_vehicle_control__rosidl_typesupport_fastrtps_c.h
-- Symlinking: /home/airlab/ros2_ws/install/carla_msgs/include/carla_msgs/carla_msgs/msg/detail/carla_ego_vehicle_info__rosidl_typesupport_fastrtps_c.h
-- Symlinking: /home/airlab/ros2_ws/install/carla_msgs/include/carla_msgs/carla_msgs/msg/detail/carla_ego_vehicle_info_wheel__rosidl_typesupport_fastrtps_c.h
-- Symlinking: /home/airlab/ros2_ws/install/carla_msgs/include/carla_msgs/carla_msgs/msg/detail/carla_ego_vehicle_status__rosidl_typesupport_fastrtps_c.h
-- Symlinking: /home/airlab/ros2_ws/install/carla_msgs/include/carla_msgs/carla_msgs/msg/detail/carla_lane_invasion_event__rosidl_typesupport_fastrtps_c.h
-- Symlinking: /home/airlab/ros2_ws/install/carla_msgs/include/carla_msgs/carla_msgs/msg/detail/carla_status__rosidl_typesupport_fastrtps_c.h
-- Symlinking: /home/airlab/ros2_ws/install/carla_msgs/include/carla_msgs/carla_msgs/msg/detail/carla_traffic_light_info__rosidl_typesupport_fastrtps_c.h
-- Symlinking: /home/airlab/ros2_ws/install/carla_msgs/include/carla_msgs/carla_msgs/msg/detail/carla_traffic_light_info_list__rosidl_typesupport_fastrtps_c.h
-- Symlinking: /home/airlab/ros2_ws/install/carla_msgs/include/carla_msgs/carla_msgs/msg/detail/carla_traffic_light_status__rosidl_typesupport_fastrtps_c.h
-- Symlinking: /home/airlab/ros2_ws/install/carla_msgs/include/carla_msgs/carla_msgs/msg/detail/carla_traffic_light_status_list__rosidl_typesupport_fastrtps_c.h
-- Symlinking: /home/airlab/ros2_ws/install/carla_msgs/include/carla_msgs/carla_msgs/msg/detail/carla_walker_control__rosidl_typesupport_fastrtps_c.h
-- Symlinking: /home/airlab/ros2_ws/install/carla_msgs/include/carla_msgs/carla_msgs/msg/detail/carla_weather_parameters__rosidl_typesupport_fastrtps_c.h
-- Symlinking: /home/airlab/ros2_ws/install/carla_msgs/include/carla_msgs/carla_msgs/msg/detail/carla_world_info__rosidl_typesupport_fastrtps_c.h
-- Symlinking: /home/airlab/ros2_ws/install/carla_msgs/include/carla_msgs/carla_msgs/msg/rosidl_typesupport_fastrtps_c__visibility_control.h
-- Symlinking: /home/airlab/ros2_ws/install/carla_msgs/include/carla_msgs/carla_msgs/srv/detail/destroy_object__rosidl_typesupport_fastrtps_c.h
-- Symlinking: /home/airlab/ros2_ws/install/carla_msgs/include/carla_msgs/carla_msgs/srv/detail/get_blueprints__rosidl_typesupport_fastrtps_c.h
-- Symlinking: /home/airlab/ros2_ws/install/carla_msgs/include/carla_msgs/carla_msgs/srv/detail/spawn_object__rosidl_typesupport_fastrtps_c.h
-- Symlinking: /home/airlab/ros2_ws/install/carla_msgs/include/carla_msgs/carla_msgs/msg/carla_actor_info.hpp
-- Symlinking: /home/airlab/ros2_ws/install/carla_msgs/include/carla_msgs/carla_msgs/msg/carla_actor_list.hpp
-- Symlinking: /home/airlab/ros2_ws/install/carla_msgs/include/carla_msgs/carla_msgs/msg/carla_bounding_box.hpp
-- Symlinking: /home/airlab/ros2_ws/install/carla_msgs/include/carla_msgs/carla_msgs/msg/carla_collision_event.hpp
-- Symlinking: /home/airlab/ros2_ws/install/carla_msgs/include/carla_msgs/carla_msgs/msg/carla_control.hpp
-- Symlinking: /home/airlab/ros2_ws/install/carla_msgs/include/carla_msgs/carla_msgs/msg/carla_ego_vehicle_control.hpp
-- Symlinking: /home/airlab/ros2_ws/install/carla_msgs/include/carla_msgs/carla_msgs/msg/carla_ego_vehicle_info.hpp
-- Symlinking: /home/airlab/ros2_ws/install/carla_msgs/include/carla_msgs/carla_msgs/msg/carla_ego_vehicle_info_wheel.hpp
-- Symlinking: /home/airlab/ros2_ws/install/carla_msgs/include/carla_msgs/carla_msgs/msg/carla_ego_vehicle_status.hpp
-- Symlinking: /home/airlab/ros2_ws/install/carla_msgs/include/carla_msgs/carla_msgs/msg/carla_lane_invasion_event.hpp
-- Symlinking: /home/airlab/ros2_ws/install/carla_msgs/include/carla_msgs/carla_msgs/msg/carla_status.hpp
-- Symlinking: /home/airlab/ros2_ws/install/carla_msgs/include/carla_msgs/carla_msgs/msg/carla_traffic_light_info.hpp
-- Symlinking: /home/airlab/ros2_ws/install/carla_msgs/include/carla_msgs/carla_msgs/msg/carla_traffic_light_info_list.hpp
-- Symlinking: /home/airlab/ros2_ws/install/carla_msgs/include/carla_msgs/carla_msgs/msg/carla_traffic_light_status.hpp
-- Symlinking: /home/airlab/ros2_ws/install/carla_msgs/include/carla_msgs/carla_msgs/msg/carla_traffic_light_status_list.hpp
-- Symlinking: /home/airlab/ros2_ws/install/carla_msgs/include/carla_msgs/carla_msgs/msg/carla_walker_control.hpp
-- Symlinking: /home/airlab/ros2_ws/install/carla_msgs/include/carla_msgs/carla_msgs/msg/carla_weather_parameters.hpp
-- Symlinking: /home/airlab/ros2_ws/install/carla_msgs/include/carla_msgs/carla_msgs/msg/carla_world_info.hpp
-- Symlinking: /home/airlab/ros2_ws/install/carla_msgs/include/carla_msgs/carla_msgs/msg/detail/carla_actor_info__builder.hpp
-- Symlinking: /home/airlab/ros2_ws/install/carla_msgs/include/carla_msgs/carla_msgs/msg/detail/carla_actor_info__struct.hpp
-- Symlinking: /home/airlab/ros2_ws/install/carla_msgs/include/carla_msgs/carla_msgs/msg/detail/carla_actor_info__traits.hpp
-- Symlinking: /home/airlab/ros2_ws/install/carla_msgs/include/carla_msgs/carla_msgs/msg/detail/carla_actor_info__type_support.hpp
-- Symlinking: /home/airlab/ros2_ws/install/carla_msgs/include/carla_msgs/carla_msgs/msg/detail/carla_actor_list__builder.hpp
-- Symlinking: /home/airlab/ros2_ws/install/carla_msgs/include/carla_msgs/carla_msgs/msg/detail/carla_actor_list__struct.hpp
-- Symlinking: /home/airlab/ros2_ws/install/carla_msgs/include/carla_msgs/carla_msgs/msg/detail/carla_actor_list__traits.hpp
-- Symlinking: /home/airlab/ros2_ws/install/carla_msgs/include/carla_msgs/carla_msgs/msg/detail/carla_actor_list__type_support.hpp
-- Symlinking: /home/airlab/ros2_ws/install/carla_msgs/include/carla_msgs/carla_msgs/msg/detail/carla_bounding_box__builder.hpp
-- Symlinking: /home/airlab/ros2_ws/install/carla_msgs/include/carla_msgs/carla_msgs/msg/detail/carla_bounding_box__struct.hpp
-- Symlinking: /home/airlab/ros2_ws/install/carla_msgs/include/carla_msgs/carla_msgs/msg/detail/carla_bounding_box__traits.hpp
-- Symlinking: /home/airlab/ros2_ws/install/carla_msgs/include/carla_msgs/carla_msgs/msg/detail/carla_bounding_box__type_support.hpp
-- Symlinking: /home/airlab/ros2_ws/install/carla_msgs/include/carla_msgs/carla_msgs/msg/detail/carla_collision_event__builder.hpp
-- Symlinking: /home/airlab/ros2_ws/install/carla_msgs/include/carla_msgs/carla_msgs/msg/detail/carla_collision_event__struct.hpp
-- Symlinking: /home/airlab/ros2_ws/install/carla_msgs/include/carla_msgs/carla_msgs/msg/detail/carla_collision_event__traits.hpp
-- Symlinking: /home/airlab/ros2_ws/install/carla_msgs/include/carla_msgs/carla_msgs/msg/detail/carla_collision_event__type_support.hpp
-- Symlinking: /home/airlab/ros2_ws/install/carla_msgs/include/carla_msgs/carla_msgs/msg/detail/carla_control__builder.hpp
-- Symlinking: /home/airlab/ros2_ws/install/carla_msgs/include/carla_msgs/carla_msgs/msg/detail/carla_control__struct.hpp
-- Symlinking: /home/airlab/ros2_ws/install/carla_msgs/include/carla_msgs/carla_msgs/msg/detail/carla_control__traits.hpp
-- Symlinking: /home/airlab/ros2_ws/install/carla_msgs/include/carla_msgs/carla_msgs/msg/detail/carla_control__type_support.hpp
-- Symlinking: /home/airlab/ros2_ws/install/carla_msgs/include/carla_msgs/carla_msgs/msg/detail/carla_ego_vehicle_control__builder.hpp
-- Symlinking: /home/airlab/ros2_ws/install/carla_msgs/include/carla_msgs/carla_msgs/msg/detail/carla_ego_vehicle_control__struct.hpp
-- Symlinking: /home/airlab/ros2_ws/install/carla_msgs/include/carla_msgs/carla_msgs/msg/detail/carla_ego_vehicle_control__traits.hpp
-- Symlinking: /home/airlab/ros2_ws/install/carla_msgs/include/carla_msgs/carla_msgs/msg/detail/carla_ego_vehicle_control__type_support.hpp
-- Symlinking: /home/airlab/ros2_ws/install/carla_msgs/include/carla_msgs/carla_msgs/msg/detail/carla_ego_vehicle_info__builder.hpp
-- Symlinking: /home/airlab/ros2_ws/install/carla_msgs/include/carla_msgs/carla_msgs/msg/detail/carla_ego_vehicle_info__struct.hpp
-- Symlinking: /home/airlab/ros2_ws/install/carla_msgs/include/carla_msgs/carla_msgs/msg/detail/carla_ego_vehicle_info__traits.hpp
-- Symlinking: /home/airlab/ros2_ws/install/carla_msgs/include/carla_msgs/carla_msgs/msg/detail/carla_ego_vehicle_info__type_support.hpp
-- Symlinking: /home/airlab/ros2_ws/install/carla_msgs/include/carla_msgs/carla_msgs/msg/detail/carla_ego_vehicle_info_wheel__builder.hpp
-- Symlinking: /home/airlab/ros2_ws/install/carla_msgs/include/carla_msgs/carla_msgs/msg/detail/carla_ego_vehicle_info_wheel__struct.hpp
-- Symlinking: /home/airlab/ros2_ws/install/carla_msgs/include/carla_msgs/carla_msgs/msg/detail/carla_ego_vehicle_info_wheel__traits.hpp
-- Symlinking: /home/airlab/ros2_ws/install/carla_msgs/include/carla_msgs/carla_msgs/msg/detail/carla_ego_vehicle_info_wheel__type_support.hpp
-- Symlinking: /home/airlab/ros2_ws/install/carla_msgs/include/carla_msgs/carla_msgs/msg/detail/carla_ego_vehicle_status__builder.hpp
-- Symlinking: /home/airlab/ros2_ws/install/carla_msgs/include/carla_msgs/carla_msgs/msg/detail/carla_ego_vehicle_status__struct.hpp
-- Symlinking: /home/airlab/ros2_ws/install/carla_msgs/include/carla_msgs/carla_msgs/msg/detail/carla_ego_vehicle_status__traits.hpp
-- Symlinking: /home/airlab/ros2_ws/install/carla_msgs/include/carla_msgs/carla_msgs/msg/detail/carla_ego_vehicle_status__type_support.hpp
-- Symlinking: /home/airlab/ros2_ws/install/carla_msgs/include/carla_msgs/carla_msgs/msg/detail/carla_lane_invasion_event__builder.hpp
-- Symlinking: /home/airlab/ros2_ws/install/carla_msgs/include/carla_msgs/carla_msgs/msg/detail/carla_lane_invasion_event__struct.hpp
-- Symlinking: /home/airlab/ros2_ws/install/carla_msgs/include/carla_msgs/carla_msgs/msg/detail/carla_lane_invasion_event__traits.hpp
-- Symlinking: /home/airlab/ros2_ws/install/carla_msgs/include/carla_msgs/carla_msgs/msg/detail/carla_lane_invasion_event__type_support.hpp
-- Symlinking: /home/airlab/ros2_ws/install/carla_msgs/include/carla_msgs/carla_msgs/msg/detail/carla_status__builder.hpp
-- Symlinking: /home/airlab/ros2_ws/install/carla_msgs/include/carla_msgs/carla_msgs/msg/detail/carla_status__struct.hpp
-- Symlinking: /home/airlab/ros2_ws/install/carla_msgs/include/carla_msgs/carla_msgs/msg/detail/carla_status__traits.hpp
-- Symlinking: /home/airlab/ros2_ws/install/carla_msgs/include/carla_msgs/carla_msgs/msg/detail/carla_status__type_support.hpp
-- Symlinking: /home/airlab/ros2_ws/install/carla_msgs/include/carla_msgs/carla_msgs/msg/detail/carla_traffic_light_info__builder.hpp
-- Symlinking: /home/airlab/ros2_ws/install/carla_msgs/include/carla_msgs/carla_msgs/msg/detail/carla_traffic_light_info__struct.hpp
-- Symlinking: /home/airlab/ros2_ws/install/carla_msgs/include/carla_msgs/carla_msgs/msg/detail/carla_traffic_light_info__traits.hpp
-- Symlinking: /home/airlab/ros2_ws/install/carla_msgs/include/carla_msgs/carla_msgs/msg/detail/carla_traffic_light_info__type_support.hpp
-- Symlinking: /home/airlab/ros2_ws/install/carla_msgs/include/carla_msgs/carla_msgs/msg/detail/carla_traffic_light_info_list__builder.hpp
-- Symlinking: /home/airlab/ros2_ws/install/carla_msgs/include/carla_msgs/carla_msgs/msg/detail/carla_traffic_light_info_list__struct.hpp
-- Symlinking: /home/airlab/ros2_ws/install/carla_msgs/include/carla_msgs/carla_msgs/msg/detail/carla_traffic_light_info_list__traits.hpp
-- Symlinking: /home/airlab/ros2_ws/install/carla_msgs/include/carla_msgs/carla_msgs/msg/detail/carla_traffic_light_info_list__type_support.hpp
-- Symlinking: /home/airlab/ros2_ws/install/carla_msgs/include/carla_msgs/carla_msgs/msg/detail/carla_traffic_light_status__builder.hpp
-- Symlinking: /home/airlab/ros2_ws/install/carla_msgs/include/carla_msgs/carla_msgs/msg/detail/carla_traffic_light_status__struct.hpp
-- Symlinking: /home/airlab/ros2_ws/install/carla_msgs/include/carla_msgs/carla_msgs/msg/detail/carla_traffic_light_status__traits.hpp
-- Symlinking: /home/airlab/ros2_ws/install/carla_msgs/include/carla_msgs/carla_msgs/msg/detail/carla_traffic_light_status__type_support.hpp
-- Symlinking: /home/airlab/ros2_ws/install/carla_msgs/include/carla_msgs/carla_msgs/msg/detail/carla_traffic_light_status_list__builder.hpp
-- Symlinking: /home/airlab/ros2_ws/install/carla_msgs/include/carla_msgs/carla_msgs/msg/detail/carla_traffic_light_status_list__struct.hpp
-- Symlinking: /home/airlab/ros2_ws/install/carla_msgs/include/carla_msgs/carla_msgs/msg/detail/carla_traffic_light_status_list__traits.hpp
-- Symlinking: /home/airlab/ros2_ws/install/carla_msgs/include/carla_msgs/carla_msgs/msg/detail/carla_traffic_light_status_list__type_support.hpp
-- Symlinking: /home/airlab/ros2_ws/install/carla_msgs/include/carla_msgs/carla_msgs/msg/detail/carla_walker_control__builder.hpp
-- Symlinking: /home/airlab/ros2_ws/install/carla_msgs/include/carla_msgs/carla_msgs/msg/detail/carla_walker_control__struct.hpp
-- Symlinking: /home/airlab/ros2_ws/install/carla_msgs/include/carla_msgs/carla_msgs/msg/detail/carla_walker_control__traits.hpp
-- Symlinking: /home/airlab/ros2_ws/install/carla_msgs/include/carla_msgs/carla_msgs/msg/detail/carla_walker_control__type_support.hpp
-- Symlinking: /home/airlab/ros2_ws/install/carla_msgs/include/carla_msgs/carla_msgs/msg/detail/carla_weather_parameters__builder.hpp
-- Symlinking: /home/airlab/ros2_ws/install/carla_msgs/include/carla_msgs/carla_msgs/msg/detail/carla_weather_parameters__struct.hpp
-- Symlinking: /home/airlab/ros2_ws/install/carla_msgs/include/carla_msgs/carla_msgs/msg/detail/carla_weather_parameters__traits.hpp
-- Symlinking: /home/airlab/ros2_ws/install/carla_msgs/include/carla_msgs/carla_msgs/msg/detail/carla_weather_parameters__type_support.hpp
-- Symlinking: /home/airlab/ros2_ws/install/carla_msgs/include/carla_msgs/carla_msgs/msg/detail/carla_world_info__builder.hpp
-- Symlinking: /home/airlab/ros2_ws/install/carla_msgs/include/carla_msgs/carla_msgs/msg/detail/carla_world_info__struct.hpp
-- Symlinking: /home/airlab/ros2_ws/install/carla_msgs/include/carla_msgs/carla_msgs/msg/detail/carla_world_info__traits.hpp
-- Symlinking: /home/airlab/ros2_ws/install/carla_msgs/include/carla_msgs/carla_msgs/msg/detail/carla_world_info__type_support.hpp
-- Symlinking: /home/airlab/ros2_ws/install/carla_msgs/include/carla_msgs/carla_msgs/msg/rosidl_generator_cpp__visibility_control.hpp
-- Symlinking: /home/airlab/ros2_ws/install/carla_msgs/include/carla_msgs/carla_msgs/srv/destroy_object.hpp
-- Symlinking: /home/airlab/ros2_ws/install/carla_msgs/include/carla_msgs/carla_msgs/srv/detail/destroy_object__builder.hpp
-- Symlinking: /home/airlab/ros2_ws/install/carla_msgs/include/carla_msgs/carla_msgs/srv/detail/destroy_object__struct.hpp
-- Symlinking: /home/airlab/ros2_ws/install/carla_msgs/include/carla_msgs/carla_msgs/srv/detail/destroy_object__traits.hpp
-- Symlinking: /home/airlab/ros2_ws/install/carla_msgs/include/carla_msgs/carla_msgs/srv/detail/destroy_object__type_support.hpp
-- Symlinking: /home/airlab/ros2_ws/install/carla_msgs/include/carla_msgs/carla_msgs/srv/detail/get_blueprints__builder.hpp
-- Symlinking: /home/airlab/ros2_ws/install/carla_msgs/include/carla_msgs/carla_msgs/srv/detail/get_blueprints__struct.hpp
-- Symlinking: /home/airlab/ros2_ws/install/carla_msgs/include/carla_msgs/carla_msgs/srv/detail/get_blueprints__traits.hpp
-- Symlinking: /home/airlab/ros2_ws/install/carla_msgs/include/carla_msgs/carla_msgs/srv/detail/get_blueprints__type_support.hpp
-- Symlinking: /home/airlab/ros2_ws/install/carla_msgs/include/carla_msgs/carla_msgs/srv/detail/spawn_object__builder.hpp
-- Symlinking: /home/airlab/ros2_ws/install/carla_msgs/include/carla_msgs/carla_msgs/srv/detail/spawn_object__struct.hpp
-- Symlinking: /home/airlab/ros2_ws/install/carla_msgs/include/carla_msgs/carla_msgs/srv/detail/spawn_object__traits.hpp
-- Symlinking: /home/airlab/ros2_ws/install/carla_msgs/include/carla_msgs/carla_msgs/srv/detail/spawn_object__type_support.hpp
-- Symlinking: /home/airlab/ros2_ws/install/carla_msgs/include/carla_msgs/carla_msgs/srv/get_blueprints.hpp
-- Symlinking: /home/airlab/ros2_ws/install/carla_msgs/include/carla_msgs/carla_msgs/srv/spawn_object.hpp
-- Symlinking: /home/airlab/ros2_ws/install/carla_msgs/include/carla_msgs/carla_msgs/msg/detail/carla_actor_info__rosidl_typesupport_fastrtps_cpp.hpp
-- Symlinking: /home/airlab/ros2_ws/install/carla_msgs/include/carla_msgs/carla_msgs/msg/detail/carla_actor_list__rosidl_typesupport_fastrtps_cpp.hpp
-- Symlinking: /home/airlab/ros2_ws/install/carla_msgs/include/carla_msgs/carla_msgs/msg/detail/carla_bounding_box__rosidl_typesupport_fastrtps_cpp.hpp
-- Symlinking: /home/airlab/ros2_ws/install/carla_msgs/include/carla_msgs/carla_msgs/msg/detail/carla_collision_event__rosidl_typesupport_fastrtps_cpp.hpp
-- Symlinking: /home/airlab/ros2_ws/install/carla_msgs/include/carla_msgs/carla_msgs/msg/detail/carla_control__rosidl_typesupport_fastrtps_cpp.hpp
-- Symlinking: /home/airlab/ros2_ws/install/carla_msgs/include/carla_msgs/carla_msgs/msg/detail/carla_ego_vehicle_control__rosidl_typesupport_fastrtps_cpp.hpp
-- Symlinking: /home/airlab/ros2_ws/install/carla_msgs/include/carla_msgs/carla_msgs/msg/detail/carla_ego_vehicle_info__rosidl_typesupport_fastrtps_cpp.hpp
-- Symlinking: /home/airlab/ros2_ws/install/carla_msgs/include/carla_msgs/carla_msgs/msg/detail/carla_ego_vehicle_info_wheel__rosidl_typesupport_fastrtps_cpp.hpp
-- Symlinking: /home/airlab/ros2_ws/install/carla_msgs/include/carla_msgs/carla_msgs/msg/detail/carla_ego_vehicle_status__rosidl_typesupport_fastrtps_cpp.hpp
-- Symlinking: /home/airlab/ros2_ws/install/carla_msgs/include/carla_msgs/carla_msgs/msg/detail/carla_lane_invasion_event__rosidl_typesupport_fastrtps_cpp.hpp
-- Symlinking: /home/airlab/ros2_ws/install/carla_msgs/include/carla_msgs/carla_msgs/msg/detail/carla_status__rosidl_typesupport_fastrtps_cpp.hpp
-- Symlinking: /home/airlab/ros2_ws/install/carla_msgs/include/carla_msgs/carla_msgs/msg/detail/carla_traffic_light_info__rosidl_typesupport_fastrtps_cpp.hpp
-- Symlinking: /home/airlab/ros2_ws/install/carla_msgs/include/carla_msgs/carla_msgs/msg/detail/carla_traffic_light_info_list__rosidl_typesupport_fastrtps_cpp.hpp
-- Symlinking: /home/airlab/ros2_ws/install/carla_msgs/include/carla_msgs/carla_msgs/msg/detail/carla_traffic_light_status__rosidl_typesupport_fastrtps_cpp.hpp
-- Symlinking: /home/airlab/ros2_ws/install/carla_msgs/include/carla_msgs/carla_msgs/msg/detail/carla_traffic_light_status_list__rosidl_typesupport_fastrtps_cpp.hpp
-- Symlinking: /home/airlab/ros2_ws/install/carla_msgs/include/carla_msgs/carla_msgs/msg/detail/carla_walker_control__rosidl_typesupport_fastrtps_cpp.hpp
-- Symlinking: /home/airlab/ros2_ws/install/carla_msgs/include/carla_msgs/carla_msgs/msg/detail/carla_weather_parameters__rosidl_typesupport_fastrtps_cpp.hpp
-- Symlinking: /home/airlab/ros2_ws/install/carla_msgs/include/carla_msgs/carla_msgs/msg/detail/carla_world_info__rosidl_typesupport_fastrtps_cpp.hpp
-- Symlinking: /home/airlab/ros2_ws/install/carla_msgs/include/carla_msgs/carla_msgs/msg/rosidl_typesupport_fastrtps_cpp__visibility_control.h
-- Symlinking: /home/airlab/ros2_ws/install/carla_msgs/include/carla_msgs/carla_msgs/srv/detail/destroy_object__rosidl_typesupport_fastrtps_cpp.hpp
-- Symlinking: /home/airlab/ros2_ws/install/carla_msgs/include/carla_msgs/carla_msgs/srv/detail/get_blueprints__rosidl_typesupport_fastrtps_cpp.hpp
-- Symlinking: /home/airlab/ros2_ws/install/carla_msgs/include/carla_msgs/carla_msgs/srv/detail/spawn_object__rosidl_typesupport_fastrtps_cpp.hpp
-- Symlinking: /home/airlab/ros2_ws/install/carla_msgs/include/carla_msgs/carla_msgs/msg/detail/carla_actor_info__rosidl_typesupport_introspection_c.h
-- Symlinking: /home/airlab/ros2_ws/install/carla_msgs/include/carla_msgs/carla_msgs/msg/detail/carla_actor_list__rosidl_typesupport_introspection_c.h
-- Symlinking: /home/airlab/ros2_ws/install/carla_msgs/include/carla_msgs/carla_msgs/msg/detail/carla_bounding_box__rosidl_typesupport_introspection_c.h
-- Symlinking: /home/airlab/ros2_ws/install/carla_msgs/include/carla_msgs/carla_msgs/msg/detail/carla_collision_event__rosidl_typesupport_introspection_c.h
-- Symlinking: /home/airlab/ros2_ws/install/carla_msgs/include/carla_msgs/carla_msgs/msg/detail/carla_control__rosidl_typesupport_introspection_c.h
-- Symlinking: /home/airlab/ros2_ws/install/carla_msgs/include/carla_msgs/carla_msgs/msg/detail/carla_ego_vehicle_control__rosidl_typesupport_introspection_c.h
-- Symlinking: /home/airlab/ros2_ws/install/carla_msgs/include/carla_msgs/carla_msgs/msg/detail/carla_ego_vehicle_info__rosidl_typesupport_introspection_c.h
-- Symlinking: /home/airlab/ros2_ws/install/carla_msgs/include/carla_msgs/carla_msgs/msg/detail/carla_ego_vehicle_info_wheel__rosidl_typesupport_introspection_c.h
-- Symlinking: /home/airlab/ros2_ws/install/carla_msgs/include/carla_msgs/carla_msgs/msg/detail/carla_ego_vehicle_status__rosidl_typesupport_introspection_c.h
-- Symlinking: /home/airlab/ros2_ws/install/carla_msgs/include/carla_msgs/carla_msgs/msg/detail/carla_lane_invasion_event__rosidl_typesupport_introspection_c.h
-- Symlinking: /home/airlab/ros2_ws/install/carla_msgs/include/carla_msgs/carla_msgs/msg/detail/carla_status__rosidl_typesupport_introspection_c.h
-- Symlinking: /home/airlab/ros2_ws/install/carla_msgs/include/carla_msgs/carla_msgs/msg/detail/carla_traffic_light_info__rosidl_typesupport_introspection_c.h
-- Symlinking: /home/airlab/ros2_ws/install/carla_msgs/include/carla_msgs/carla_msgs/msg/detail/carla_traffic_light_info_list__rosidl_typesupport_introspection_c.h
-- Symlinking: /home/airlab/ros2_ws/install/carla_msgs/include/carla_msgs/carla_msgs/msg/detail/carla_traffic_light_status__rosidl_typesupport_introspection_c.h
-- Symlinking: /home/airlab/ros2_ws/install/carla_msgs/include/carla_msgs/carla_msgs/msg/detail/carla_traffic_light_status_list__rosidl_typesupport_introspection_c.h
-- Symlinking: /home/airlab/ros2_ws/install/carla_msgs/include/carla_msgs/carla_msgs/msg/detail/carla_walker_control__rosidl_typesupport_introspection_c.h
-- Symlinking: /home/airlab/ros2_ws/install/carla_msgs/include/carla_msgs/carla_msgs/msg/detail/carla_weather_parameters__rosidl_typesupport_introspection_c.h
-- Symlinking: /home/airlab/ros2_ws/install/carla_msgs/include/carla_msgs/carla_msgs/msg/detail/carla_world_info__rosidl_typesupport_introspection_c.h
-- Symlinking: /home/airlab/ros2_ws/install/carla_msgs/include/carla_msgs/carla_msgs/msg/rosidl_typesupport_introspection_c__visibility_control.h
-- Symlinking: /home/airlab/ros2_ws/install/carla_msgs/include/carla_msgs/carla_msgs/srv/detail/destroy_object__rosidl_typesupport_introspection_c.h
-- Symlinking: /home/airlab/ros2_ws/install/carla_msgs/include/carla_msgs/carla_msgs/srv/detail/get_blueprints__rosidl_typesupport_introspection_c.h
-- Symlinking: /home/airlab/ros2_ws/install/carla_msgs/include/carla_msgs/carla_msgs/srv/detail/spawn_object__rosidl_typesupport_introspection_c.h
-- Symlinking: /home/airlab/ros2_ws/install/carla_msgs/include/carla_msgs/carla_msgs/msg/detail/carla_actor_info__rosidl_typesupport_introspection_cpp.hpp
-- Symlinking: /home/airlab/ros2_ws/install/carla_msgs/include/carla_msgs/carla_msgs/msg/detail/carla_actor_list__rosidl_typesupport_introspection_cpp.hpp
-- Symlinking: /home/airlab/ros2_ws/install/carla_msgs/include/carla_msgs/carla_msgs/msg/detail/carla_bounding_box__rosidl_typesupport_introspection_cpp.hpp
-- Symlinking: /home/airlab/ros2_ws/install/carla_msgs/include/carla_msgs/carla_msgs/msg/detail/carla_collision_event__rosidl_typesupport_introspection_cpp.hpp
-- Symlinking: /home/airlab/ros2_ws/install/carla_msgs/include/carla_msgs/carla_msgs/msg/detail/carla_control__rosidl_typesupport_introspection_cpp.hpp
-- Symlinking: /home/airlab/ros2_ws/install/carla_msgs/include/carla_msgs/carla_msgs/msg/detail/carla_ego_vehicle_control__rosidl_typesupport_introspection_cpp.hpp
-- Symlinking: /home/airlab/ros2_ws/install/carla_msgs/include/carla_msgs/carla_msgs/msg/detail/carla_ego_vehicle_info__rosidl_typesupport_introspection_cpp.hpp
-- Symlinking: /home/airlab/ros2_ws/install/carla_msgs/include/carla_msgs/carla_msgs/msg/detail/carla_ego_vehicle_info_wheel__rosidl_typesupport_introspection_cpp.hpp
-- Symlinking: /home/airlab/ros2_ws/install/carla_msgs/include/carla_msgs/carla_msgs/msg/detail/carla_ego_vehicle_status__rosidl_typesupport_introspection_cpp.hpp
-- Symlinking: /home/airlab/ros2_ws/install/carla_msgs/include/carla_msgs/carla_msgs/msg/detail/carla_lane_invasion_event__rosidl_typesupport_introspection_cpp.hpp
-- Symlinking: /home/airlab/ros2_ws/install/carla_msgs/include/carla_msgs/carla_msgs/msg/detail/carla_status__rosidl_typesupport_introspection_cpp.hpp
-- Symlinking: /home/airlab/ros2_ws/install/carla_msgs/include/carla_msgs/carla_msgs/msg/detail/carla_traffic_light_info__rosidl_typesupport_introspection_cpp.hpp
-- Symlinking: /home/airlab/ros2_ws/install/carla_msgs/include/carla_msgs/carla_msgs/msg/detail/carla_traffic_light_info_list__rosidl_typesupport_introspection_cpp.hpp
-- Symlinking: /home/airlab/ros2_ws/install/carla_msgs/include/carla_msgs/carla_msgs/msg/detail/carla_traffic_light_status__rosidl_typesupport_introspection_cpp.hpp
-- Symlinking: /home/airlab/ros2_ws/install/carla_msgs/include/carla_msgs/carla_msgs/msg/detail/carla_traffic_light_status_list__rosidl_typesupport_introspection_cpp.hpp
-- Symlinking: /home/airlab/ros2_ws/install/carla_msgs/include/carla_msgs/carla_msgs/msg/detail/carla_walker_control__rosidl_typesupport_introspection_cpp.hpp
-- Symlinking: /home/airlab/ros2_ws/install/carla_msgs/include/carla_msgs/carla_msgs/msg/detail/carla_weather_parameters__rosidl_typesupport_introspection_cpp.hpp
-- Symlinking: /home/airlab/ros2_ws/install/carla_msgs/include/carla_msgs/carla_msgs/msg/detail/carla_world_info__rosidl_typesupport_introspection_cpp.hpp
-- Symlinking: /home/airlab/ros2_ws/install/carla_msgs/include/carla_msgs/carla_msgs/srv/detail/destroy_object__rosidl_typesupport_introspection_cpp.hpp
-- Symlinking: /home/airlab/ros2_ws/install/carla_msgs/include/carla_msgs/carla_msgs/srv/detail/get_blueprints__rosidl_typesupport_introspection_cpp.hpp
-- Symlinking: /home/airlab/ros2_ws/install/carla_msgs/include/carla_msgs/carla_msgs/srv/detail/spawn_object__rosidl_typesupport_introspection_cpp.hpp
-- Symlinking: /home/airlab/ros2_ws/install/carla_msgs/share/carla_msgs/environment/pythonpath.sh
-- Symlinking: /home/airlab/ros2_ws/install/carla_msgs/share/carla_msgs/environment/pythonpath.dsv
-- Symlinking: /home/airlab/ros2_ws/install/carla_msgs/lib/python3.12/site-packages/carla_msgs-1.3.0-py3.12.egg-info/PKG-INFO
-- Symlinking: /home/airlab/ros2_ws/install/carla_msgs/lib/python3.12/site-packages/carla_msgs-1.3.0-py3.12.egg-info/SOURCES.txt
-- Symlinking: /home/airlab/ros2_ws/install/carla_msgs/lib/python3.12/site-packages/carla_msgs-1.3.0-py3.12.egg-info/dependency_links.txt
-- Symlinking: /home/airlab/ros2_ws/install/carla_msgs/lib/python3.12/site-packages/carla_msgs-1.3.0-py3.12.egg-info/top_level.txt
-- Symlinking: /home/airlab/ros2_ws/install/carla_msgs/lib/python3.12/site-packages/carla_msgs/__init__.py
-- Symlinking: /home/airlab/ros2_ws/install/carla_msgs/lib/python3.12/site-packages/carla_msgs/_carla_msgs_s.ep.rosidl_typesupport_c.c
-- Symlinking: /home/airlab/ros2_ws/install/carla_msgs/lib/python3.12/site-packages/carla_msgs/_carla_msgs_s.ep.rosidl_typesupport_fastrtps_c.c
-- Symlinking: /home/airlab/ros2_ws/install/carla_msgs/lib/python3.12/site-packages/carla_msgs/_carla_msgs_s.ep.rosidl_typesupport_introspection_c.c
-- Symlinking: /home/airlab/ros2_ws/install/carla_msgs/lib/python3.12/site-packages/carla_msgs/carla_msgs_s__rosidl_typesupport_c.so
-- Symlinking: /home/airlab/ros2_ws/install/carla_msgs/lib/python3.12/site-packages/carla_msgs/carla_msgs_s__rosidl_typesupport_fastrtps_c.so
-- Symlinking: /home/airlab/ros2_ws/install/carla_msgs/lib/python3.12/site-packages/carla_msgs/carla_msgs_s__rosidl_typesupport_introspection_c.so
-- Symlinking: /home/airlab/ros2_ws/install/carla_msgs/lib/python3.12/site-packages/carla_msgs/msg/__init__.py
-- Symlinking: /home/airlab/ros2_ws/install/carla_msgs/lib/python3.12/site-packages/carla_msgs/msg/_carla_actor_info.py
-- Symlinking: /home/airlab/ros2_ws/install/carla_msgs/lib/python3.12/site-packages/carla_msgs/msg/_carla_actor_info_s.c
-- Symlinking: /home/airlab/ros2_ws/install/carla_msgs/lib/python3.12/site-packages/carla_msgs/msg/_carla_actor_list.py
-- Symlinking: /home/airlab/ros2_ws/install/carla_msgs/lib/python3.12/site-packages/carla_msgs/msg/_carla_actor_list_s.c
-- Symlinking: /home/airlab/ros2_ws/install/carla_msgs/lib/python3.12/site-packages/carla_msgs/msg/_carla_bounding_box.py
-- Symlinking: /home/airlab/ros2_ws/install/carla_msgs/lib/python3.12/site-packages/carla_msgs/msg/_carla_bounding_box_s.c
-- Symlinking: /home/airlab/ros2_ws/install/carla_msgs/lib/python3.12/site-packages/carla_msgs/msg/_carla_collision_event.py
-- Symlinking: /home/airlab/ros2_ws/install/carla_msgs/lib/python3.12/site-packages/carla_msgs/msg/_carla_collision_event_s.c
-- Symlinking: /home/airlab/ros2_ws/install/carla_msgs/lib/python3.12/site-packages/carla_msgs/msg/_carla_control.py
-- Symlinking: /home/airlab/ros2_ws/install/carla_msgs/lib/python3.12/site-packages/carla_msgs/msg/_carla_control_s.c
-- Symlinking: /home/airlab/ros2_ws/install/carla_msgs/lib/python3.12/site-packages/carla_msgs/msg/_carla_ego_vehicle_control.py
-- Symlinking: /home/airlab/ros2_ws/install/carla_msgs/lib/python3.12/site-packages/carla_msgs/msg/_carla_ego_vehicle_control_s.c
-- Symlinking: /home/airlab/ros2_ws/install/carla_msgs/lib/python3.12/site-packages/carla_msgs/msg/_carla_ego_vehicle_info.py
-- Symlinking: /home/airlab/ros2_ws/install/carla_msgs/lib/python3.12/site-packages/carla_msgs/msg/_carla_ego_vehicle_info_s.c
-- Symlinking: /home/airlab/ros2_ws/install/carla_msgs/lib/python3.12/site-packages/carla_msgs/msg/_carla_ego_vehicle_info_wheel.py
-- Symlinking: /home/airlab/ros2_ws/install/carla_msgs/lib/python3.12/site-packages/carla_msgs/msg/_carla_ego_vehicle_info_wheel_s.c
-- Symlinking: /home/airlab/ros2_ws/install/carla_msgs/lib/python3.12/site-packages/carla_msgs/msg/_carla_ego_vehicle_status.py
-- Symlinking: /home/airlab/ros2_ws/install/carla_msgs/lib/python3.12/site-packages/carla_msgs/msg/_carla_ego_vehicle_status_s.c
-- Symlinking: /home/airlab/ros2_ws/install/carla_msgs/lib/python3.12/site-packages/carla_msgs/msg/_carla_lane_invasion_event.py
-- Symlinking: /home/airlab/ros2_ws/install/carla_msgs/lib/python3.12/site-packages/carla_msgs/msg/_carla_lane_invasion_event_s.c
-- Symlinking: /home/airlab/ros2_ws/install/carla_msgs/lib/python3.12/site-packages/carla_msgs/msg/_carla_status.py
-- Symlinking: /home/airlab/ros2_ws/install/carla_msgs/lib/python3.12/site-packages/carla_msgs/msg/_carla_status_s.c
-- Symlinking: /home/airlab/ros2_ws/install/carla_msgs/lib/python3.12/site-packages/carla_msgs/msg/_carla_traffic_light_info.py
-- Symlinking: /home/airlab/ros2_ws/install/carla_msgs/lib/python3.12/site-packages/carla_msgs/msg/_carla_traffic_light_info_list.py
-- Symlinking: /home/airlab/ros2_ws/install/carla_msgs/lib/python3.12/site-packages/carla_msgs/msg/_carla_traffic_light_info_list_s.c
-- Symlinking: /home/airlab/ros2_ws/install/carla_msgs/lib/python3.12/site-packages/carla_msgs/msg/_carla_traffic_light_info_s.c
-- Symlinking: /home/airlab/ros2_ws/install/carla_msgs/lib/python3.12/site-packages/carla_msgs/msg/_carla_traffic_light_status.py
-- Symlinking: /home/airlab/ros2_ws/install/carla_msgs/lib/python3.12/site-packages/carla_msgs/msg/_carla_traffic_light_status_list.py
-- Symlinking: /home/airlab/ros2_ws/install/carla_msgs/lib/python3.12/site-packages/carla_msgs/msg/_carla_traffic_light_status_list_s.c
-- Symlinking: /home/airlab/ros2_ws/install/carla_msgs/lib/python3.12/site-packages/carla_msgs/msg/_carla_traffic_light_status_s.c
-- Symlinking: /home/airlab/ros2_ws/install/carla_msgs/lib/python3.12/site-packages/carla_msgs/msg/_carla_walker_control.py
-- Symlinking: /home/airlab/ros2_ws/install/carla_msgs/lib/python3.12/site-packages/carla_msgs/msg/_carla_walker_control_s.c
-- Symlinking: /home/airlab/ros2_ws/install/carla_msgs/lib/python3.12/site-packages/carla_msgs/msg/_carla_weather_parameters.py
-- Symlinking: /home/airlab/ros2_ws/install/carla_msgs/lib/python3.12/site-packages/carla_msgs/msg/_carla_weather_parameters_s.c
-- Symlinking: /home/airlab/ros2_ws/install/carla_msgs/lib/python3.12/site-packages/carla_msgs/msg/_carla_world_info.py
-- Symlinking: /home/airlab/ros2_ws/install/carla_msgs/lib/python3.12/site-packages/carla_msgs/msg/_carla_world_info_s.c
-- Symlinking: /home/airlab/ros2_ws/install/carla_msgs/lib/python3.12/site-packages/carla_msgs/srv/__init__.py
-- Symlinking: /home/airlab/ros2_ws/install/carla_msgs/lib/python3.12/site-packages/carla_msgs/srv/_destroy_object.py
-- Symlinking: /home/airlab/ros2_ws/install/carla_msgs/lib/python3.12/site-packages/carla_msgs/srv/_destroy_object_s.c
-- Symlinking: /home/airlab/ros2_ws/install/carla_msgs/lib/python3.12/site-packages/carla_msgs/srv/_get_blueprints.py
-- Symlinking: /home/airlab/ros2_ws/install/carla_msgs/lib/python3.12/site-packages/carla_msgs/srv/_get_blueprints_s.c
-- Symlinking: /home/airlab/ros2_ws/install/carla_msgs/lib/python3.12/site-packages/carla_msgs/srv/_spawn_object.py
-- Symlinking: /home/airlab/ros2_ws/install/carla_msgs/lib/python3.12/site-packages/carla_msgs/srv/_spawn_object_s.c
-- Up-to-date symlink: /home/airlab/ros2_ws/install/carla_msgs/lib/python3.12/site-packages/carla_msgs/carla_msgs_s__rosidl_typesupport_fastrtps_c.so
-- Up-to-date symlink: /home/airlab/ros2_ws/install/carla_msgs/lib/python3.12/site-packages/carla_msgs/carla_msgs_s__rosidl_typesupport_introspection_c.so
-- Up-to-date symlink: /home/airlab/ros2_ws/install/carla_msgs/lib/python3.12/site-packages/carla_msgs/carla_msgs_s__rosidl_typesupport_c.so
-- Symlinking: /home/airlab/ros2_ws/install/carla_msgs/share/carla_msgs/msg/CarlaBoundingBox.idl
-- Symlinking: /home/airlab/ros2_ws/install/carla_msgs/share/carla_msgs/msg/CarlaEgoVehicleControl.idl
-- Symlinking: /home/airlab/ros2_ws/install/carla_msgs/share/carla_msgs/msg/CarlaEgoVehicleStatus.idl
-- Symlinking: /home/airlab/ros2_ws/install/carla_msgs/share/carla_msgs/msg/CarlaEgoVehicleInfoWheel.idl
-- Symlinking: /home/airlab/ros2_ws/install/carla_msgs/share/carla_msgs/msg/CarlaEgoVehicleInfo.idl
-- Symlinking: /home/airlab/ros2_ws/install/carla_msgs/share/carla_msgs/msg/CarlaCollisionEvent.idl
-- Symlinking: /home/airlab/ros2_ws/install/carla_msgs/share/carla_msgs/msg/CarlaLaneInvasionEvent.idl
-- Symlinking: /home/airlab/ros2_ws/install/carla_msgs/share/carla_msgs/msg/CarlaWorldInfo.idl
-- Symlinking: /home/airlab/ros2_ws/install/carla_msgs/share/carla_msgs/msg/CarlaActorInfo.idl
-- Symlinking: /home/airlab/ros2_ws/install/carla_msgs/share/carla_msgs/msg/CarlaActorList.idl
-- Symlinking: /home/airlab/ros2_ws/install/carla_msgs/share/carla_msgs/msg/CarlaControl.idl
-- Symlinking: /home/airlab/ros2_ws/install/carla_msgs/share/carla_msgs/msg/CarlaStatus.idl
-- Symlinking: /home/airlab/ros2_ws/install/carla_msgs/share/carla_msgs/msg/CarlaTrafficLightInfo.idl
-- Symlinking: /home/airlab/ros2_ws/install/carla_msgs/share/carla_msgs/msg/CarlaTrafficLightInfoList.idl
-- Symlinking: /home/airlab/ros2_ws/install/carla_msgs/share/carla_msgs/msg/CarlaTrafficLightStatus.idl
-- Symlinking: /home/airlab/ros2_ws/install/carla_msgs/share/carla_msgs/msg/CarlaTrafficLightStatusList.idl
-- Symlinking: /home/airlab/ros2_ws/install/carla_msgs/share/carla_msgs/msg/CarlaWalkerControl.idl
-- Symlinking: /home/airlab/ros2_ws/install/carla_msgs/share/carla_msgs/msg/CarlaWeatherParameters.idl
-- Symlinking: /home/airlab/ros2_ws/install/carla_msgs/share/carla_msgs/srv/SpawnObject.idl
-- Symlinking: /home/airlab/ros2_ws/install/carla_msgs/share/carla_msgs/srv/DestroyObject.idl
-- Symlinking: /home/airlab/ros2_ws/install/carla_msgs/share/carla_msgs/srv/GetBlueprints.idl
-- Symlinking: /home/airlab/ros2_ws/install/carla_msgs/share/carla_msgs/msg/CarlaBoundingBox.msg
-- Symlinking: /home/airlab/ros2_ws/install/carla_msgs/share/carla_msgs/msg/CarlaEgoVehicleControl.msg
-- Symlinking: /home/airlab/ros2_ws/install/carla_msgs/share/carla_msgs/msg/CarlaEgoVehicleStatus.msg
-- Symlinking: /home/airlab/ros2_ws/install/carla_msgs/share/carla_msgs/msg/CarlaEgoVehicleInfoWheel.msg
-- Symlinking: /home/airlab/ros2_ws/install/carla_msgs/share/carla_msgs/msg/CarlaEgoVehicleInfo.msg
-- Symlinking: /home/airlab/ros2_ws/install/carla_msgs/share/carla_msgs/msg/CarlaCollisionEvent.msg
-- Symlinking: /home/airlab/ros2_ws/install/carla_msgs/share/carla_msgs/msg/CarlaLaneInvasionEvent.msg
-- Symlinking: /home/airlab/ros2_ws/install/carla_msgs/share/carla_msgs/msg/CarlaWorldInfo.msg
-- Symlinking: /home/airlab/ros2_ws/install/carla_msgs/share/carla_msgs/msg/CarlaActorInfo.msg
-- Symlinking: /home/airlab/ros2_ws/install/carla_msgs/share/carla_msgs/msg/CarlaActorList.msg
-- Symlinking: /home/airlab/ros2_ws/install/carla_msgs/share/carla_msgs/msg/CarlaControl.msg
-- Symlinking: /home/airlab/ros2_ws/install/carla_msgs/share/carla_msgs/msg/CarlaStatus.msg
-- Symlinking: /home/airlab/ros2_ws/install/carla_msgs/share/carla_msgs/msg/CarlaTrafficLightInfo.msg
-- Symlinking: /home/airlab/ros2_ws/install/carla_msgs/share/carla_msgs/msg/CarlaTrafficLightInfoList.msg
-- Symlinking: /home/airlab/ros2_ws/install/carla_msgs/share/carla_msgs/msg/CarlaTrafficLightStatus.msg
-- Symlinking: /home/airlab/ros2_ws/install/carla_msgs/share/carla_msgs/msg/CarlaTrafficLightStatusList.msg
-- Symlinking: /home/airlab/ros2_ws/install/carla_msgs/share/carla_msgs/msg/CarlaWalkerControl.msg
-- Symlinking: /home/airlab/ros2_ws/install/carla_msgs/share/carla_msgs/msg/CarlaWeatherParameters.msg
-- Symlinking: /home/airlab/ros2_ws/install/carla_msgs/share/carla_msgs/srv/SpawnObject.srv
-- Symlinking: /home/airlab/ros2_ws/install/carla_msgs/share/carla_msgs/srv/DestroyObject.srv
-- Symlinking: /home/airlab/ros2_ws/install/carla_msgs/share/carla_msgs/srv/GetBlueprints.srv
-- Symlinking: /home/airlab/ros2_ws/install/carla_msgs/share/ament_index/resource_index/package_run_dependencies/carla_msgs
-- Symlinking: /home/airlab/ros2_ws/install/carla_msgs/share/ament_index/resource_index/parent_prefix_path/carla_msgs
-- Symlinking: /home/airlab/ros2_ws/install/carla_msgs/share/carla_msgs/environment/ament_prefix_path.sh
-- Symlinking: /home/airlab/ros2_ws/install/carla_msgs/share/carla_msgs/environment/ament_prefix_path.dsv
-- Symlinking: /home/airlab/ros2_ws/install/carla_msgs/share/carla_msgs/environment/path.sh
-- Symlinking: /home/airlab/ros2_ws/install/carla_msgs/share/carla_msgs/environment/path.dsv
-- Symlinking: /home/airlab/ros2_ws/install/carla_msgs/share/carla_msgs/local_setup.bash
-- Symlinking: /home/airlab/ros2_ws/install/carla_msgs/share/carla_msgs/local_setup.sh
-- Symlinking: /home/airlab/ros2_ws/install/carla_msgs/share/carla_msgs/local_setup.zsh
-- Symlinking: /home/airlab/ros2_ws/install/carla_msgs/share/carla_msgs/local_setup.dsv
-- Symlinking: /home/airlab/ros2_ws/install/carla_msgs/share/carla_msgs/package.dsv
-- Symlinking: /home/airlab/ros2_ws/install/carla_msgs/share/ament_index/resource_index/packages/carla_msgs
-- Symlinking: /home/airlab/ros2_ws/install/carla_msgs/share/carla_msgs/cmake/rosidl_cmake-extras.cmake
-- Symlinking: /home/airlab/ros2_ws/install/carla_msgs/share/carla_msgs/cmake/ament_cmake_export_dependencies-extras.cmake
-- Symlinking: /home/airlab/ros2_ws/install/carla_msgs/share/carla_msgs/cmake/ament_cmake_export_include_directories-extras.cmake
-- Symlinking: /home/airlab/ros2_ws/install/carla_msgs/share/carla_msgs/cmake/ament_cmake_export_libraries-extras.cmake
-- Symlinking: /home/airlab/ros2_ws/install/carla_msgs/share/carla_msgs/cmake/ament_cmake_export_targets-extras.cmake
-- Symlinking: /home/airlab/ros2_ws/install/carla_msgs/share/carla_msgs/cmake/rosidl_cmake_export_typesupport_targets-extras.cmake
-- Symlinking: /home/airlab/ros2_ws/install/carla_msgs/share/carla_msgs/cmake/rosidl_cmake_export_typesupport_libraries-extras.cmake
-- Symlinking: /home/airlab/ros2_ws/install/carla_msgs/share/carla_msgs/cmake/carla_msgsConfig.cmake
-- Symlinking: /home/airlab/ros2_ws/install/carla_msgs/share/carla_msgs/cmake/carla_msgsConfig-version.cmake
-- Symlinking: /home/airlab/ros2_ws/install/carla_msgs/share/carla_msgs/package.xml
-- Installing: /home/airlab/ros2_ws/install/carla_msgs/lib/libcarla_msgs__rosidl_generator_c.so
-- Set non-toolchain portion of runtime path of "/home/airlab/ros2_ws/install/carla_msgs/lib/libcarla_msgs__rosidl_generator_c.so" to ""
-- Installing: /home/airlab/ros2_ws/install/carla_msgs/lib/libcarla_msgs__rosidl_typesupport_fastrtps_c.so
-- Set non-toolchain portion of runtime path of "/home/airlab/ros2_ws/install/carla_msgs/lib/libcarla_msgs__rosidl_typesupport_fastrtps_c.so" to ""
-- Installing: /home/airlab/ros2_ws/install/carla_msgs/lib/libcarla_msgs__rosidl_typesupport_fastrtps_cpp.so
-- Set non-toolchain portion of runtime path of "/home/airlab/ros2_ws/install/carla_msgs/lib/libcarla_msgs__rosidl_typesupport_fastrtps_cpp.so" to ""
-- Installing: /home/airlab/ros2_ws/install/carla_msgs/lib/libcarla_msgs__rosidl_typesupport_introspection_c.so
-- Set non-toolchain portion of runtime path of "/home/airlab/ros2_ws/install/carla_msgs/lib/libcarla_msgs__rosidl_typesupport_introspection_c.so" to ""
-- Installing: /home/airlab/ros2_ws/install/carla_msgs/lib/libcarla_msgs__rosidl_typesupport_c.so
-- Set non-toolchain portion of runtime path of "/home/airlab/ros2_ws/install/carla_msgs/lib/libcarla_msgs__rosidl_typesupport_c.so" to ""
-- Installing: /home/airlab/ros2_ws/install/carla_msgs/lib/libcarla_msgs__rosidl_typesupport_introspection_cpp.so
-- Set non-toolchain portion of runtime path of "/home/airlab/ros2_ws/install/carla_msgs/lib/libcarla_msgs__rosidl_typesupport_introspection_cpp.so" to ""
-- Installing: /home/airlab/ros2_ws/install/carla_msgs/lib/libcarla_msgs__rosidl_typesupport_cpp.so
-- Set non-toolchain portion of runtime path of "/home/airlab/ros2_ws/install/carla_msgs/lib/libcarla_msgs__rosidl_typesupport_cpp.so" to ""
Listing '/home/airlab/ros2_ws/install/carla_msgs/lib/python3.12/site-packages/carla_msgs'...
Compiling '/home/airlab/ros2_ws/install/carla_msgs/lib/python3.12/site-packages/carla_msgs/__init__.py'...
Listing '/home/airlab/ros2_ws/install/carla_msgs/lib/python3.12/site-packages/carla_msgs/msg'...
Compiling '/home/airlab/ros2_ws/install/carla_msgs/lib/python3.12/site-packages/carla_msgs/msg/__init__.py'...
Compiling '/home/airlab/ros2_ws/install/carla_msgs/lib/python3.12/site-packages/carla_msgs/msg/_carla_actor_info.py'...
Compiling '/home/airlab/ros2_ws/install/carla_msgs/lib/python3.12/site-packages/carla_msgs/msg/_carla_actor_list.py'...
Compiling '/home/airlab/ros2_ws/install/carla_msgs/lib/python3.12/site-packages/carla_msgs/msg/_carla_bounding_box.py'...
Compiling '/home/airlab/ros2_ws/install/carla_msgs/lib/python3.12/site-packages/carla_msgs/msg/_carla_collision_event.py'...
Compiling '/home/airlab/ros2_ws/install/carla_msgs/lib/python3.12/site-packages/carla_msgs/msg/_carla_control.py'...
Compiling '/home/airlab/ros2_ws/install/carla_msgs/lib/python3.12/site-packages/carla_msgs/msg/_carla_ego_vehicle_control.py'...
Compiling '/home/airlab/ros2_ws/install/carla_msgs/lib/python3.12/site-packages/carla_msgs/msg/_carla_ego_vehicle_info.py'...
Compiling '/home/airlab/ros2_ws/install/carla_msgs/lib/python3.12/site-packages/carla_msgs/msg/_carla_ego_vehicle_info_wheel.py'...
Compiling '/home/airlab/ros2_ws/install/carla_msgs/lib/python3.12/site-packages/carla_msgs/msg/_carla_ego_vehicle_status.py'...
Compiling '/home/airlab/ros2_ws/install/carla_msgs/lib/python3.12/site-packages/carla_msgs/msg/_carla_lane_invasion_event.py'...
Compiling '/home/airlab/ros2_ws/install/carla_msgs/lib/python3.12/site-packages/carla_msgs/msg/_carla_status.py'...
Compiling '/home/airlab/ros2_ws/install/carla_msgs/lib/python3.12/site-packages/carla_msgs/msg/_carla_traffic_light_info.py'...
Compiling '/home/airlab/ros2_ws/install/carla_msgs/lib/python3.12/site-packages/carla_msgs/msg/_carla_traffic_light_info_list.py'...
Compiling '/home/airlab/ros2_ws/install/carla_msgs/lib/python3.12/site-packages/carla_msgs/msg/_carla_traffic_light_status.py'...
Compiling '/home/airlab/ros2_ws/install/carla_msgs/lib/python3.12/site-packages/carla_msgs/msg/_carla_traffic_light_status_list.py'...
Compiling '/home/airlab/ros2_ws/install/carla_msgs/lib/python3.12/site-packages/carla_msgs/msg/_carla_walker_control.py'...
Compiling '/home/airlab/ros2_ws/install/carla_msgs/lib/python3.12/site-packages/carla_msgs/msg/_carla_weather_parameters.py'...
Compiling '/home/airlab/ros2_ws/install/carla_msgs/lib/python3.12/site-packages/carla_msgs/msg/_carla_world_info.py'...
Listing '/home/airlab/ros2_ws/install/carla_msgs/lib/python3.12/site-packages/carla_msgs/srv'...
Compiling '/home/airlab/ros2_ws/install/carla_msgs/lib/python3.12/site-packages/carla_msgs/srv/__init__.py'...
Compiling '/home/airlab/ros2_ws/install/carla_msgs/lib/python3.12/site-packages/carla_msgs/srv/_destroy_object.py'...
Compiling '/home/airlab/ros2_ws/install/carla_msgs/lib/python3.12/site-packages/carla_msgs/srv/_get_blueprints.py'...
Compiling '/home/airlab/ros2_ws/install/carla_msgs/lib/python3.12/site-packages/carla_msgs/srv/_spawn_object.py'...
-- Installing: /home/airlab/ros2_ws/install/carla_msgs/lib/libcarla_msgs__rosidl_generator_py.so
-- Set non-toolchain portion of runtime path of "/home/airlab/ros2_ws/install/carla_msgs/lib/libcarla_msgs__rosidl_generator_py.so" to ""
-- Installing: /home/airlab/ros2_ws/install/carla_msgs/share/carla_msgs/cmake/export_carla_msgs__rosidl_generator_cExport.cmake
-- Installing: /home/airlab/ros2_ws/install/carla_msgs/share/carla_msgs/cmake/export_carla_msgs__rosidl_generator_cExport-noconfig.cmake
-- Installing: /home/airlab/ros2_ws/install/carla_msgs/share/carla_msgs/cmake/export_carla_msgs__rosidl_typesupport_fastrtps_cExport.cmake
-- Installing: /home/airlab/ros2_ws/install/carla_msgs/share/carla_msgs/cmake/export_carla_msgs__rosidl_typesupport_fastrtps_cExport-noconfig.cmake
-- Installing: /home/airlab/ros2_ws/install/carla_msgs/share/carla_msgs/cmake/export_carla_msgs__rosidl_generator_cppExport.cmake
-- Installing: /home/airlab/ros2_ws/install/carla_msgs/share/carla_msgs/cmake/export_carla_msgs__rosidl_typesupport_fastrtps_cppExport.cmake
-- Installing: /home/airlab/ros2_ws/install/carla_msgs/share/carla_msgs/cmake/export_carla_msgs__rosidl_typesupport_fastrtps_cppExport-noconfig.cmake
-- Installing: /home/airlab/ros2_ws/install/carla_msgs/share/carla_msgs/cmake/carla_msgs__rosidl_typesupport_introspection_cExport.cmake
-- Installing: /home/airlab/ros2_ws/install/carla_msgs/share/carla_msgs/cmake/carla_msgs__rosidl_typesupport_introspection_cExport-noconfig.cmake
-- Installing: /home/airlab/ros2_ws/install/carla_msgs/share/carla_msgs/cmake/carla_msgs__rosidl_typesupport_cExport.cmake
-- Installing: /home/airlab/ros2_ws/install/carla_msgs/share/carla_msgs/cmake/carla_msgs__rosidl_typesupport_cExport-noconfig.cmake
-- Installing: /home/airlab/ros2_ws/install/carla_msgs/share/carla_msgs/cmake/carla_msgs__rosidl_typesupport_introspection_cppExport.cmake
-- Installing: /home/airlab/ros2_ws/install/carla_msgs/share/carla_msgs/cmake/carla_msgs__rosidl_typesupport_introspection_cppExport-noconfig.cmake
-- Installing: /home/airlab/ros2_ws/install/carla_msgs/share/carla_msgs/cmake/carla_msgs__rosidl_typesupport_cppExport.cmake
-- Installing: /home/airlab/ros2_ws/install/carla_msgs/share/carla_msgs/cmake/carla_msgs__rosidl_typesupport_cppExport-noconfig.cmake
-- Installing: /home/airlab/ros2_ws/install/carla_msgs/share/carla_msgs/cmake/export_carla_msgs__rosidl_generator_pyExport.cmake
-- Installing: /home/airlab/ros2_ws/install/carla_msgs/share/carla_msgs/cmake/export_carla_msgs__rosidl_generator_pyExport-noconfig.cmake
