[0.004s] Invoking command in '/home/airlab/ros2_ws/build/carla_msgs': CMAKE_PREFIX_PATH=${CMAKE_PREFIX_PATH}:/opt/ros/jazzy DEBUGINFOD_URLS=https://debuginfod.ubuntu.com /usr/bin/cmake /home/airlab/ros2_ws/src/ros-carla-msgs -DCMAKE_INSTALL_PREFIX=/home/airlab/ros2_ws/install/carla_msgs
[0.011s] [0mCMake Deprecation Warning at CMakeLists.txt:1 (cmake_minimum_required):
[0.011s]   Compatibility with CMake < 3.5 will be removed from a future version of
[0.011s]   CMake.
[0.011s] 
[0.011s]   Update the VERSION argument <min> value or use a ...<max> suffix to tell
[0.011s]   CMake that the project does not need compatibility with older versions.
[0.011s] 
[0.011s] [0m
[0.013s] -- Found ros_environment: 4.2.1 (/opt/ros/jazzy/share/ros_environment/cmake)
[0.014s] -- Found ament_cmake: 2.5.4 (/opt/ros/jazzy/share/ament_cmake/cmake)
[0.032s] -- Found Python3: /usr/bin/python3 (found version "3.12.3") found components: Interpreter 
[0.080s] -- Override CMake install command with custom implementation using symlinks instead of copying resources
[0.086s] -- Found builtin_interfaces: 2.0.3 (/opt/ros/jazzy/share/builtin_interfaces/cmake)
[0.103s] -- Found rosidl_generator_c: 4.6.6 (/opt/ros/jazzy/share/rosidl_generator_c/cmake)
[0.107s] -- Found rosidl_generator_cpp: 4.6.6 (/opt/ros/jazzy/share/rosidl_generator_cpp/cmake)
[0.112s] -- Using all available rosidl_typesupport_c: rosidl_typesupport_fastrtps_c;rosidl_typesupport_introspection_c
[0.119s] -- Using all available rosidl_typesupport_cpp: rosidl_typesupport_fastrtps_cpp;rosidl_typesupport_introspection_cpp
[0.125s] -- Found std_msgs: 5.3.6 (/opt/ros/jazzy/share/std_msgs/cmake)
[0.134s] -- Found geometry_msgs: 5.3.6 (/opt/ros/jazzy/share/geometry_msgs/cmake)
[0.142s] -- Found diagnostic_msgs: 5.3.6 (/opt/ros/jazzy/share/diagnostic_msgs/cmake)
[0.166s] -- Found rosidl_default_generators: 1.6.0 (/opt/ros/jazzy/share/rosidl_default_generators/cmake)
[0.171s] -- Found rosidl_adapter: 4.6.6 (/opt/ros/jazzy/share/rosidl_adapter/cmake)
[0.420s] -- Found ament_cmake_cppcheck: 0.17.3 (/opt/ros/jazzy/share/ament_cmake_cppcheck/cmake)
[0.421s] -- Found ament_cmake_cpplint: 0.17.3 (/opt/ros/jazzy/share/ament_cmake_cpplint/cmake)
[0.421s] -- Found ament_cmake_uncrustify: 0.17.3 (/opt/ros/jazzy/share/ament_cmake_uncrustify/cmake)
[0.422s] -- Found ament_cmake_ros: 0.12.0 (/opt/ros/jazzy/share/ament_cmake_ros/cmake)
[0.606s] -- Using all available rosidl_typesupport_c: rosidl_typesupport_fastrtps_c;rosidl_typesupport_introspection_c
[0.683s] -- Using all available rosidl_typesupport_cpp: rosidl_typesupport_fastrtps_cpp;rosidl_typesupport_introspection_cpp
[0.685s] -- Found python_cmake_module: 0.11.1 (/opt/ros/jazzy/share/python_cmake_module/cmake)
[0.943s] -- Found Python3: /usr/bin/python3 (found version "3.12.3") found components: Interpreter Development NumPy Development.Module Development.Embed 
[0.968s] -- Found ament_cmake_flake8: 0.17.3 (/opt/ros/jazzy/share/ament_cmake_flake8/cmake)
[0.969s] -- Found ament_cmake_pep257: 0.17.3 (/opt/ros/jazzy/share/ament_cmake_pep257/cmake)
[0.972s] -- Found ament_lint_auto: 0.17.3 (/opt/ros/jazzy/share/ament_lint_auto/cmake)
[0.979s] -- Added test 'copyright' to check source files copyright and LICENSE
[0.979s] -- Added test 'lint_cmake' to check CMake code style
[0.979s] -- Added test 'xmllint' to check XML markup files
[0.981s] -- Configuring done (1.0s)
[1.020s] -- Generating done (0.0s)
[1.028s] -- Build files have been written to: /home/airlab/ros2_ws/build/carla_msgs
[1.033s] Invoked command in '/home/airlab/ros2_ws/build/carla_msgs' returned '0': CMAKE_PREFIX_PATH=${CMAKE_PREFIX_PATH}:/opt/ros/jazzy DEBUGINFOD_URLS=https://debuginfod.ubuntu.com /usr/bin/cmake /home/airlab/ros2_ws/src/ros-carla-msgs -DCMAKE_INSTALL_PREFIX=/home/airlab/ros2_ws/install/carla_msgs
[1.034s] Invoking command in '/home/airlab/ros2_ws/build/carla_msgs': CMAKE_PREFIX_PATH=${CMAKE_PREFIX_PATH}:/opt/ros/jazzy DEBUGINFOD_URLS=https://debuginfod.ubuntu.com /usr/bin/cmake --build /home/airlab/ros2_ws/build/carla_msgs -- -j32 -l32
[1.087s] [  0%] [34m[1mGenerating type hashes for ROS interfaces[0m
[1.096s] [  0%] Built target ament_cmake_python_symlink_carla_msgs
[1.214s] running egg_info
[1.223s] creating carla_msgs.egg-info
[1.223s] writing carla_msgs.egg-info/PKG-INFO
[1.223s] writing dependency_links to carla_msgs.egg-info/dependency_links.txt
[1.223s] writing top-level names to carla_msgs.egg-info/top_level.txt
[1.223s] writing manifest file 'carla_msgs.egg-info/SOURCES.txt'
[1.254s] reading manifest file 'carla_msgs.egg-info/SOURCES.txt'
[1.254s] writing manifest file 'carla_msgs.egg-info/SOURCES.txt'
[1.269s] [  0%] Built target ament_cmake_python_build_carla_msgs_egg
[1.468s] [  0%] Built target carla_msgs__rosidl_generator_type_description
[1.476s] [  1%] [34m[1mGenerating C code for ROS interfaces[0m
[1.480s] [  1%] [34m[1mGenerating C++ code for ROS interfaces[0m
[2.190s] [  1%] Built target carla_msgs__cpp
[2.335s] [  1%] [32mBuilding C object CMakeFiles/carla_msgs__rosidl_generator_c.dir/rosidl_generator_c/carla_msgs/msg/detail/carla_bounding_box__description.c.o[0m
[2.338s] [  1%] [32mBuilding C object CMakeFiles/carla_msgs__rosidl_generator_c.dir/rosidl_generator_c/carla_msgs/msg/detail/carla_ego_vehicle_info_wheel__description.c.o[0m
[2.338s] [  4%] [32mBuilding C object CMakeFiles/carla_msgs__rosidl_generator_c.dir/rosidl_generator_c/carla_msgs/msg/detail/carla_ego_vehicle_info_wheel__type_support.c.o[0m
[2.338s] [  4%] [32mBuilding C object CMakeFiles/carla_msgs__rosidl_generator_c.dir/rosidl_generator_c/carla_msgs/msg/detail/carla_ego_vehicle_info__functions.c.o[0m
[2.338s] [  4%] [32mBuilding C object CMakeFiles/carla_msgs__rosidl_generator_c.dir/rosidl_generator_c/carla_msgs/msg/detail/carla_ego_vehicle_info__description.c.o[0m
[2.338s] [  4%] [32mBuilding C object CMakeFiles/carla_msgs__rosidl_generator_c.dir/rosidl_generator_c/carla_msgs/msg/detail/carla_ego_vehicle_control__functions.c.o[0m
[2.339s] [  5%] [32mBuilding C object CMakeFiles/carla_msgs__rosidl_generator_c.dir/rosidl_generator_c/carla_msgs/msg/detail/carla_bounding_box__type_support.c.o[0m
[2.339s] [  5%] [32mBuilding C object CMakeFiles/carla_msgs__rosidl_generator_c.dir/rosidl_generator_c/carla_msgs/msg/detail/carla_bounding_box__functions.c.o[0m
[2.339s] [  5%] [32mBuilding C object CMakeFiles/carla_msgs__rosidl_generator_c.dir/rosidl_generator_c/carla_msgs/msg/detail/carla_ego_vehicle_control__description.c.o[0m
[2.339s] [  6%] [32mBuilding C object CMakeFiles/carla_msgs__rosidl_generator_c.dir/rosidl_generator_c/carla_msgs/msg/detail/carla_collision_event__description.c.o[0m
[2.339s] [  6%] [32mBuilding C object CMakeFiles/carla_msgs__rosidl_generator_c.dir/rosidl_generator_c/carla_msgs/msg/detail/carla_ego_vehicle_control__type_support.c.o[0m
[2.339s] [  7%] [32mBuilding C object CMakeFiles/carla_msgs__rosidl_generator_c.dir/rosidl_generator_c/carla_msgs/msg/detail/carla_ego_vehicle_status__description.c.o[0m
[2.340s] [  8%] [32mBuilding C object CMakeFiles/carla_msgs__rosidl_generator_c.dir/rosidl_generator_c/carla_msgs/msg/detail/carla_ego_vehicle_status__type_support.c.o[0m
[2.340s] [  8%] [32mBuilding C object CMakeFiles/carla_msgs__rosidl_generator_c.dir/rosidl_generator_c/carla_msgs/msg/detail/carla_ego_vehicle_status__functions.c.o[0m
[2.340s] [  8%] [32mBuilding C object CMakeFiles/carla_msgs__rosidl_generator_c.dir/rosidl_generator_c/carla_msgs/msg/detail/carla_ego_vehicle_info_wheel__functions.c.o[0m
[2.340s] [  9%] [32mBuilding C object CMakeFiles/carla_msgs__rosidl_generator_c.dir/rosidl_generator_c/carla_msgs/msg/detail/carla_ego_vehicle_info__type_support.c.o[0m
[2.340s] [  9%] [32mBuilding C object CMakeFiles/carla_msgs__rosidl_generator_c.dir/rosidl_generator_c/carla_msgs/msg/detail/carla_lane_invasion_event__description.c.o[0m
[2.340s] [  9%] [32mBuilding C object CMakeFiles/carla_msgs__rosidl_generator_c.dir/rosidl_generator_c/carla_msgs/msg/detail/carla_collision_event__functions.c.o[0m
[2.340s] [  9%] [32mBuilding C object CMakeFiles/carla_msgs__rosidl_generator_c.dir/rosidl_generator_c/carla_msgs/msg/detail/carla_collision_event__type_support.c.o[0m
[2.340s] [ 10%] [32mBuilding C object CMakeFiles/carla_msgs__rosidl_generator_c.dir/rosidl_generator_c/carla_msgs/msg/detail/carla_lane_invasion_event__type_support.c.o[0m
[2.341s] [ 10%] [32mBuilding C object CMakeFiles/carla_msgs__rosidl_generator_c.dir/rosidl_generator_c/carla_msgs/msg/detail/carla_world_info__description.c.o[0m
[2.341s] [ 10%] [32mBuilding C object CMakeFiles/carla_msgs__rosidl_generator_c.dir/rosidl_generator_c/carla_msgs/msg/detail/carla_lane_invasion_event__functions.c.o[0m
[2.341s] [ 11%] [32mBuilding C object CMakeFiles/carla_msgs__rosidl_generator_c.dir/rosidl_generator_c/carla_msgs/msg/detail/carla_actor_info__functions.c.o[0m
[2.341s] [ 12%] [32mBuilding C object CMakeFiles/carla_msgs__rosidl_generator_c.dir/rosidl_generator_c/carla_msgs/msg/detail/carla_world_info__functions.c.o[0m
[2.341s] [ 12%] [32mBuilding C object CMakeFiles/carla_msgs__rosidl_generator_c.dir/rosidl_generator_c/carla_msgs/msg/detail/carla_actor_info__description.c.o[0m
[2.341s] [ 12%] [32mBuilding C object CMakeFiles/carla_msgs__rosidl_generator_c.dir/rosidl_generator_c/carla_msgs/msg/detail/carla_actor_info__type_support.c.o[0m
[2.341s] [ 12%] [32mBuilding C object CMakeFiles/carla_msgs__rosidl_generator_c.dir/rosidl_generator_c/carla_msgs/msg/detail/carla_actor_list__functions.c.o[0m
[2.341s] [ 12%] [32mBuilding C object CMakeFiles/carla_msgs__rosidl_generator_c.dir/rosidl_generator_c/carla_msgs/msg/detail/carla_control__description.c.o[0m
[2.342s] [ 13%] [32mBuilding C object CMakeFiles/carla_msgs__rosidl_generator_c.dir/rosidl_generator_c/carla_msgs/msg/detail/carla_actor_list__description.c.o[0m
[2.342s] [ 13%] [32mBuilding C object CMakeFiles/carla_msgs__rosidl_generator_c.dir/rosidl_generator_c/carla_msgs/msg/detail/carla_world_info__type_support.c.o[0m
[2.343s] [ 13%] [32mBuilding C object CMakeFiles/carla_msgs__rosidl_generator_c.dir/rosidl_generator_c/carla_msgs/msg/detail/carla_control__functions.c.o[0m
[2.345s] [ 14%] [32mBuilding C object CMakeFiles/carla_msgs__rosidl_generator_c.dir/rosidl_generator_c/carla_msgs/msg/detail/carla_actor_list__type_support.c.o[0m
[2.376s] [ 14%] [32mBuilding C object CMakeFiles/carla_msgs__rosidl_generator_c.dir/rosidl_generator_c/carla_msgs/msg/detail/carla_traffic_light_info__functions.c.o[0m
[2.376s] [ 14%] [32mBuilding C object CMakeFiles/carla_msgs__rosidl_generator_c.dir/rosidl_generator_c/carla_msgs/msg/detail/carla_status__description.c.o[0m
[2.376s] [ 16%] [32mBuilding C object CMakeFiles/carla_msgs__rosidl_generator_c.dir/rosidl_generator_c/carla_msgs/msg/detail/carla_status__functions.c.o[0m
[2.376s] [ 16%] [32mBuilding C object CMakeFiles/carla_msgs__rosidl_generator_c.dir/rosidl_generator_c/carla_msgs/msg/detail/carla_control__type_support.c.o[0m
[2.376s] [ 17%] [32mBuilding C object CMakeFiles/carla_msgs__rosidl_generator_c.dir/rosidl_generator_c/carla_msgs/msg/detail/carla_traffic_light_info__description.c.o[0m
[2.376s] [ 17%] [32mBuilding C object CMakeFiles/carla_msgs__rosidl_generator_c.dir/rosidl_generator_c/carla_msgs/msg/detail/carla_traffic_light_info__type_support.c.o[0m
[2.377s] [ 18%] [32mBuilding C object CMakeFiles/carla_msgs__rosidl_generator_c.dir/rosidl_generator_c/carla_msgs/msg/detail/carla_traffic_light_info_list__description.c.o[0m
[2.377s] [ 18%] [32mBuilding C object CMakeFiles/carla_msgs__rosidl_generator_c.dir/rosidl_generator_c/carla_msgs/msg/detail/carla_status__type_support.c.o[0m
[2.380s] [ 18%] [32mBuilding C object CMakeFiles/carla_msgs__rosidl_generator_c.dir/rosidl_generator_c/carla_msgs/msg/detail/carla_traffic_light_info_list__functions.c.o[0m
[2.386s] [ 18%] [32mBuilding C object CMakeFiles/carla_msgs__rosidl_generator_c.dir/rosidl_generator_c/carla_msgs/msg/detail/carla_traffic_light_status__description.c.o[0m
[2.386s] [ 19%] [32mBuilding C object CMakeFiles/carla_msgs__rosidl_generator_c.dir/rosidl_generator_c/carla_msgs/msg/detail/carla_traffic_light_info_list__type_support.c.o[0m
[2.386s] [ 20%] [32mBuilding C object CMakeFiles/carla_msgs__rosidl_generator_c.dir/rosidl_generator_c/carla_msgs/msg/detail/carla_traffic_light_status_list__description.c.o[0m
[2.386s] [ 20%] [32mBuilding C object CMakeFiles/carla_msgs__rosidl_generator_c.dir/rosidl_generator_c/carla_msgs/msg/detail/carla_traffic_light_status_list__functions.c.o[0m
[2.386s] [ 20%] [32mBuilding C object CMakeFiles/carla_msgs__rosidl_generator_c.dir/rosidl_generator_c/carla_msgs/msg/detail/carla_traffic_light_status__type_support.c.o[0m
[2.386s] [ 21%] [32mBuilding C object CMakeFiles/carla_msgs__rosidl_generator_c.dir/rosidl_generator_c/carla_msgs/msg/detail/carla_traffic_light_status__functions.c.o[0m
[2.386s] [ 22%] [32mBuilding C object CMakeFiles/carla_msgs__rosidl_generator_c.dir/rosidl_generator_c/carla_msgs/msg/detail/carla_walker_control__description.c.o[0m
[2.386s] [ 22%] [32mBuilding C object CMakeFiles/carla_msgs__rosidl_generator_c.dir/rosidl_generator_c/carla_msgs/msg/detail/carla_walker_control__functions.c.o[0m
[2.386s] [ 22%] [32mBuilding C object CMakeFiles/carla_msgs__rosidl_generator_c.dir/rosidl_generator_c/carla_msgs/msg/detail/carla_weather_parameters__description.c.o[0m
[2.391s] [ 22%] [32mBuilding C object CMakeFiles/carla_msgs__rosidl_generator_c.dir/rosidl_generator_c/carla_msgs/msg/detail/carla_traffic_light_status_list__type_support.c.o[0m
[2.391s] [ 22%] [32mBuilding C object CMakeFiles/carla_msgs__rosidl_generator_c.dir/rosidl_generator_c/carla_msgs/msg/detail/carla_weather_parameters__functions.c.o[0m
[2.391s] [ 23%] [32mBuilding C object CMakeFiles/carla_msgs__rosidl_generator_c.dir/rosidl_generator_c/carla_msgs/msg/detail/carla_walker_control__type_support.c.o[0m
[2.391s] [ 24%] [32mBuilding C object CMakeFiles/carla_msgs__rosidl_generator_c.dir/rosidl_generator_c/carla_msgs/msg/detail/carla_weather_parameters__type_support.c.o[0m
[2.391s] [ 24%] [32mBuilding C object CMakeFiles/carla_msgs__rosidl_generator_c.dir/rosidl_generator_c/carla_msgs/srv/detail/spawn_object__type_support.c.o[0m
[2.392s] [ 25%] [32mBuilding C object CMakeFiles/carla_msgs__rosidl_generator_c.dir/rosidl_generator_c/carla_msgs/srv/detail/spawn_object__functions.c.o[0m
[2.392s] [ 25%] [32mBuilding C object CMakeFiles/carla_msgs__rosidl_generator_c.dir/rosidl_generator_c/carla_msgs/srv/detail/spawn_object__description.c.o[0m
[2.393s] [ 26%] [32mBuilding C object CMakeFiles/carla_msgs__rosidl_generator_c.dir/rosidl_generator_c/carla_msgs/srv/detail/destroy_object__description.c.o[0m
[2.394s] [ 26%] [32mBuilding C object CMakeFiles/carla_msgs__rosidl_generator_c.dir/rosidl_generator_c/carla_msgs/srv/detail/destroy_object__functions.c.o[0m
[2.394s] [ 26%] [32mBuilding C object CMakeFiles/carla_msgs__rosidl_generator_c.dir/rosidl_generator_c/carla_msgs/srv/detail/destroy_object__type_support.c.o[0m
[2.398s] [ 26%] [32mBuilding C object CMakeFiles/carla_msgs__rosidl_generator_c.dir/rosidl_generator_c/carla_msgs/srv/detail/get_blueprints__functions.c.o[0m
[2.399s] [ 27%] [32mBuilding C object CMakeFiles/carla_msgs__rosidl_generator_c.dir/rosidl_generator_c/carla_msgs/srv/detail/get_blueprints__description.c.o[0m
[2.399s] [ 28%] [32mBuilding C object CMakeFiles/carla_msgs__rosidl_generator_c.dir/rosidl_generator_c/carla_msgs/srv/detail/get_blueprints__type_support.c.o[0m
[2.442s] [ 28%] [32m[1mLinking C shared library libcarla_msgs__rosidl_generator_c.so[0m
[2.476s] [ 28%] Built target carla_msgs__rosidl_generator_c
[2.483s] [ 29%] [34m[1mGenerating C++ type support for eProsima Fast-RTPS[0m
[2.483s] [ 30%] [34m[1mGenerating C type support dispatch for ROS interfaces[0m
[2.483s] [ 30%] [34m[1mGenerating C type support for eProsima Fast-RTPS[0m
[2.483s] [ 30%] [34m[1mGenerating C++ type support dispatch for ROS interfaces[0m
[2.483s] [ 30%] [34m[1mGenerating C introspection for ROS interfaces[0m
[2.483s] [ 31%] [34m[1mGenerating C++ introspection for ROS interfaces[0m
[2.966s] [ 31%] [32mBuilding CXX object CMakeFiles/carla_msgs__rosidl_typesupport_cpp.dir/rosidl_typesupport_cpp/carla_msgs/msg/carla_ego_vehicle_info__type_support.cpp.o[0m
[2.967s] [ 32%] [32mBuilding CXX object CMakeFiles/carla_msgs__rosidl_typesupport_cpp.dir/rosidl_typesupport_cpp/carla_msgs/msg/carla_control__type_support.cpp.o[0m
[2.967s] [ 32%] [32mBuilding CXX object CMakeFiles/carla_msgs__rosidl_typesupport_cpp.dir/rosidl_typesupport_cpp/carla_msgs/msg/carla_lane_invasion_event__type_support.cpp.o[0m
[2.967s] [ 32%] [32mBuilding CXX object CMakeFiles/carla_msgs__rosidl_typesupport_cpp.dir/rosidl_typesupport_cpp/carla_msgs/msg/carla_actor_info__type_support.cpp.o[0m
[2.967s] [ 33%] [32mBuilding CXX object CMakeFiles/carla_msgs__rosidl_typesupport_cpp.dir/rosidl_typesupport_cpp/carla_msgs/msg/carla_bounding_box__type_support.cpp.o[0m
[2.967s] [ 33%] [32mBuilding CXX object CMakeFiles/carla_msgs__rosidl_typesupport_cpp.dir/rosidl_typesupport_cpp/carla_msgs/msg/carla_traffic_light_info_list__type_support.cpp.o[0m
[2.967s] [ 33%] [32mBuilding CXX object CMakeFiles/carla_msgs__rosidl_typesupport_cpp.dir/rosidl_typesupport_cpp/carla_msgs/msg/carla_ego_vehicle_control__type_support.cpp.o[0m
[2.967s] [ 35%] [32mBuilding CXX object CMakeFiles/carla_msgs__rosidl_typesupport_cpp.dir/rosidl_typesupport_cpp/carla_msgs/msg/carla_world_info__type_support.cpp.o[0m
[2.968s] [ 35%] [32mBuilding CXX object CMakeFiles/carla_msgs__rosidl_typesupport_cpp.dir/rosidl_typesupport_cpp/carla_msgs/msg/carla_ego_vehicle_status__type_support.cpp.o[0m
[2.968s] [ 36%] [32mBuilding CXX object CMakeFiles/carla_msgs__rosidl_typesupport_cpp.dir/rosidl_typesupport_cpp/carla_msgs/msg/carla_collision_event__type_support.cpp.o[0m
[2.968s] [ 36%] [32mBuilding CXX object CMakeFiles/carla_msgs__rosidl_typesupport_cpp.dir/rosidl_typesupport_cpp/carla_msgs/msg/carla_ego_vehicle_info_wheel__type_support.cpp.o[0m
[2.968s] [ 36%] [32mBuilding CXX object CMakeFiles/carla_msgs__rosidl_typesupport_cpp.dir/rosidl_typesupport_cpp/carla_msgs/msg/carla_actor_list__type_support.cpp.o[0m
[2.969s] [ 37%] [32mBuilding CXX object CMakeFiles/carla_msgs__rosidl_typesupport_cpp.dir/rosidl_typesupport_cpp/carla_msgs/msg/carla_traffic_light_status__type_support.cpp.o[0m
[2.969s] [ 37%] [32mBuilding CXX object CMakeFiles/carla_msgs__rosidl_typesupport_cpp.dir/rosidl_typesupport_cpp/carla_msgs/srv/spawn_object__type_support.cpp.o[0m
[2.969s] [ 37%] [32mBuilding CXX object CMakeFiles/carla_msgs__rosidl_typesupport_cpp.dir/rosidl_typesupport_cpp/carla_msgs/msg/carla_status__type_support.cpp.o[0m
[2.969s] [ 38%] [32mBuilding CXX object CMakeFiles/carla_msgs__rosidl_typesupport_cpp.dir/rosidl_typesupport_cpp/carla_msgs/msg/carla_traffic_light_info__type_support.cpp.o[0m
[2.969s] [ 38%] [32mBuilding CXX object CMakeFiles/carla_msgs__rosidl_typesupport_cpp.dir/rosidl_typesupport_cpp/carla_msgs/srv/get_blueprints__type_support.cpp.o[0m
[2.970s] [ 38%] [32mBuilding CXX object CMakeFiles/carla_msgs__rosidl_typesupport_cpp.dir/rosidl_typesupport_cpp/carla_msgs/msg/carla_walker_control__type_support.cpp.o[0m
[2.970s] [ 38%] [32mBuilding CXX object CMakeFiles/carla_msgs__rosidl_typesupport_cpp.dir/rosidl_typesupport_cpp/carla_msgs/msg/carla_traffic_light_status_list__type_support.cpp.o[0m
[2.970s] [ 39%] [32mBuilding CXX object CMakeFiles/carla_msgs__rosidl_typesupport_cpp.dir/rosidl_typesupport_cpp/carla_msgs/msg/carla_weather_parameters__type_support.cpp.o[0m
[2.970s] [ 40%] [32mBuilding CXX object CMakeFiles/carla_msgs__rosidl_typesupport_cpp.dir/rosidl_typesupport_cpp/carla_msgs/srv/destroy_object__type_support.cpp.o[0m
[2.974s] [ 41%] [32mBuilding CXX object CMakeFiles/carla_msgs__rosidl_typesupport_c.dir/rosidl_typesupport_c/carla_msgs/msg/carla_ego_vehicle_info__type_support.cpp.o[0m
[2.974s] [ 41%] [32mBuilding CXX object CMakeFiles/carla_msgs__rosidl_typesupport_c.dir/rosidl_typesupport_c/carla_msgs/msg/carla_collision_event__type_support.cpp.o[0m
[2.975s] [ 42%] [32mBuilding CXX object CMakeFiles/carla_msgs__rosidl_typesupport_c.dir/rosidl_typesupport_c/carla_msgs/msg/carla_ego_vehicle_status__type_support.cpp.o[0m
[2.975s] [ 42%] [32mBuilding CXX object CMakeFiles/carla_msgs__rosidl_typesupport_c.dir/rosidl_typesupport_c/carla_msgs/msg/carla_ego_vehicle_info_wheel__type_support.cpp.o[0m
[2.975s] [ 43%] [32mBuilding CXX object CMakeFiles/carla_msgs__rosidl_typesupport_c.dir/rosidl_typesupport_c/carla_msgs/msg/carla_bounding_box__type_support.cpp.o[0m
[2.975s] [ 43%] [32mBuilding CXX object CMakeFiles/carla_msgs__rosidl_typesupport_c.dir/rosidl_typesupport_c/carla_msgs/msg/carla_ego_vehicle_control__type_support.cpp.o[0m
[2.976s] [ 43%] [32mBuilding CXX object CMakeFiles/carla_msgs__rosidl_typesupport_c.dir/rosidl_typesupport_c/carla_msgs/msg/carla_lane_invasion_event__type_support.cpp.o[0m
[3.010s] [ 44%] [32mBuilding CXX object CMakeFiles/carla_msgs__rosidl_typesupport_c.dir/rosidl_typesupport_c/carla_msgs/msg/carla_actor_list__type_support.cpp.o[0m
[3.013s] [ 44%] [32mBuilding CXX object CMakeFiles/carla_msgs__rosidl_typesupport_c.dir/rosidl_typesupport_c/carla_msgs/msg/carla_control__type_support.cpp.o[0m
[3.013s] [ 44%] [32mBuilding CXX object CMakeFiles/carla_msgs__rosidl_typesupport_c.dir/rosidl_typesupport_c/carla_msgs/msg/carla_actor_info__type_support.cpp.o[0m
[3.013s] [ 45%] [32mBuilding CXX object CMakeFiles/carla_msgs__rosidl_typesupport_c.dir/rosidl_typesupport_c/carla_msgs/msg/carla_status__type_support.cpp.o[0m
[3.017s] [ 46%] [32mBuilding CXX object CMakeFiles/carla_msgs__rosidl_typesupport_c.dir/rosidl_typesupport_c/carla_msgs/msg/carla_world_info__type_support.cpp.o[0m
[3.018s] [ 46%] [32mBuilding CXX object CMakeFiles/carla_msgs__rosidl_typesupport_c.dir/rosidl_typesupport_c/carla_msgs/msg/carla_traffic_light_info__type_support.cpp.o[0m
[3.022s] [ 46%] [32mBuilding CXX object CMakeFiles/carla_msgs__rosidl_typesupport_c.dir/rosidl_typesupport_c/carla_msgs/msg/carla_traffic_light_info_list__type_support.cpp.o[0m
[3.042s] [ 47%] [32mBuilding CXX object CMakeFiles/carla_msgs__rosidl_typesupport_c.dir/rosidl_typesupport_c/carla_msgs/msg/carla_traffic_light_status__type_support.cpp.o[0m
[3.048s] [ 48%] [32mBuilding CXX object CMakeFiles/carla_msgs__rosidl_typesupport_c.dir/rosidl_typesupport_c/carla_msgs/msg/carla_traffic_light_status_list__type_support.cpp.o[0m
[3.048s] [ 48%] [32mBuilding CXX object CMakeFiles/carla_msgs__rosidl_typesupport_c.dir/rosidl_typesupport_c/carla_msgs/msg/carla_walker_control__type_support.cpp.o[0m
[3.050s] [ 48%] [32mBuilding CXX object CMakeFiles/carla_msgs__rosidl_typesupport_c.dir/rosidl_typesupport_c/carla_msgs/msg/carla_weather_parameters__type_support.cpp.o[0m
[3.053s] [ 49%] [32mBuilding CXX object CMakeFiles/carla_msgs__rosidl_typesupport_c.dir/rosidl_typesupport_c/carla_msgs/srv/spawn_object__type_support.cpp.o[0m
[3.054s] [ 49%] [32mBuilding CXX object CMakeFiles/carla_msgs__rosidl_typesupport_c.dir/rosidl_typesupport_c/carla_msgs/srv/destroy_object__type_support.cpp.o[0m
[3.068s] [ 49%] [32mBuilding CXX object CMakeFiles/carla_msgs__rosidl_typesupport_c.dir/rosidl_typesupport_c/carla_msgs/srv/get_blueprints__type_support.cpp.o[0m
[3.104s] [ 50%] [32m[1mLinking CXX shared library libcarla_msgs__rosidl_typesupport_c.so[0m
[3.135s] [ 50%] [32mBuilding C object CMakeFiles/carla_msgs__rosidl_typesupport_introspection_c.dir/rosidl_typesupport_introspection_c/carla_msgs/msg/detail/carla_ego_vehicle_status__type_support.c.o[0m
[3.136s] [ 50%] [32mBuilding C object CMakeFiles/carla_msgs__rosidl_typesupport_introspection_c.dir/rosidl_typesupport_introspection_c/carla_msgs/msg/detail/carla_bounding_box__type_support.c.o[0m
[3.139s] [ 51%] [32mBuilding C object CMakeFiles/carla_msgs__rosidl_typesupport_introspection_c.dir/rosidl_typesupport_introspection_c/carla_msgs/msg/detail/carla_ego_vehicle_control__type_support.c.o[0m
[3.139s] [ 51%] [32mBuilding C object CMakeFiles/carla_msgs__rosidl_typesupport_introspection_c.dir/rosidl_typesupport_introspection_c/carla_msgs/msg/detail/carla_collision_event__type_support.c.o[0m
[3.142s] [ 52%] [32mBuilding C object CMakeFiles/carla_msgs__rosidl_typesupport_introspection_c.dir/rosidl_typesupport_introspection_c/carla_msgs/msg/detail/carla_lane_invasion_event__type_support.c.o[0m
[3.142s] [ 52%] Built target carla_msgs__rosidl_typesupport_c
[3.144s] [ 53%] [32mBuilding C object CMakeFiles/carla_msgs__rosidl_typesupport_introspection_c.dir/rosidl_typesupport_introspection_c/carla_msgs/msg/detail/carla_ego_vehicle_info__type_support.c.o[0m
[3.147s] [ 53%] [32mBuilding C object CMakeFiles/carla_msgs__rosidl_typesupport_introspection_c.dir/rosidl_typesupport_introspection_c/carla_msgs/msg/detail/carla_ego_vehicle_info_wheel__type_support.c.o[0m
[3.153s] [ 53%] [32mBuilding C object CMakeFiles/carla_msgs__rosidl_typesupport_introspection_c.dir/rosidl_typesupport_introspection_c/carla_msgs/msg/detail/carla_world_info__type_support.c.o[0m
[3.173s] [ 54%] [32mBuilding C object CMakeFiles/carla_msgs__rosidl_typesupport_introspection_c.dir/rosidl_typesupport_introspection_c/carla_msgs/msg/detail/carla_actor_info__type_support.c.o[0m
[3.174s] [ 54%] [32mBuilding C object CMakeFiles/carla_msgs__rosidl_typesupport_introspection_c.dir/rosidl_typesupport_introspection_c/carla_msgs/msg/detail/carla_control__type_support.c.o[0m
[3.176s] [ 54%] [32mBuilding C object CMakeFiles/carla_msgs__rosidl_typesupport_introspection_c.dir/rosidl_typesupport_introspection_c/carla_msgs/msg/detail/carla_actor_list__type_support.c.o[0m
[3.178s] [ 55%] [32mBuilding C object CMakeFiles/carla_msgs__rosidl_typesupport_introspection_c.dir/rosidl_typesupport_introspection_c/carla_msgs/msg/detail/carla_status__type_support.c.o[0m
[3.179s] [ 55%] [32mBuilding C object CMakeFiles/carla_msgs__rosidl_typesupport_introspection_c.dir/rosidl_typesupport_introspection_c/carla_msgs/msg/detail/carla_traffic_light_info__type_support.c.o[0m
[3.183s] [ 55%] [32mBuilding C object CMakeFiles/carla_msgs__rosidl_typesupport_introspection_c.dir/rosidl_typesupport_introspection_c/carla_msgs/msg/detail/carla_traffic_light_status__type_support.c.o[0m
[3.186s] [ 56%] [32mBuilding C object CMakeFiles/carla_msgs__rosidl_typesupport_introspection_c.dir/rosidl_typesupport_introspection_c/carla_msgs/msg/detail/carla_traffic_light_info_list__type_support.c.o[0m
[3.186s] [ 57%] [32mBuilding C object CMakeFiles/carla_msgs__rosidl_typesupport_introspection_c.dir/rosidl_typesupport_introspection_c/carla_msgs/msg/detail/carla_traffic_light_status_list__type_support.c.o[0m
[3.186s] [ 57%] [32mBuilding C object CMakeFiles/carla_msgs__rosidl_typesupport_introspection_c.dir/rosidl_typesupport_introspection_c/carla_msgs/msg/detail/carla_walker_control__type_support.c.o[0m
[3.194s] [ 58%] [32mBuilding C object CMakeFiles/carla_msgs__rosidl_typesupport_introspection_c.dir/rosidl_typesupport_introspection_c/carla_msgs/srv/detail/spawn_object__type_support.c.o[0m
[3.198s] [ 58%] [32mBuilding C object CMakeFiles/carla_msgs__rosidl_typesupport_introspection_c.dir/rosidl_typesupport_introspection_c/carla_msgs/msg/detail/carla_weather_parameters__type_support.c.o[0m
[3.200s] [ 58%] [32mBuilding C object CMakeFiles/carla_msgs__rosidl_typesupport_introspection_c.dir/rosidl_typesupport_introspection_c/carla_msgs/srv/detail/destroy_object__type_support.c.o[0m
[3.201s] [ 59%] [32mBuilding C object CMakeFiles/carla_msgs__rosidl_typesupport_introspection_c.dir/rosidl_typesupport_introspection_c/carla_msgs/srv/detail/get_blueprints__type_support.c.o[0m
[3.236s] [ 59%] [32m[1mLinking C shared library libcarla_msgs__rosidl_typesupport_introspection_c.so[0m
[3.250s] [ 60%] [32mBuilding CXX object CMakeFiles/carla_msgs__rosidl_typesupport_introspection_cpp.dir/rosidl_typesupport_introspection_cpp/carla_msgs/msg/detail/carla_actor_list__type_support.cpp.o[0m
[3.250s] [ 61%] [32mBuilding CXX object CMakeFiles/carla_msgs__rosidl_typesupport_introspection_cpp.dir/rosidl_typesupport_introspection_cpp/carla_msgs/msg/detail/carla_status__type_support.cpp.o[0m
[3.250s] [ 61%] [32mBuilding CXX object CMakeFiles/carla_msgs__rosidl_typesupport_introspection_cpp.dir/rosidl_typesupport_introspection_cpp/carla_msgs/msg/detail/carla_bounding_box__type_support.cpp.o[0m
[3.250s] [ 61%] [32mBuilding CXX object CMakeFiles/carla_msgs__rosidl_typesupport_introspection_cpp.dir/rosidl_typesupport_introspection_cpp/carla_msgs/msg/detail/carla_ego_vehicle_control__type_support.cpp.o[0m
[3.250s] [ 61%] [32mBuilding CXX object CMakeFiles/carla_msgs__rosidl_typesupport_introspection_cpp.dir/rosidl_typesupport_introspection_cpp/carla_msgs/msg/detail/carla_ego_vehicle_info_wheel__type_support.cpp.o[0m
[3.250s] [ 62%] [32mBuilding CXX object CMakeFiles/carla_msgs__rosidl_typesupport_introspection_cpp.dir/rosidl_typesupport_introspection_cpp/carla_msgs/msg/detail/carla_world_info__type_support.cpp.o[0m
[3.250s] [ 62%] [32mBuilding CXX object CMakeFiles/carla_msgs__rosidl_typesupport_introspection_cpp.dir/rosidl_typesupport_introspection_cpp/carla_msgs/msg/detail/carla_ego_vehicle_info__type_support.cpp.o[0m
[3.250s] [ 63%] [32mBuilding CXX object CMakeFiles/carla_msgs__rosidl_typesupport_introspection_cpp.dir/rosidl_typesupport_introspection_cpp/carla_msgs/msg/detail/carla_ego_vehicle_status__type_support.cpp.o[0m
[3.251s] [ 63%] [32mBuilding CXX object CMakeFiles/carla_msgs__rosidl_typesupport_introspection_cpp.dir/rosidl_typesupport_introspection_cpp/carla_msgs/msg/detail/carla_collision_event__type_support.cpp.o[0m
[3.251s] [ 64%] [32mBuilding CXX object CMakeFiles/carla_msgs__rosidl_typesupport_introspection_cpp.dir/rosidl_typesupport_introspection_cpp/carla_msgs/msg/detail/carla_lane_invasion_event__type_support.cpp.o[0m
[3.251s] [ 64%] [32mBuilding CXX object CMakeFiles/carla_msgs__rosidl_typesupport_introspection_cpp.dir/rosidl_typesupport_introspection_cpp/carla_msgs/msg/detail/carla_traffic_light_status__type_support.cpp.o[0m
[3.251s] [ 64%] [32mBuilding CXX object CMakeFiles/carla_msgs__rosidl_typesupport_introspection_cpp.dir/rosidl_typesupport_introspection_cpp/carla_msgs/msg/detail/carla_control__type_support.cpp.o[0m
[3.251s] [ 65%] [32mBuilding CXX object CMakeFiles/carla_msgs__rosidl_typesupport_introspection_cpp.dir/rosidl_typesupport_introspection_cpp/carla_msgs/srv/detail/spawn_object__type_support.cpp.o[0m
[3.251s] [ 65%] [32mBuilding CXX object CMakeFiles/carla_msgs__rosidl_typesupport_introspection_cpp.dir/rosidl_typesupport_introspection_cpp/carla_msgs/msg/detail/carla_traffic_light_status_list__type_support.cpp.o[0m
[3.251s] [ 66%] [32mBuilding CXX object CMakeFiles/carla_msgs__rosidl_typesupport_introspection_cpp.dir/rosidl_typesupport_introspection_cpp/carla_msgs/msg/detail/carla_walker_control__type_support.cpp.o[0m
[3.252s] [ 67%] [32mBuilding CXX object CMakeFiles/carla_msgs__rosidl_typesupport_introspection_cpp.dir/rosidl_typesupport_introspection_cpp/carla_msgs/srv/detail/get_blueprints__type_support.cpp.o[0m
[3.252s] [ 67%] [32mBuilding CXX object CMakeFiles/carla_msgs__rosidl_typesupport_introspection_cpp.dir/rosidl_typesupport_introspection_cpp/carla_msgs/msg/detail/carla_traffic_light_info__type_support.cpp.o[0m
[3.252s] [ 67%] [32mBuilding CXX object CMakeFiles/carla_msgs__rosidl_typesupport_introspection_cpp.dir/rosidl_typesupport_introspection_cpp/carla_msgs/srv/detail/destroy_object__type_support.cpp.o[0m
[3.252s] [ 68%] [32mBuilding CXX object CMakeFiles/carla_msgs__rosidl_typesupport_introspection_cpp.dir/rosidl_typesupport_introspection_cpp/carla_msgs/msg/detail/carla_traffic_light_info_list__type_support.cpp.o[0m
[3.252s] [ 68%] [32mBuilding CXX object CMakeFiles/carla_msgs__rosidl_typesupport_introspection_cpp.dir/rosidl_typesupport_introspection_cpp/carla_msgs/msg/detail/carla_weather_parameters__type_support.cpp.o[0m
[3.259s] [ 68%] [32mBuilding CXX object CMakeFiles/carla_msgs__rosidl_typesupport_introspection_cpp.dir/rosidl_typesupport_introspection_cpp/carla_msgs/msg/detail/carla_actor_info__type_support.cpp.o[0m
[3.273s] [ 68%] Built target carla_msgs__rosidl_typesupport_introspection_c
[3.304s] [ 69%] [32m[1mLinking CXX shared library libcarla_msgs__rosidl_typesupport_cpp.so[0m
[3.385s] [ 69%] Built target carla_msgs__rosidl_typesupport_cpp
[3.418s] [ 69%] [32mBuilding CXX object CMakeFiles/carla_msgs__rosidl_typesupport_fastrtps_cpp.dir/rosidl_typesupport_fastrtps_cpp/carla_msgs/msg/detail/dds_fastrtps/carla_bounding_box__type_support.cpp.o[0m
[3.419s] [ 69%] [32mBuilding CXX object CMakeFiles/carla_msgs__rosidl_typesupport_fastrtps_cpp.dir/rosidl_typesupport_fastrtps_cpp/carla_msgs/msg/detail/dds_fastrtps/carla_collision_event__type_support.cpp.o[0m
[3.422s] [ 69%] [32mBuilding CXX object CMakeFiles/carla_msgs__rosidl_typesupport_fastrtps_cpp.dir/rosidl_typesupport_fastrtps_cpp/carla_msgs/msg/detail/dds_fastrtps/carla_ego_vehicle_status__type_support.cpp.o[0m
[3.422s] [ 69%] [32mBuilding CXX object CMakeFiles/carla_msgs__rosidl_typesupport_fastrtps_cpp.dir/rosidl_typesupport_fastrtps_cpp/carla_msgs/msg/detail/dds_fastrtps/carla_ego_vehicle_info__type_support.cpp.o[0m
[3.422s] [ 70%] [32mBuilding CXX object CMakeFiles/carla_msgs__rosidl_typesupport_fastrtps_cpp.dir/rosidl_typesupport_fastrtps_cpp/carla_msgs/msg/detail/dds_fastrtps/carla_ego_vehicle_control__type_support.cpp.o[0m
[3.423s] [ 71%] [32mBuilding CXX object CMakeFiles/carla_msgs__rosidl_typesupport_fastrtps_cpp.dir/rosidl_typesupport_fastrtps_cpp/carla_msgs/msg/detail/dds_fastrtps/carla_lane_invasion_event__type_support.cpp.o[0m
[3.423s] [ 72%] [32mBuilding CXX object CMakeFiles/carla_msgs__rosidl_typesupport_fastrtps_cpp.dir/rosidl_typesupport_fastrtps_cpp/carla_msgs/msg/detail/dds_fastrtps/carla_ego_vehicle_info_wheel__type_support.cpp.o[0m
[3.424s] [ 72%] [32mBuilding CXX object CMakeFiles/carla_msgs__rosidl_typesupport_fastrtps_cpp.dir/rosidl_typesupport_fastrtps_cpp/carla_msgs/msg/detail/dds_fastrtps/carla_actor_list__type_support.cpp.o[0m
[3.425s] [ 72%] [32mBuilding CXX object CMakeFiles/carla_msgs__rosidl_typesupport_fastrtps_c.dir/rosidl_typesupport_fastrtps_c/carla_msgs/msg/detail/carla_bounding_box__type_support_c.cpp.o[0m
[3.426s] [ 72%] [32mBuilding CXX object CMakeFiles/carla_msgs__rosidl_typesupport_fastrtps_cpp.dir/rosidl_typesupport_fastrtps_cpp/carla_msgs/msg/detail/dds_fastrtps/carla_world_info__type_support.cpp.o[0m
[3.427s] [ 73%] [32mBuilding CXX object CMakeFiles/carla_msgs__rosidl_typesupport_fastrtps_cpp.dir/rosidl_typesupport_fastrtps_cpp/carla_msgs/msg/detail/dds_fastrtps/carla_actor_info__type_support.cpp.o[0m
[3.429s] [ 74%] [32mBuilding CXX object CMakeFiles/carla_msgs__rosidl_typesupport_fastrtps_cpp.dir/rosidl_typesupport_fastrtps_cpp/carla_msgs/msg/detail/dds_fastrtps/carla_control__type_support.cpp.o[0m
[3.431s] [ 75%] [32mBuilding CXX object CMakeFiles/carla_msgs__rosidl_typesupport_fastrtps_c.dir/rosidl_typesupport_fastrtps_c/carla_msgs/msg/detail/carla_ego_vehicle_control__type_support_c.cpp.o[0m
[3.434s] [ 75%] [32mBuilding CXX object CMakeFiles/carla_msgs__rosidl_typesupport_fastrtps_cpp.dir/rosidl_typesupport_fastrtps_cpp/carla_msgs/msg/detail/dds_fastrtps/carla_status__type_support.cpp.o[0m
[3.438s] [ 75%] [32mBuilding CXX object CMakeFiles/carla_msgs__rosidl_typesupport_fastrtps_c.dir/rosidl_typesupport_fastrtps_c/carla_msgs/msg/detail/carla_ego_vehicle_status__type_support_c.cpp.o[0m
[3.457s] [ 76%] [32mBuilding CXX object CMakeFiles/carla_msgs__rosidl_typesupport_fastrtps_c.dir/rosidl_typesupport_fastrtps_c/carla_msgs/msg/detail/carla_ego_vehicle_info_wheel__type_support_c.cpp.o[0m
[3.462s] [ 76%] [32mBuilding CXX object CMakeFiles/carla_msgs__rosidl_typesupport_fastrtps_cpp.dir/rosidl_typesupport_fastrtps_cpp/carla_msgs/msg/detail/dds_fastrtps/carla_traffic_light_info__type_support.cpp.o[0m
[3.500s] [ 76%] [32mBuilding CXX object CMakeFiles/carla_msgs__rosidl_typesupport_fastrtps_c.dir/rosidl_typesupport_fastrtps_c/carla_msgs/msg/detail/carla_ego_vehicle_info__type_support_c.cpp.o[0m
[3.522s] [ 76%] [32mBuilding CXX object CMakeFiles/carla_msgs__rosidl_typesupport_fastrtps_c.dir/rosidl_typesupport_fastrtps_c/carla_msgs/msg/detail/carla_lane_invasion_event__type_support_c.cpp.o[0m
[3.522s] [ 77%] [32mBuilding CXX object CMakeFiles/carla_msgs__rosidl_typesupport_fastrtps_c.dir/rosidl_typesupport_fastrtps_c/carla_msgs/msg/detail/carla_collision_event__type_support_c.cpp.o[0m
[3.526s] [ 78%] [32mBuilding CXX object CMakeFiles/carla_msgs__rosidl_typesupport_fastrtps_cpp.dir/rosidl_typesupport_fastrtps_cpp/carla_msgs/msg/detail/dds_fastrtps/carla_traffic_light_info_list__type_support.cpp.o[0m
[3.526s] [ 78%] [32mBuilding CXX object CMakeFiles/carla_msgs__rosidl_typesupport_fastrtps_c.dir/rosidl_typesupport_fastrtps_c/carla_msgs/msg/detail/carla_world_info__type_support_c.cpp.o[0m
[3.527s] [ 78%] [32mBuilding CXX object CMakeFiles/carla_msgs__rosidl_typesupport_fastrtps_cpp.dir/rosidl_typesupport_fastrtps_cpp/carla_msgs/msg/detail/dds_fastrtps/carla_traffic_light_status__type_support.cpp.o[0m
[3.530s] [ 80%] [32mBuilding CXX object CMakeFiles/carla_msgs__rosidl_typesupport_fastrtps_cpp.dir/rosidl_typesupport_fastrtps_cpp/carla_msgs/msg/detail/dds_fastrtps/carla_traffic_light_status_list__type_support.cpp.o[0m
[3.530s] [ 80%] [32mBuilding CXX object CMakeFiles/carla_msgs__rosidl_typesupport_fastrtps_c.dir/rosidl_typesupport_fastrtps_c/carla_msgs/msg/detail/carla_actor_info__type_support_c.cpp.o[0m
[3.548s] [ 80%] [32mBuilding CXX object CMakeFiles/carla_msgs__rosidl_typesupport_fastrtps_c.dir/rosidl_typesupport_fastrtps_c/carla_msgs/msg/detail/carla_actor_list__type_support_c.cpp.o[0m
[3.555s] [ 80%] [32mBuilding CXX object CMakeFiles/carla_msgs__rosidl_typesupport_fastrtps_cpp.dir/rosidl_typesupport_fastrtps_cpp/carla_msgs/msg/detail/dds_fastrtps/carla_walker_control__type_support.cpp.o[0m
[3.555s] [ 81%] [32mBuilding CXX object CMakeFiles/carla_msgs__rosidl_typesupport_fastrtps_c.dir/rosidl_typesupport_fastrtps_c/carla_msgs/msg/detail/carla_control__type_support_c.cpp.o[0m
[3.608s] [ 82%] [32mBuilding CXX object CMakeFiles/carla_msgs__rosidl_typesupport_fastrtps_cpp.dir/rosidl_typesupport_fastrtps_cpp/carla_msgs/msg/detail/dds_fastrtps/carla_weather_parameters__type_support.cpp.o[0m
[3.616s] [ 82%] [32mBuilding CXX object CMakeFiles/carla_msgs__rosidl_typesupport_fastrtps_cpp.dir/rosidl_typesupport_fastrtps_cpp/carla_msgs/srv/detail/dds_fastrtps/spawn_object__type_support.cpp.o[0m
[3.706s] [ 82%] [32mBuilding CXX object CMakeFiles/carla_msgs__rosidl_typesupport_fastrtps_c.dir/rosidl_typesupport_fastrtps_c/carla_msgs/msg/detail/carla_status__type_support_c.cpp.o[0m
[3.725s] [ 82%] [32m[1mLinking CXX shared library libcarla_msgs__rosidl_typesupport_introspection_cpp.so[0m
[3.784s] [ 83%] [32mBuilding CXX object CMakeFiles/carla_msgs__rosidl_typesupport_fastrtps_c.dir/rosidl_typesupport_fastrtps_c/carla_msgs/msg/detail/carla_traffic_light_info__type_support_c.cpp.o[0m
[3.786s] [ 83%] [32mBuilding CXX object CMakeFiles/carla_msgs__rosidl_typesupport_fastrtps_cpp.dir/rosidl_typesupport_fastrtps_cpp/carla_msgs/srv/detail/dds_fastrtps/destroy_object__type_support.cpp.o[0m
[3.786s] [ 83%] [32mBuilding CXX object CMakeFiles/carla_msgs__rosidl_typesupport_fastrtps_c.dir/rosidl_typesupport_fastrtps_c/carla_msgs/msg/detail/carla_traffic_light_info_list__type_support_c.cpp.o[0m
[3.795s] [ 84%] [32mBuilding CXX object CMakeFiles/carla_msgs__rosidl_typesupport_fastrtps_cpp.dir/rosidl_typesupport_fastrtps_cpp/carla_msgs/srv/detail/dds_fastrtps/get_blueprints__type_support.cpp.o[0m
[3.795s] [ 84%] [32mBuilding CXX object CMakeFiles/carla_msgs__rosidl_typesupport_fastrtps_c.dir/rosidl_typesupport_fastrtps_c/carla_msgs/msg/detail/carla_traffic_light_status__type_support_c.cpp.o[0m
[3.808s] [ 84%] [32mBuilding CXX object CMakeFiles/carla_msgs__rosidl_typesupport_fastrtps_c.dir/rosidl_typesupport_fastrtps_c/carla_msgs/msg/detail/carla_walker_control__type_support_c.cpp.o[0m
[3.808s] [ 85%] [32mBuilding CXX object CMakeFiles/carla_msgs__rosidl_typesupport_fastrtps_c.dir/rosidl_typesupport_fastrtps_c/carla_msgs/msg/detail/carla_traffic_light_status_list__type_support_c.cpp.o[0m
[3.810s] [ 85%] Built target carla_msgs__rosidl_typesupport_introspection_cpp
[3.820s] [ 85%] [32mBuilding CXX object CMakeFiles/carla_msgs__rosidl_typesupport_fastrtps_c.dir/rosidl_typesupport_fastrtps_c/carla_msgs/srv/detail/get_blueprints__type_support_c.cpp.o[0m
[3.821s] [ 86%] [32mBuilding CXX object CMakeFiles/carla_msgs__rosidl_typesupport_fastrtps_c.dir/rosidl_typesupport_fastrtps_c/carla_msgs/msg/detail/carla_weather_parameters__type_support_c.cpp.o[0m
[3.828s] [ 87%] [32mBuilding CXX object CMakeFiles/carla_msgs__rosidl_typesupport_fastrtps_c.dir/rosidl_typesupport_fastrtps_c/carla_msgs/srv/detail/destroy_object__type_support_c.cpp.o[0m
[3.828s] [ 87%] [32mBuilding CXX object CMakeFiles/carla_msgs__rosidl_typesupport_fastrtps_c.dir/rosidl_typesupport_fastrtps_c/carla_msgs/srv/detail/spawn_object__type_support_c.cpp.o[0m
[4.140s] [ 87%] [32m[1mLinking CXX shared library libcarla_msgs__rosidl_typesupport_fastrtps_c.so[0m
[4.171s] [ 87%] [32m[1mLinking CXX shared library libcarla_msgs__rosidl_typesupport_fastrtps_cpp.so[0m
[4.187s] [ 87%] Built target carla_msgs__rosidl_typesupport_fastrtps_c
[4.221s] [ 87%] Built target carla_msgs__rosidl_typesupport_fastrtps_cpp
[4.239s] [ 87%] Built target carla_msgs
[4.255s] [ 87%] [34m[1mGenerating Python code for ROS interfaces[0m
[5.447s] [ 87%] Built target carla_msgs__py
[5.462s] [ 87%] [32mBuilding C object CMakeFiles/carla_msgs__rosidl_generator_py.dir/rosidl_generator_py/carla_msgs/msg/_carla_ego_vehicle_info_s.c.o[0m
[5.462s] [ 88%] [32mBuilding C object CMakeFiles/carla_msgs__rosidl_generator_py.dir/rosidl_generator_py/carla_msgs/msg/_carla_world_info_s.c.o[0m
[5.462s] [ 89%] [32mBuilding C object CMakeFiles/carla_msgs__rosidl_generator_py.dir/rosidl_generator_py/carla_msgs/msg/_carla_control_s.c.o[0m
[5.462s] [ 90%] [32mBuilding C object CMakeFiles/carla_msgs__rosidl_generator_py.dir/rosidl_generator_py/carla_msgs/msg/_carla_traffic_light_info_s.c.o[0m
[5.463s] [ 91%] [32mBuilding C object CMakeFiles/carla_msgs__rosidl_generator_py.dir/rosidl_generator_py/carla_msgs/msg/_carla_actor_list_s.c.o[0m
[5.463s] [ 91%] [32mBuilding C object CMakeFiles/carla_msgs__rosidl_generator_py.dir/rosidl_generator_py/carla_msgs/msg/_carla_ego_vehicle_control_s.c.o[0m
[5.463s] [ 91%] [32mBuilding C object CMakeFiles/carla_msgs__rosidl_generator_py.dir/rosidl_generator_py/carla_msgs/msg/_carla_lane_invasion_event_s.c.o[0m
[5.463s] [ 91%] [32mBuilding C object CMakeFiles/carla_msgs__rosidl_generator_py.dir/rosidl_generator_py/carla_msgs/msg/_carla_bounding_box_s.c.o[0m
[5.463s] [ 92%] [32mBuilding C object CMakeFiles/carla_msgs__rosidl_generator_py.dir/rosidl_generator_py/carla_msgs/msg/_carla_traffic_light_status_list_s.c.o[0m
[5.463s] [ 92%] [32mBuilding C object CMakeFiles/carla_msgs__rosidl_generator_py.dir/rosidl_generator_py/carla_msgs/msg/_carla_ego_vehicle_status_s.c.o[0m
[5.463s] [ 92%] [32mBuilding C object CMakeFiles/carla_msgs__rosidl_generator_py.dir/rosidl_generator_py/carla_msgs/msg/_carla_ego_vehicle_info_wheel_s.c.o[0m
[5.463s] [ 93%] [32mBuilding C object CMakeFiles/carla_msgs__rosidl_generator_py.dir/rosidl_generator_py/carla_msgs/msg/_carla_weather_parameters_s.c.o[0m
[5.463s] [ 94%] [32mBuilding C object CMakeFiles/carla_msgs__rosidl_generator_py.dir/rosidl_generator_py/carla_msgs/msg/_carla_collision_event_s.c.o[0m
[5.464s] [ 94%] [32mBuilding C object CMakeFiles/carla_msgs__rosidl_generator_py.dir/rosidl_generator_py/carla_msgs/msg/_carla_actor_info_s.c.o[0m
[5.464s] [ 94%] [32mBuilding C object CMakeFiles/carla_msgs__rosidl_generator_py.dir/rosidl_generator_py/carla_msgs/msg/_carla_status_s.c.o[0m
[5.464s] [ 95%] [32mBuilding C object CMakeFiles/carla_msgs__rosidl_generator_py.dir/rosidl_generator_py/carla_msgs/srv/_destroy_object_s.c.o[0m
[5.464s] [ 95%] [32mBuilding C object CMakeFiles/carla_msgs__rosidl_generator_py.dir/rosidl_generator_py/carla_msgs/msg/_carla_traffic_light_info_list_s.c.o[0m
[5.465s] [ 95%] [32mBuilding C object CMakeFiles/carla_msgs__rosidl_generator_py.dir/rosidl_generator_py/carla_msgs/srv/_get_blueprints_s.c.o[0m
[5.465s] [ 96%] [32mBuilding C object CMakeFiles/carla_msgs__rosidl_generator_py.dir/rosidl_generator_py/carla_msgs/msg/_carla_traffic_light_status_s.c.o[0m
[5.465s] [ 96%] [32mBuilding C object CMakeFiles/carla_msgs__rosidl_generator_py.dir/rosidl_generator_py/carla_msgs/msg/_carla_walker_control_s.c.o[0m
[5.465s] [ 96%] [32mBuilding C object CMakeFiles/carla_msgs__rosidl_generator_py.dir/rosidl_generator_py/carla_msgs/srv/_spawn_object_s.c.o[0m
[5.595s] [ 97%] [32m[1mLinking C shared library libcarla_msgs__rosidl_generator_py.so[0m
[5.627s] [ 97%] Built target carla_msgs__rosidl_generator_py
[5.641s] [ 97%] [32mBuilding C object CMakeFiles/carla_msgs_s__rosidl_typesupport_fastrtps_c.dir/rosidl_generator_py/carla_msgs/_carla_msgs_s.ep.rosidl_typesupport_fastrtps_c.c.o[0m
[5.641s] [ 97%] [32mBuilding C object CMakeFiles/carla_msgs_s__rosidl_typesupport_c.dir/rosidl_generator_py/carla_msgs/_carla_msgs_s.ep.rosidl_typesupport_c.c.o[0m
[5.641s] [ 97%] [32mBuilding C object CMakeFiles/carla_msgs_s__rosidl_typesupport_introspection_c.dir/rosidl_generator_py/carla_msgs/_carla_msgs_s.ep.rosidl_typesupport_introspection_c.c.o[0m
[5.730s] [ 98%] [32m[1mLinking C shared module rosidl_generator_py/carla_msgs/carla_msgs_s__rosidl_typesupport_fastrtps_c.so[0m
[5.733s] [ 99%] [32m[1mLinking C shared module rosidl_generator_py/carla_msgs/carla_msgs_s__rosidl_typesupport_c.so[0m
[5.733s] [100%] [32m[1mLinking C shared module rosidl_generator_py/carla_msgs/carla_msgs_s__rosidl_typesupport_introspection_c.so[0m
[5.750s] [100%] Built target carla_msgs_s__rosidl_typesupport_c
[5.752s] [100%] Built target carla_msgs_s__rosidl_typesupport_fastrtps_c
[5.753s] [100%] Built target carla_msgs_s__rosidl_typesupport_introspection_c
[5.760s] Invoked command in '/home/airlab/ros2_ws/build/carla_msgs' returned '0': CMAKE_PREFIX_PATH=${CMAKE_PREFIX_PATH}:/opt/ros/jazzy DEBUGINFOD_URLS=https://debuginfod.ubuntu.com /usr/bin/cmake --build /home/airlab/ros2_ws/build/carla_msgs -- -j32 -l32
[5.770s] Invoking command in '/home/airlab/ros2_ws/build/carla_msgs': CMAKE_PREFIX_PATH=${CMAKE_PREFIX_PATH}:/opt/ros/jazzy DEBUGINFOD_URLS=https://debuginfod.ubuntu.com /usr/bin/cmake --install /home/airlab/ros2_ws/build/carla_msgs
[5.775s] -- Install configuration: ""
[5.776s] -- Execute custom install script
[5.776s] -- Symlinking: /home/airlab/ros2_ws/install/carla_msgs/share/ament_index/resource_index/rosidl_interfaces/carla_msgs
[5.781s] -- Symlinking: /home/airlab/ros2_ws/install/carla_msgs/share/carla_msgs/msg/CarlaBoundingBox.json
[5.787s] -- Symlinking: /home/airlab/ros2_ws/install/carla_msgs/share/carla_msgs/msg/CarlaEgoVehicleControl.json
[5.793s] -- Symlinking: /home/airlab/ros2_ws/install/carla_msgs/share/carla_msgs/msg/CarlaEgoVehicleStatus.json
[5.801s] -- Symlinking: /home/airlab/ros2_ws/install/carla_msgs/share/carla_msgs/msg/CarlaEgoVehicleInfoWheel.json
[5.806s] -- Symlinking: /home/airlab/ros2_ws/install/carla_msgs/share/carla_msgs/msg/CarlaEgoVehicleInfo.json
[5.811s] -- Symlinking: /home/airlab/ros2_ws/install/carla_msgs/share/carla_msgs/msg/CarlaCollisionEvent.json
[5.817s] -- Symlinking: /home/airlab/ros2_ws/install/carla_msgs/share/carla_msgs/msg/CarlaLaneInvasionEvent.json
[5.823s] -- Symlinking: /home/airlab/ros2_ws/install/carla_msgs/share/carla_msgs/msg/CarlaWorldInfo.json
[5.829s] -- Symlinking: /home/airlab/ros2_ws/install/carla_msgs/share/carla_msgs/msg/CarlaActorInfo.json
[5.835s] -- Symlinking: /home/airlab/ros2_ws/install/carla_msgs/share/carla_msgs/msg/CarlaActorList.json
[5.846s] -- Symlinking: /home/airlab/ros2_ws/install/carla_msgs/share/carla_msgs/msg/CarlaControl.json
[5.855s] -- Symlinking: /home/airlab/ros2_ws/install/carla_msgs/share/carla_msgs/msg/CarlaStatus.json
[5.864s] -- Symlinking: /home/airlab/ros2_ws/install/carla_msgs/share/carla_msgs/msg/CarlaTrafficLightInfo.json
[5.869s] -- Symlinking: /home/airlab/ros2_ws/install/carla_msgs/share/carla_msgs/msg/CarlaTrafficLightInfoList.json
[5.874s] -- Symlinking: /home/airlab/ros2_ws/install/carla_msgs/share/carla_msgs/msg/CarlaTrafficLightStatus.json
[5.880s] -- Symlinking: /home/airlab/ros2_ws/install/carla_msgs/share/carla_msgs/msg/CarlaTrafficLightStatusList.json
[5.885s] -- Symlinking: /home/airlab/ros2_ws/install/carla_msgs/share/carla_msgs/msg/CarlaWalkerControl.json
[5.890s] -- Symlinking: /home/airlab/ros2_ws/install/carla_msgs/share/carla_msgs/msg/CarlaWeatherParameters.json
[5.894s] -- Symlinking: /home/airlab/ros2_ws/install/carla_msgs/share/carla_msgs/srv/SpawnObject.json
[5.900s] -- Symlinking: /home/airlab/ros2_ws/install/carla_msgs/share/carla_msgs/srv/DestroyObject.json
[5.905s] -- Symlinking: /home/airlab/ros2_ws/install/carla_msgs/share/carla_msgs/srv/GetBlueprints.json
[5.914s] -- Symlinking: /home/airlab/ros2_ws/install/carla_msgs/include/carla_msgs/carla_msgs/msg/carla_actor_info.h
[5.920s] -- Symlinking: /home/airlab/ros2_ws/install/carla_msgs/include/carla_msgs/carla_msgs/msg/carla_actor_list.h
[5.925s] -- Symlinking: /home/airlab/ros2_ws/install/carla_msgs/include/carla_msgs/carla_msgs/msg/carla_bounding_box.h
[5.935s] -- Symlinking: /home/airlab/ros2_ws/install/carla_msgs/include/carla_msgs/carla_msgs/msg/carla_collision_event.h
[5.942s] -- Symlinking: /home/airlab/ros2_ws/install/carla_msgs/include/carla_msgs/carla_msgs/msg/carla_control.h
[5.946s] -- Symlinking: /home/airlab/ros2_ws/install/carla_msgs/include/carla_msgs/carla_msgs/msg/carla_ego_vehicle_control.h
[5.952s] -- Symlinking: /home/airlab/ros2_ws/install/carla_msgs/include/carla_msgs/carla_msgs/msg/carla_ego_vehicle_info.h
[5.957s] -- Symlinking: /home/airlab/ros2_ws/install/carla_msgs/include/carla_msgs/carla_msgs/msg/carla_ego_vehicle_info_wheel.h
[5.961s] -- Symlinking: /home/airlab/ros2_ws/install/carla_msgs/include/carla_msgs/carla_msgs/msg/carla_ego_vehicle_status.h
[5.965s] -- Symlinking: /home/airlab/ros2_ws/install/carla_msgs/include/carla_msgs/carla_msgs/msg/carla_lane_invasion_event.h
[5.969s] -- Symlinking: /home/airlab/ros2_ws/install/carla_msgs/include/carla_msgs/carla_msgs/msg/carla_status.h
[5.974s] -- Symlinking: /home/airlab/ros2_ws/install/carla_msgs/include/carla_msgs/carla_msgs/msg/carla_traffic_light_info.h
[5.979s] -- Symlinking: /home/airlab/ros2_ws/install/carla_msgs/include/carla_msgs/carla_msgs/msg/carla_traffic_light_info_list.h
[5.985s] -- Symlinking: /home/airlab/ros2_ws/install/carla_msgs/include/carla_msgs/carla_msgs/msg/carla_traffic_light_status.h
[5.990s] -- Symlinking: /home/airlab/ros2_ws/install/carla_msgs/include/carla_msgs/carla_msgs/msg/carla_traffic_light_status_list.h
[5.993s] -- Symlinking: /home/airlab/ros2_ws/install/carla_msgs/include/carla_msgs/carla_msgs/msg/carla_walker_control.h
[5.997s] -- Symlinking: /home/airlab/ros2_ws/install/carla_msgs/include/carla_msgs/carla_msgs/msg/carla_weather_parameters.h
[6.002s] -- Symlinking: /home/airlab/ros2_ws/install/carla_msgs/include/carla_msgs/carla_msgs/msg/carla_world_info.h
[6.011s] -- Symlinking: /home/airlab/ros2_ws/install/carla_msgs/include/carla_msgs/carla_msgs/msg/detail/carla_actor_info__functions.h
[6.019s] -- Symlinking: /home/airlab/ros2_ws/install/carla_msgs/include/carla_msgs/carla_msgs/msg/detail/carla_actor_info__struct.h
[6.024s] -- Symlinking: /home/airlab/ros2_ws/install/carla_msgs/include/carla_msgs/carla_msgs/msg/detail/carla_actor_info__type_support.h
[6.029s] -- Symlinking: /home/airlab/ros2_ws/install/carla_msgs/include/carla_msgs/carla_msgs/msg/detail/carla_actor_list__functions.h
[6.035s] -- Symlinking: /home/airlab/ros2_ws/install/carla_msgs/include/carla_msgs/carla_msgs/msg/detail/carla_actor_list__struct.h
[6.042s] -- Symlinking: /home/airlab/ros2_ws/install/carla_msgs/include/carla_msgs/carla_msgs/msg/detail/carla_actor_list__type_support.h
[6.051s] -- Symlinking: /home/airlab/ros2_ws/install/carla_msgs/include/carla_msgs/carla_msgs/msg/detail/carla_bounding_box__functions.h
[6.059s] -- Symlinking: /home/airlab/ros2_ws/install/carla_msgs/include/carla_msgs/carla_msgs/msg/detail/carla_bounding_box__struct.h
[6.069s] -- Symlinking: /home/airlab/ros2_ws/install/carla_msgs/include/carla_msgs/carla_msgs/msg/detail/carla_bounding_box__type_support.h
[6.079s] -- Symlinking: /home/airlab/ros2_ws/install/carla_msgs/include/carla_msgs/carla_msgs/msg/detail/carla_collision_event__functions.h
[6.084s] -- Symlinking: /home/airlab/ros2_ws/install/carla_msgs/include/carla_msgs/carla_msgs/msg/detail/carla_collision_event__struct.h
[6.089s] -- Symlinking: /home/airlab/ros2_ws/install/carla_msgs/include/carla_msgs/carla_msgs/msg/detail/carla_collision_event__type_support.h
[6.096s] -- Symlinking: /home/airlab/ros2_ws/install/carla_msgs/include/carla_msgs/carla_msgs/msg/detail/carla_control__functions.h
[6.103s] -- Symlinking: /home/airlab/ros2_ws/install/carla_msgs/include/carla_msgs/carla_msgs/msg/detail/carla_control__struct.h
[6.111s] -- Symlinking: /home/airlab/ros2_ws/install/carla_msgs/include/carla_msgs/carla_msgs/msg/detail/carla_control__type_support.h
[6.118s] -- Symlinking: /home/airlab/ros2_ws/install/carla_msgs/include/carla_msgs/carla_msgs/msg/detail/carla_ego_vehicle_control__functions.h
[6.123s] -- Symlinking: /home/airlab/ros2_ws/install/carla_msgs/include/carla_msgs/carla_msgs/msg/detail/carla_ego_vehicle_control__struct.h
[6.130s] -- Symlinking: /home/airlab/ros2_ws/install/carla_msgs/include/carla_msgs/carla_msgs/msg/detail/carla_ego_vehicle_control__type_support.h
[6.136s] -- Symlinking: /home/airlab/ros2_ws/install/carla_msgs/include/carla_msgs/carla_msgs/msg/detail/carla_ego_vehicle_info__functions.h
[6.140s] -- Symlinking: /home/airlab/ros2_ws/install/carla_msgs/include/carla_msgs/carla_msgs/msg/detail/carla_ego_vehicle_info__struct.h
[6.144s] -- Symlinking: /home/airlab/ros2_ws/install/carla_msgs/include/carla_msgs/carla_msgs/msg/detail/carla_ego_vehicle_info__type_support.h
[6.148s] -- Symlinking: /home/airlab/ros2_ws/install/carla_msgs/include/carla_msgs/carla_msgs/msg/detail/carla_ego_vehicle_info_wheel__functions.h
[6.152s] -- Symlinking: /home/airlab/ros2_ws/install/carla_msgs/include/carla_msgs/carla_msgs/msg/detail/carla_ego_vehicle_info_wheel__struct.h
[6.157s] -- Symlinking: /home/airlab/ros2_ws/install/carla_msgs/include/carla_msgs/carla_msgs/msg/detail/carla_ego_vehicle_info_wheel__type_support.h
[6.162s] -- Symlinking: /home/airlab/ros2_ws/install/carla_msgs/include/carla_msgs/carla_msgs/msg/detail/carla_ego_vehicle_status__functions.h
[6.167s] -- Symlinking: /home/airlab/ros2_ws/install/carla_msgs/include/carla_msgs/carla_msgs/msg/detail/carla_ego_vehicle_status__struct.h
[6.171s] -- Symlinking: /home/airlab/ros2_ws/install/carla_msgs/include/carla_msgs/carla_msgs/msg/detail/carla_ego_vehicle_status__type_support.h
[6.176s] -- Symlinking: /home/airlab/ros2_ws/install/carla_msgs/include/carla_msgs/carla_msgs/msg/detail/carla_lane_invasion_event__functions.h
[6.182s] -- Symlinking: /home/airlab/ros2_ws/install/carla_msgs/include/carla_msgs/carla_msgs/msg/detail/carla_lane_invasion_event__struct.h
[6.192s] -- Symlinking: /home/airlab/ros2_ws/install/carla_msgs/include/carla_msgs/carla_msgs/msg/detail/carla_lane_invasion_event__type_support.h
[6.198s] -- Symlinking: /home/airlab/ros2_ws/install/carla_msgs/include/carla_msgs/carla_msgs/msg/detail/carla_status__functions.h
[6.202s] -- Symlinking: /home/airlab/ros2_ws/install/carla_msgs/include/carla_msgs/carla_msgs/msg/detail/carla_status__struct.h
[6.206s] -- Symlinking: /home/airlab/ros2_ws/install/carla_msgs/include/carla_msgs/carla_msgs/msg/detail/carla_status__type_support.h
[6.210s] -- Symlinking: /home/airlab/ros2_ws/install/carla_msgs/include/carla_msgs/carla_msgs/msg/detail/carla_traffic_light_info__functions.h
[6.215s] -- Symlinking: /home/airlab/ros2_ws/install/carla_msgs/include/carla_msgs/carla_msgs/msg/detail/carla_traffic_light_info__struct.h
[6.220s] -- Symlinking: /home/airlab/ros2_ws/install/carla_msgs/include/carla_msgs/carla_msgs/msg/detail/carla_traffic_light_info__type_support.h
[6.224s] -- Symlinking: /home/airlab/ros2_ws/install/carla_msgs/include/carla_msgs/carla_msgs/msg/detail/carla_traffic_light_info_list__functions.h
[6.228s] -- Symlinking: /home/airlab/ros2_ws/install/carla_msgs/include/carla_msgs/carla_msgs/msg/detail/carla_traffic_light_info_list__struct.h
[6.233s] -- Symlinking: /home/airlab/ros2_ws/install/carla_msgs/include/carla_msgs/carla_msgs/msg/detail/carla_traffic_light_info_list__type_support.h
[6.238s] -- Symlinking: /home/airlab/ros2_ws/install/carla_msgs/include/carla_msgs/carla_msgs/msg/detail/carla_traffic_light_status__functions.h
[6.241s] -- Symlinking: /home/airlab/ros2_ws/install/carla_msgs/include/carla_msgs/carla_msgs/msg/detail/carla_traffic_light_status__struct.h
[6.247s] -- Symlinking: /home/airlab/ros2_ws/install/carla_msgs/include/carla_msgs/carla_msgs/msg/detail/carla_traffic_light_status__type_support.h
[6.253s] -- Symlinking: /home/airlab/ros2_ws/install/carla_msgs/include/carla_msgs/carla_msgs/msg/detail/carla_traffic_light_status_list__functions.h
[6.267s] -- Symlinking: /home/airlab/ros2_ws/install/carla_msgs/include/carla_msgs/carla_msgs/msg/detail/carla_traffic_light_status_list__struct.h
[6.274s] -- Symlinking: /home/airlab/ros2_ws/install/carla_msgs/include/carla_msgs/carla_msgs/msg/detail/carla_traffic_light_status_list__type_support.h
[6.280s] -- Symlinking: /home/airlab/ros2_ws/install/carla_msgs/include/carla_msgs/carla_msgs/msg/detail/carla_walker_control__functions.h
[6.284s] -- Symlinking: /home/airlab/ros2_ws/install/carla_msgs/include/carla_msgs/carla_msgs/msg/detail/carla_walker_control__struct.h
[6.289s] -- Symlinking: /home/airlab/ros2_ws/install/carla_msgs/include/carla_msgs/carla_msgs/msg/detail/carla_walker_control__type_support.h
[6.297s] -- Symlinking: /home/airlab/ros2_ws/install/carla_msgs/include/carla_msgs/carla_msgs/msg/detail/carla_weather_parameters__functions.h
[6.302s] -- Symlinking: /home/airlab/ros2_ws/install/carla_msgs/include/carla_msgs/carla_msgs/msg/detail/carla_weather_parameters__struct.h
[6.306s] -- Symlinking: /home/airlab/ros2_ws/install/carla_msgs/include/carla_msgs/carla_msgs/msg/detail/carla_weather_parameters__type_support.h
[6.310s] -- Symlinking: /home/airlab/ros2_ws/install/carla_msgs/include/carla_msgs/carla_msgs/msg/detail/carla_world_info__functions.h
[6.316s] -- Symlinking: /home/airlab/ros2_ws/install/carla_msgs/include/carla_msgs/carla_msgs/msg/detail/carla_world_info__struct.h
[6.322s] -- Symlinking: /home/airlab/ros2_ws/install/carla_msgs/include/carla_msgs/carla_msgs/msg/detail/carla_world_info__type_support.h
[6.326s] -- Symlinking: /home/airlab/ros2_ws/install/carla_msgs/include/carla_msgs/carla_msgs/msg/rosidl_generator_c__visibility_control.h
[6.330s] -- Symlinking: /home/airlab/ros2_ws/install/carla_msgs/include/carla_msgs/carla_msgs/srv/destroy_object.h
[6.334s] -- Symlinking: /home/airlab/ros2_ws/install/carla_msgs/include/carla_msgs/carla_msgs/srv/detail/destroy_object__functions.h
[6.338s] -- Symlinking: /home/airlab/ros2_ws/install/carla_msgs/include/carla_msgs/carla_msgs/srv/detail/destroy_object__struct.h
[6.347s] -- Symlinking: /home/airlab/ros2_ws/install/carla_msgs/include/carla_msgs/carla_msgs/srv/detail/destroy_object__type_support.h
[6.353s] -- Symlinking: /home/airlab/ros2_ws/install/carla_msgs/include/carla_msgs/carla_msgs/srv/detail/get_blueprints__functions.h
[6.360s] -- Symlinking: /home/airlab/ros2_ws/install/carla_msgs/include/carla_msgs/carla_msgs/srv/detail/get_blueprints__struct.h
[6.365s] -- Symlinking: /home/airlab/ros2_ws/install/carla_msgs/include/carla_msgs/carla_msgs/srv/detail/get_blueprints__type_support.h
[6.371s] -- Symlinking: /home/airlab/ros2_ws/install/carla_msgs/include/carla_msgs/carla_msgs/srv/detail/spawn_object__functions.h
[6.377s] -- Symlinking: /home/airlab/ros2_ws/install/carla_msgs/include/carla_msgs/carla_msgs/srv/detail/spawn_object__struct.h
[6.384s] -- Symlinking: /home/airlab/ros2_ws/install/carla_msgs/include/carla_msgs/carla_msgs/srv/detail/spawn_object__type_support.h
[6.388s] -- Symlinking: /home/airlab/ros2_ws/install/carla_msgs/include/carla_msgs/carla_msgs/srv/get_blueprints.h
[6.393s] -- Symlinking: /home/airlab/ros2_ws/install/carla_msgs/include/carla_msgs/carla_msgs/srv/spawn_object.h
[6.399s] -- Symlinking: /home/airlab/ros2_ws/install/carla_msgs/share/carla_msgs/environment/library_path.sh
[6.406s] -- Symlinking: /home/airlab/ros2_ws/install/carla_msgs/share/carla_msgs/environment/library_path.dsv
[6.414s] -- Symlinking: /home/airlab/ros2_ws/install/carla_msgs/include/carla_msgs/carla_msgs/msg/detail/carla_actor_info__rosidl_typesupport_fastrtps_c.h
[6.421s] -- Symlinking: /home/airlab/ros2_ws/install/carla_msgs/include/carla_msgs/carla_msgs/msg/detail/carla_actor_list__rosidl_typesupport_fastrtps_c.h
[6.440s] -- Symlinking: /home/airlab/ros2_ws/install/carla_msgs/include/carla_msgs/carla_msgs/msg/detail/carla_bounding_box__rosidl_typesupport_fastrtps_c.h
[6.449s] -- Symlinking: /home/airlab/ros2_ws/install/carla_msgs/include/carla_msgs/carla_msgs/msg/detail/carla_collision_event__rosidl_typesupport_fastrtps_c.h
[6.454s] -- Symlinking: /home/airlab/ros2_ws/install/carla_msgs/include/carla_msgs/carla_msgs/msg/detail/carla_control__rosidl_typesupport_fastrtps_c.h
[6.458s] -- Symlinking: /home/airlab/ros2_ws/install/carla_msgs/include/carla_msgs/carla_msgs/msg/detail/carla_ego_vehicle_control__rosidl_typesupport_fastrtps_c.h
[6.463s] -- Symlinking: /home/airlab/ros2_ws/install/carla_msgs/include/carla_msgs/carla_msgs/msg/detail/carla_ego_vehicle_info__rosidl_typesupport_fastrtps_c.h
[6.471s] -- Symlinking: /home/airlab/ros2_ws/install/carla_msgs/include/carla_msgs/carla_msgs/msg/detail/carla_ego_vehicle_info_wheel__rosidl_typesupport_fastrtps_c.h
[6.478s] -- Symlinking: /home/airlab/ros2_ws/install/carla_msgs/include/carla_msgs/carla_msgs/msg/detail/carla_ego_vehicle_status__rosidl_typesupport_fastrtps_c.h
[6.484s] -- Symlinking: /home/airlab/ros2_ws/install/carla_msgs/include/carla_msgs/carla_msgs/msg/detail/carla_lane_invasion_event__rosidl_typesupport_fastrtps_c.h
[6.491s] -- Symlinking: /home/airlab/ros2_ws/install/carla_msgs/include/carla_msgs/carla_msgs/msg/detail/carla_status__rosidl_typesupport_fastrtps_c.h
[6.498s] -- Symlinking: /home/airlab/ros2_ws/install/carla_msgs/include/carla_msgs/carla_msgs/msg/detail/carla_traffic_light_info__rosidl_typesupport_fastrtps_c.h
[6.504s] -- Symlinking: /home/airlab/ros2_ws/install/carla_msgs/include/carla_msgs/carla_msgs/msg/detail/carla_traffic_light_info_list__rosidl_typesupport_fastrtps_c.h
[6.509s] -- Symlinking: /home/airlab/ros2_ws/install/carla_msgs/include/carla_msgs/carla_msgs/msg/detail/carla_traffic_light_status__rosidl_typesupport_fastrtps_c.h
[6.516s] -- Symlinking: /home/airlab/ros2_ws/install/carla_msgs/include/carla_msgs/carla_msgs/msg/detail/carla_traffic_light_status_list__rosidl_typesupport_fastrtps_c.h
[6.526s] -- Symlinking: /home/airlab/ros2_ws/install/carla_msgs/include/carla_msgs/carla_msgs/msg/detail/carla_walker_control__rosidl_typesupport_fastrtps_c.h
[6.533s] -- Symlinking: /home/airlab/ros2_ws/install/carla_msgs/include/carla_msgs/carla_msgs/msg/detail/carla_weather_parameters__rosidl_typesupport_fastrtps_c.h
[6.538s] -- Symlinking: /home/airlab/ros2_ws/install/carla_msgs/include/carla_msgs/carla_msgs/msg/detail/carla_world_info__rosidl_typesupport_fastrtps_c.h
[6.542s] -- Symlinking: /home/airlab/ros2_ws/install/carla_msgs/include/carla_msgs/carla_msgs/msg/rosidl_typesupport_fastrtps_c__visibility_control.h
[6.547s] -- Symlinking: /home/airlab/ros2_ws/install/carla_msgs/include/carla_msgs/carla_msgs/srv/detail/destroy_object__rosidl_typesupport_fastrtps_c.h
[6.554s] -- Symlinking: /home/airlab/ros2_ws/install/carla_msgs/include/carla_msgs/carla_msgs/srv/detail/get_blueprints__rosidl_typesupport_fastrtps_c.h
[6.559s] -- Symlinking: /home/airlab/ros2_ws/install/carla_msgs/include/carla_msgs/carla_msgs/srv/detail/spawn_object__rosidl_typesupport_fastrtps_c.h
[6.564s] -- Symlinking: /home/airlab/ros2_ws/install/carla_msgs/include/carla_msgs/carla_msgs/msg/carla_actor_info.hpp
[6.571s] -- Symlinking: /home/airlab/ros2_ws/install/carla_msgs/include/carla_msgs/carla_msgs/msg/carla_actor_list.hpp
[6.582s] -- Symlinking: /home/airlab/ros2_ws/install/carla_msgs/include/carla_msgs/carla_msgs/msg/carla_bounding_box.hpp
[6.594s] -- Symlinking: /home/airlab/ros2_ws/install/carla_msgs/include/carla_msgs/carla_msgs/msg/carla_collision_event.hpp
[6.600s] -- Symlinking: /home/airlab/ros2_ws/install/carla_msgs/include/carla_msgs/carla_msgs/msg/carla_control.hpp
[6.607s] -- Symlinking: /home/airlab/ros2_ws/install/carla_msgs/include/carla_msgs/carla_msgs/msg/carla_ego_vehicle_control.hpp
[6.618s] -- Symlinking: /home/airlab/ros2_ws/install/carla_msgs/include/carla_msgs/carla_msgs/msg/carla_ego_vehicle_info.hpp
[6.624s] -- Symlinking: /home/airlab/ros2_ws/install/carla_msgs/include/carla_msgs/carla_msgs/msg/carla_ego_vehicle_info_wheel.hpp
[6.628s] -- Symlinking: /home/airlab/ros2_ws/install/carla_msgs/include/carla_msgs/carla_msgs/msg/carla_ego_vehicle_status.hpp
[6.633s] -- Symlinking: /home/airlab/ros2_ws/install/carla_msgs/include/carla_msgs/carla_msgs/msg/carla_lane_invasion_event.hpp
[6.637s] -- Symlinking: /home/airlab/ros2_ws/install/carla_msgs/include/carla_msgs/carla_msgs/msg/carla_status.hpp
[6.643s] -- Symlinking: /home/airlab/ros2_ws/install/carla_msgs/include/carla_msgs/carla_msgs/msg/carla_traffic_light_info.hpp
[6.649s] -- Symlinking: /home/airlab/ros2_ws/install/carla_msgs/include/carla_msgs/carla_msgs/msg/carla_traffic_light_info_list.hpp
[6.653s] -- Symlinking: /home/airlab/ros2_ws/install/carla_msgs/include/carla_msgs/carla_msgs/msg/carla_traffic_light_status.hpp
[6.657s] -- Symlinking: /home/airlab/ros2_ws/install/carla_msgs/include/carla_msgs/carla_msgs/msg/carla_traffic_light_status_list.hpp
[6.661s] -- Symlinking: /home/airlab/ros2_ws/install/carla_msgs/include/carla_msgs/carla_msgs/msg/carla_walker_control.hpp
[6.666s] -- Symlinking: /home/airlab/ros2_ws/install/carla_msgs/include/carla_msgs/carla_msgs/msg/carla_weather_parameters.hpp
[6.670s] -- Symlinking: /home/airlab/ros2_ws/install/carla_msgs/include/carla_msgs/carla_msgs/msg/carla_world_info.hpp
[6.675s] -- Symlinking: /home/airlab/ros2_ws/install/carla_msgs/include/carla_msgs/carla_msgs/msg/detail/carla_actor_info__builder.hpp
[6.681s] -- Symlinking: /home/airlab/ros2_ws/install/carla_msgs/include/carla_msgs/carla_msgs/msg/detail/carla_actor_info__struct.hpp
[6.689s] -- Symlinking: /home/airlab/ros2_ws/install/carla_msgs/include/carla_msgs/carla_msgs/msg/detail/carla_actor_info__traits.hpp
[6.693s] -- Symlinking: /home/airlab/ros2_ws/install/carla_msgs/include/carla_msgs/carla_msgs/msg/detail/carla_actor_info__type_support.hpp
[6.698s] -- Symlinking: /home/airlab/ros2_ws/install/carla_msgs/include/carla_msgs/carla_msgs/msg/detail/carla_actor_list__builder.hpp
[6.702s] -- Symlinking: /home/airlab/ros2_ws/install/carla_msgs/include/carla_msgs/carla_msgs/msg/detail/carla_actor_list__struct.hpp
[6.707s] -- Symlinking: /home/airlab/ros2_ws/install/carla_msgs/include/carla_msgs/carla_msgs/msg/detail/carla_actor_list__traits.hpp
[6.713s] -- Symlinking: /home/airlab/ros2_ws/install/carla_msgs/include/carla_msgs/carla_msgs/msg/detail/carla_actor_list__type_support.hpp
[6.717s] -- Symlinking: /home/airlab/ros2_ws/install/carla_msgs/include/carla_msgs/carla_msgs/msg/detail/carla_bounding_box__builder.hpp
[6.723s] -- Symlinking: /home/airlab/ros2_ws/install/carla_msgs/include/carla_msgs/carla_msgs/msg/detail/carla_bounding_box__struct.hpp
[6.727s] -- Symlinking: /home/airlab/ros2_ws/install/carla_msgs/include/carla_msgs/carla_msgs/msg/detail/carla_bounding_box__traits.hpp
[6.732s] -- Symlinking: /home/airlab/ros2_ws/install/carla_msgs/include/carla_msgs/carla_msgs/msg/detail/carla_bounding_box__type_support.hpp
[6.736s] -- Symlinking: /home/airlab/ros2_ws/install/carla_msgs/include/carla_msgs/carla_msgs/msg/detail/carla_collision_event__builder.hpp
[6.741s] -- Symlinking: /home/airlab/ros2_ws/install/carla_msgs/include/carla_msgs/carla_msgs/msg/detail/carla_collision_event__struct.hpp
[6.746s] -- Symlinking: /home/airlab/ros2_ws/install/carla_msgs/include/carla_msgs/carla_msgs/msg/detail/carla_collision_event__traits.hpp
[6.751s] -- Symlinking: /home/airlab/ros2_ws/install/carla_msgs/include/carla_msgs/carla_msgs/msg/detail/carla_collision_event__type_support.hpp
[6.764s] -- Symlinking: /home/airlab/ros2_ws/install/carla_msgs/include/carla_msgs/carla_msgs/msg/detail/carla_control__builder.hpp
[6.773s] -- Symlinking: /home/airlab/ros2_ws/install/carla_msgs/include/carla_msgs/carla_msgs/msg/detail/carla_control__struct.hpp
[6.780s] -- Symlinking: /home/airlab/ros2_ws/install/carla_msgs/include/carla_msgs/carla_msgs/msg/detail/carla_control__traits.hpp
[6.786s] -- Symlinking: /home/airlab/ros2_ws/install/carla_msgs/include/carla_msgs/carla_msgs/msg/detail/carla_control__type_support.hpp
[6.792s] -- Symlinking: /home/airlab/ros2_ws/install/carla_msgs/include/carla_msgs/carla_msgs/msg/detail/carla_ego_vehicle_control__builder.hpp
[6.797s] -- Symlinking: /home/airlab/ros2_ws/install/carla_msgs/include/carla_msgs/carla_msgs/msg/detail/carla_ego_vehicle_control__struct.hpp
[6.803s] -- Symlinking: /home/airlab/ros2_ws/install/carla_msgs/include/carla_msgs/carla_msgs/msg/detail/carla_ego_vehicle_control__traits.hpp
[6.808s] -- Symlinking: /home/airlab/ros2_ws/install/carla_msgs/include/carla_msgs/carla_msgs/msg/detail/carla_ego_vehicle_control__type_support.hpp
[6.813s] -- Symlinking: /home/airlab/ros2_ws/install/carla_msgs/include/carla_msgs/carla_msgs/msg/detail/carla_ego_vehicle_info__builder.hpp
[6.820s] -- Symlinking: /home/airlab/ros2_ws/install/carla_msgs/include/carla_msgs/carla_msgs/msg/detail/carla_ego_vehicle_info__struct.hpp
[6.825s] -- Symlinking: /home/airlab/ros2_ws/install/carla_msgs/include/carla_msgs/carla_msgs/msg/detail/carla_ego_vehicle_info__traits.hpp
[6.829s] -- Symlinking: /home/airlab/ros2_ws/install/carla_msgs/include/carla_msgs/carla_msgs/msg/detail/carla_ego_vehicle_info__type_support.hpp
[6.836s] -- Symlinking: /home/airlab/ros2_ws/install/carla_msgs/include/carla_msgs/carla_msgs/msg/detail/carla_ego_vehicle_info_wheel__builder.hpp
[6.847s] -- Symlinking: /home/airlab/ros2_ws/install/carla_msgs/include/carla_msgs/carla_msgs/msg/detail/carla_ego_vehicle_info_wheel__struct.hpp
[6.855s] -- Symlinking: /home/airlab/ros2_ws/install/carla_msgs/include/carla_msgs/carla_msgs/msg/detail/carla_ego_vehicle_info_wheel__traits.hpp
[6.861s] -- Symlinking: /home/airlab/ros2_ws/install/carla_msgs/include/carla_msgs/carla_msgs/msg/detail/carla_ego_vehicle_info_wheel__type_support.hpp
[6.866s] -- Symlinking: /home/airlab/ros2_ws/install/carla_msgs/include/carla_msgs/carla_msgs/msg/detail/carla_ego_vehicle_status__builder.hpp
[6.871s] -- Symlinking: /home/airlab/ros2_ws/install/carla_msgs/include/carla_msgs/carla_msgs/msg/detail/carla_ego_vehicle_status__struct.hpp
[6.877s] -- Symlinking: /home/airlab/ros2_ws/install/carla_msgs/include/carla_msgs/carla_msgs/msg/detail/carla_ego_vehicle_status__traits.hpp
[6.881s] -- Symlinking: /home/airlab/ros2_ws/install/carla_msgs/include/carla_msgs/carla_msgs/msg/detail/carla_ego_vehicle_status__type_support.hpp
[6.885s] -- Symlinking: /home/airlab/ros2_ws/install/carla_msgs/include/carla_msgs/carla_msgs/msg/detail/carla_lane_invasion_event__builder.hpp
[6.889s] -- Symlinking: /home/airlab/ros2_ws/install/carla_msgs/include/carla_msgs/carla_msgs/msg/detail/carla_lane_invasion_event__struct.hpp
[6.893s] -- Symlinking: /home/airlab/ros2_ws/install/carla_msgs/include/carla_msgs/carla_msgs/msg/detail/carla_lane_invasion_event__traits.hpp
[6.900s] -- Symlinking: /home/airlab/ros2_ws/install/carla_msgs/include/carla_msgs/carla_msgs/msg/detail/carla_lane_invasion_event__type_support.hpp
[6.906s] -- Symlinking: /home/airlab/ros2_ws/install/carla_msgs/include/carla_msgs/carla_msgs/msg/detail/carla_status__builder.hpp
[6.911s] -- Symlinking: /home/airlab/ros2_ws/install/carla_msgs/include/carla_msgs/carla_msgs/msg/detail/carla_status__struct.hpp
[6.915s] -- Symlinking: /home/airlab/ros2_ws/install/carla_msgs/include/carla_msgs/carla_msgs/msg/detail/carla_status__traits.hpp
[6.923s] -- Symlinking: /home/airlab/ros2_ws/install/carla_msgs/include/carla_msgs/carla_msgs/msg/detail/carla_status__type_support.hpp
[6.934s] -- Symlinking: /home/airlab/ros2_ws/install/carla_msgs/include/carla_msgs/carla_msgs/msg/detail/carla_traffic_light_info__builder.hpp
[6.941s] -- Symlinking: /home/airlab/ros2_ws/install/carla_msgs/include/carla_msgs/carla_msgs/msg/detail/carla_traffic_light_info__struct.hpp
[6.945s] -- Symlinking: /home/airlab/ros2_ws/install/carla_msgs/include/carla_msgs/carla_msgs/msg/detail/carla_traffic_light_info__traits.hpp
[6.949s] -- Symlinking: /home/airlab/ros2_ws/install/carla_msgs/include/carla_msgs/carla_msgs/msg/detail/carla_traffic_light_info__type_support.hpp
[6.955s] -- Symlinking: /home/airlab/ros2_ws/install/carla_msgs/include/carla_msgs/carla_msgs/msg/detail/carla_traffic_light_info_list__builder.hpp
[6.962s] -- Symlinking: /home/airlab/ros2_ws/install/carla_msgs/include/carla_msgs/carla_msgs/msg/detail/carla_traffic_light_info_list__struct.hpp
[6.967s] -- Symlinking: /home/airlab/ros2_ws/install/carla_msgs/include/carla_msgs/carla_msgs/msg/detail/carla_traffic_light_info_list__traits.hpp
[6.971s] -- Symlinking: /home/airlab/ros2_ws/install/carla_msgs/include/carla_msgs/carla_msgs/msg/detail/carla_traffic_light_info_list__type_support.hpp
[6.976s] -- Symlinking: /home/airlab/ros2_ws/install/carla_msgs/include/carla_msgs/carla_msgs/msg/detail/carla_traffic_light_status__builder.hpp
[6.984s] -- Symlinking: /home/airlab/ros2_ws/install/carla_msgs/include/carla_msgs/carla_msgs/msg/detail/carla_traffic_light_status__struct.hpp
[6.990s] -- Symlinking: /home/airlab/ros2_ws/install/carla_msgs/include/carla_msgs/carla_msgs/msg/detail/carla_traffic_light_status__traits.hpp
[6.994s] -- Symlinking: /home/airlab/ros2_ws/install/carla_msgs/include/carla_msgs/carla_msgs/msg/detail/carla_traffic_light_status__type_support.hpp
[6.998s] -- Symlinking: /home/airlab/ros2_ws/install/carla_msgs/include/carla_msgs/carla_msgs/msg/detail/carla_traffic_light_status_list__builder.hpp
[7.003s] -- Symlinking: /home/airlab/ros2_ws/install/carla_msgs/include/carla_msgs/carla_msgs/msg/detail/carla_traffic_light_status_list__struct.hpp
[7.010s] -- Symlinking: /home/airlab/ros2_ws/install/carla_msgs/include/carla_msgs/carla_msgs/msg/detail/carla_traffic_light_status_list__traits.hpp
[7.020s] -- Symlinking: /home/airlab/ros2_ws/install/carla_msgs/include/carla_msgs/carla_msgs/msg/detail/carla_traffic_light_status_list__type_support.hpp
[7.027s] -- Symlinking: /home/airlab/ros2_ws/install/carla_msgs/include/carla_msgs/carla_msgs/msg/detail/carla_walker_control__builder.hpp
[7.030s] -- Symlinking: /home/airlab/ros2_ws/install/carla_msgs/include/carla_msgs/carla_msgs/msg/detail/carla_walker_control__struct.hpp
[7.034s] -- Symlinking: /home/airlab/ros2_ws/install/carla_msgs/include/carla_msgs/carla_msgs/msg/detail/carla_walker_control__traits.hpp
[7.039s] -- Symlinking: /home/airlab/ros2_ws/install/carla_msgs/include/carla_msgs/carla_msgs/msg/detail/carla_walker_control__type_support.hpp
[7.043s] -- Symlinking: /home/airlab/ros2_ws/install/carla_msgs/include/carla_msgs/carla_msgs/msg/detail/carla_weather_parameters__builder.hpp
[7.048s] -- Symlinking: /home/airlab/ros2_ws/install/carla_msgs/include/carla_msgs/carla_msgs/msg/detail/carla_weather_parameters__struct.hpp
[7.052s] -- Symlinking: /home/airlab/ros2_ws/install/carla_msgs/include/carla_msgs/carla_msgs/msg/detail/carla_weather_parameters__traits.hpp
[7.057s] -- Symlinking: /home/airlab/ros2_ws/install/carla_msgs/include/carla_msgs/carla_msgs/msg/detail/carla_weather_parameters__type_support.hpp
[7.062s] -- Symlinking: /home/airlab/ros2_ws/install/carla_msgs/include/carla_msgs/carla_msgs/msg/detail/carla_world_info__builder.hpp
[7.066s] -- Symlinking: /home/airlab/ros2_ws/install/carla_msgs/include/carla_msgs/carla_msgs/msg/detail/carla_world_info__struct.hpp
[7.070s] -- Symlinking: /home/airlab/ros2_ws/install/carla_msgs/include/carla_msgs/carla_msgs/msg/detail/carla_world_info__traits.hpp
[7.074s] -- Symlinking: /home/airlab/ros2_ws/install/carla_msgs/include/carla_msgs/carla_msgs/msg/detail/carla_world_info__type_support.hpp
[7.080s] -- Symlinking: /home/airlab/ros2_ws/install/carla_msgs/include/carla_msgs/carla_msgs/msg/rosidl_generator_cpp__visibility_control.hpp
[7.092s] -- Symlinking: /home/airlab/ros2_ws/install/carla_msgs/include/carla_msgs/carla_msgs/srv/destroy_object.hpp
[7.096s] -- Symlinking: /home/airlab/ros2_ws/install/carla_msgs/include/carla_msgs/carla_msgs/srv/detail/destroy_object__builder.hpp
[7.101s] -- Symlinking: /home/airlab/ros2_ws/install/carla_msgs/include/carla_msgs/carla_msgs/srv/detail/destroy_object__struct.hpp
[7.106s] -- Symlinking: /home/airlab/ros2_ws/install/carla_msgs/include/carla_msgs/carla_msgs/srv/detail/destroy_object__traits.hpp
[7.111s] -- Symlinking: /home/airlab/ros2_ws/install/carla_msgs/include/carla_msgs/carla_msgs/srv/detail/destroy_object__type_support.hpp
[7.116s] -- Symlinking: /home/airlab/ros2_ws/install/carla_msgs/include/carla_msgs/carla_msgs/srv/detail/get_blueprints__builder.hpp
[7.123s] -- Symlinking: /home/airlab/ros2_ws/install/carla_msgs/include/carla_msgs/carla_msgs/srv/detail/get_blueprints__struct.hpp
[7.127s] -- Symlinking: /home/airlab/ros2_ws/install/carla_msgs/include/carla_msgs/carla_msgs/srv/detail/get_blueprints__traits.hpp
[7.133s] -- Symlinking: /home/airlab/ros2_ws/install/carla_msgs/include/carla_msgs/carla_msgs/srv/detail/get_blueprints__type_support.hpp
[7.138s] -- Symlinking: /home/airlab/ros2_ws/install/carla_msgs/include/carla_msgs/carla_msgs/srv/detail/spawn_object__builder.hpp
[7.143s] -- Symlinking: /home/airlab/ros2_ws/install/carla_msgs/include/carla_msgs/carla_msgs/srv/detail/spawn_object__struct.hpp
[7.148s] -- Symlinking: /home/airlab/ros2_ws/install/carla_msgs/include/carla_msgs/carla_msgs/srv/detail/spawn_object__traits.hpp
[7.152s] -- Symlinking: /home/airlab/ros2_ws/install/carla_msgs/include/carla_msgs/carla_msgs/srv/detail/spawn_object__type_support.hpp
[7.157s] -- Symlinking: /home/airlab/ros2_ws/install/carla_msgs/include/carla_msgs/carla_msgs/srv/get_blueprints.hpp
[7.165s] -- Symlinking: /home/airlab/ros2_ws/install/carla_msgs/include/carla_msgs/carla_msgs/srv/spawn_object.hpp
[7.172s] -- Symlinking: /home/airlab/ros2_ws/install/carla_msgs/include/carla_msgs/carla_msgs/msg/detail/carla_actor_info__rosidl_typesupport_fastrtps_cpp.hpp
[7.178s] -- Symlinking: /home/airlab/ros2_ws/install/carla_msgs/include/carla_msgs/carla_msgs/msg/detail/carla_actor_list__rosidl_typesupport_fastrtps_cpp.hpp
[7.182s] -- Symlinking: /home/airlab/ros2_ws/install/carla_msgs/include/carla_msgs/carla_msgs/msg/detail/carla_bounding_box__rosidl_typesupport_fastrtps_cpp.hpp
[7.186s] -- Symlinking: /home/airlab/ros2_ws/install/carla_msgs/include/carla_msgs/carla_msgs/msg/detail/carla_collision_event__rosidl_typesupport_fastrtps_cpp.hpp
[7.193s] -- Symlinking: /home/airlab/ros2_ws/install/carla_msgs/include/carla_msgs/carla_msgs/msg/detail/carla_control__rosidl_typesupport_fastrtps_cpp.hpp
[7.199s] -- Symlinking: /home/airlab/ros2_ws/install/carla_msgs/include/carla_msgs/carla_msgs/msg/detail/carla_ego_vehicle_control__rosidl_typesupport_fastrtps_cpp.hpp
[7.203s] -- Symlinking: /home/airlab/ros2_ws/install/carla_msgs/include/carla_msgs/carla_msgs/msg/detail/carla_ego_vehicle_info__rosidl_typesupport_fastrtps_cpp.hpp
[7.209s] -- Symlinking: /home/airlab/ros2_ws/install/carla_msgs/include/carla_msgs/carla_msgs/msg/detail/carla_ego_vehicle_info_wheel__rosidl_typesupport_fastrtps_cpp.hpp
[7.214s] -- Symlinking: /home/airlab/ros2_ws/install/carla_msgs/include/carla_msgs/carla_msgs/msg/detail/carla_ego_vehicle_status__rosidl_typesupport_fastrtps_cpp.hpp
[7.222s] -- Symlinking: /home/airlab/ros2_ws/install/carla_msgs/include/carla_msgs/carla_msgs/msg/detail/carla_lane_invasion_event__rosidl_typesupport_fastrtps_cpp.hpp
[7.231s] -- Symlinking: /home/airlab/ros2_ws/install/carla_msgs/include/carla_msgs/carla_msgs/msg/detail/carla_status__rosidl_typesupport_fastrtps_cpp.hpp
[7.241s] -- Symlinking: /home/airlab/ros2_ws/install/carla_msgs/include/carla_msgs/carla_msgs/msg/detail/carla_traffic_light_info__rosidl_typesupport_fastrtps_cpp.hpp
[7.259s] -- Symlinking: /home/airlab/ros2_ws/install/carla_msgs/include/carla_msgs/carla_msgs/msg/detail/carla_traffic_light_info_list__rosidl_typesupport_fastrtps_cpp.hpp
[7.267s] -- Symlinking: /home/airlab/ros2_ws/install/carla_msgs/include/carla_msgs/carla_msgs/msg/detail/carla_traffic_light_status__rosidl_typesupport_fastrtps_cpp.hpp
[7.276s] -- Symlinking: /home/airlab/ros2_ws/install/carla_msgs/include/carla_msgs/carla_msgs/msg/detail/carla_traffic_light_status_list__rosidl_typesupport_fastrtps_cpp.hpp
[7.280s] -- Symlinking: /home/airlab/ros2_ws/install/carla_msgs/include/carla_msgs/carla_msgs/msg/detail/carla_walker_control__rosidl_typesupport_fastrtps_cpp.hpp
[7.284s] -- Symlinking: /home/airlab/ros2_ws/install/carla_msgs/include/carla_msgs/carla_msgs/msg/detail/carla_weather_parameters__rosidl_typesupport_fastrtps_cpp.hpp
[7.288s] -- Symlinking: /home/airlab/ros2_ws/install/carla_msgs/include/carla_msgs/carla_msgs/msg/detail/carla_world_info__rosidl_typesupport_fastrtps_cpp.hpp
[7.292s] -- Symlinking: /home/airlab/ros2_ws/install/carla_msgs/include/carla_msgs/carla_msgs/msg/rosidl_typesupport_fastrtps_cpp__visibility_control.h
[7.298s] -- Symlinking: /home/airlab/ros2_ws/install/carla_msgs/include/carla_msgs/carla_msgs/srv/detail/destroy_object__rosidl_typesupport_fastrtps_cpp.hpp
[7.305s] -- Symlinking: /home/airlab/ros2_ws/install/carla_msgs/include/carla_msgs/carla_msgs/srv/detail/get_blueprints__rosidl_typesupport_fastrtps_cpp.hpp
[7.310s] -- Symlinking: /home/airlab/ros2_ws/install/carla_msgs/include/carla_msgs/carla_msgs/srv/detail/spawn_object__rosidl_typesupport_fastrtps_cpp.hpp
[7.315s] -- Symlinking: /home/airlab/ros2_ws/install/carla_msgs/include/carla_msgs/carla_msgs/msg/detail/carla_actor_info__rosidl_typesupport_introspection_c.h
[7.323s] -- Symlinking: /home/airlab/ros2_ws/install/carla_msgs/include/carla_msgs/carla_msgs/msg/detail/carla_actor_list__rosidl_typesupport_introspection_c.h
[7.331s] -- Symlinking: /home/airlab/ros2_ws/install/carla_msgs/include/carla_msgs/carla_msgs/msg/detail/carla_bounding_box__rosidl_typesupport_introspection_c.h
[7.338s] -- Symlinking: /home/airlab/ros2_ws/install/carla_msgs/include/carla_msgs/carla_msgs/msg/detail/carla_collision_event__rosidl_typesupport_introspection_c.h
[7.342s] -- Symlinking: /home/airlab/ros2_ws/install/carla_msgs/include/carla_msgs/carla_msgs/msg/detail/carla_control__rosidl_typesupport_introspection_c.h
[7.348s] -- Symlinking: /home/airlab/ros2_ws/install/carla_msgs/include/carla_msgs/carla_msgs/msg/detail/carla_ego_vehicle_control__rosidl_typesupport_introspection_c.h
[7.363s] -- Symlinking: /home/airlab/ros2_ws/install/carla_msgs/include/carla_msgs/carla_msgs/msg/detail/carla_ego_vehicle_info__rosidl_typesupport_introspection_c.h
[7.373s] -- Symlinking: /home/airlab/ros2_ws/install/carla_msgs/include/carla_msgs/carla_msgs/msg/detail/carla_ego_vehicle_info_wheel__rosidl_typesupport_introspection_c.h
[7.378s] -- Symlinking: /home/airlab/ros2_ws/install/carla_msgs/include/carla_msgs/carla_msgs/msg/detail/carla_ego_vehicle_status__rosidl_typesupport_introspection_c.h
[7.381s] -- Symlinking: /home/airlab/ros2_ws/install/carla_msgs/include/carla_msgs/carla_msgs/msg/detail/carla_lane_invasion_event__rosidl_typesupport_introspection_c.h
[7.387s] -- Symlinking: /home/airlab/ros2_ws/install/carla_msgs/include/carla_msgs/carla_msgs/msg/detail/carla_status__rosidl_typesupport_introspection_c.h
[7.393s] -- Symlinking: /home/airlab/ros2_ws/install/carla_msgs/include/carla_msgs/carla_msgs/msg/detail/carla_traffic_light_info__rosidl_typesupport_introspection_c.h
[7.398s] -- Symlinking: /home/airlab/ros2_ws/install/carla_msgs/include/carla_msgs/carla_msgs/msg/detail/carla_traffic_light_info_list__rosidl_typesupport_introspection_c.h
[7.402s] -- Symlinking: /home/airlab/ros2_ws/install/carla_msgs/include/carla_msgs/carla_msgs/msg/detail/carla_traffic_light_status__rosidl_typesupport_introspection_c.h
[7.408s] -- Symlinking: /home/airlab/ros2_ws/install/carla_msgs/include/carla_msgs/carla_msgs/msg/detail/carla_traffic_light_status_list__rosidl_typesupport_introspection_c.h
[7.414s] -- Symlinking: /home/airlab/ros2_ws/install/carla_msgs/include/carla_msgs/carla_msgs/msg/detail/carla_walker_control__rosidl_typesupport_introspection_c.h
[7.423s] -- Symlinking: /home/airlab/ros2_ws/install/carla_msgs/include/carla_msgs/carla_msgs/msg/detail/carla_weather_parameters__rosidl_typesupport_introspection_c.h
[7.427s] -- Symlinking: /home/airlab/ros2_ws/install/carla_msgs/include/carla_msgs/carla_msgs/msg/detail/carla_world_info__rosidl_typesupport_introspection_c.h
[7.430s] -- Symlinking: /home/airlab/ros2_ws/install/carla_msgs/include/carla_msgs/carla_msgs/msg/rosidl_typesupport_introspection_c__visibility_control.h
[7.435s] -- Symlinking: /home/airlab/ros2_ws/install/carla_msgs/include/carla_msgs/carla_msgs/srv/detail/destroy_object__rosidl_typesupport_introspection_c.h
[7.447s] -- Symlinking: /home/airlab/ros2_ws/install/carla_msgs/include/carla_msgs/carla_msgs/srv/detail/get_blueprints__rosidl_typesupport_introspection_c.h
[7.457s] -- Symlinking: /home/airlab/ros2_ws/install/carla_msgs/include/carla_msgs/carla_msgs/srv/detail/spawn_object__rosidl_typesupport_introspection_c.h
[7.462s] -- Symlinking: /home/airlab/ros2_ws/install/carla_msgs/include/carla_msgs/carla_msgs/msg/detail/carla_actor_info__rosidl_typesupport_introspection_cpp.hpp
[7.466s] -- Symlinking: /home/airlab/ros2_ws/install/carla_msgs/include/carla_msgs/carla_msgs/msg/detail/carla_actor_list__rosidl_typesupport_introspection_cpp.hpp
[7.471s] -- Symlinking: /home/airlab/ros2_ws/install/carla_msgs/include/carla_msgs/carla_msgs/msg/detail/carla_bounding_box__rosidl_typesupport_introspection_cpp.hpp
[7.475s] -- Symlinking: /home/airlab/ros2_ws/install/carla_msgs/include/carla_msgs/carla_msgs/msg/detail/carla_collision_event__rosidl_typesupport_introspection_cpp.hpp
[7.479s] -- Symlinking: /home/airlab/ros2_ws/install/carla_msgs/include/carla_msgs/carla_msgs/msg/detail/carla_control__rosidl_typesupport_introspection_cpp.hpp
[7.485s] -- Symlinking: /home/airlab/ros2_ws/install/carla_msgs/include/carla_msgs/carla_msgs/msg/detail/carla_ego_vehicle_control__rosidl_typesupport_introspection_cpp.hpp
[7.490s] -- Symlinking: /home/airlab/ros2_ws/install/carla_msgs/include/carla_msgs/carla_msgs/msg/detail/carla_ego_vehicle_info__rosidl_typesupport_introspection_cpp.hpp
[7.494s] -- Symlinking: /home/airlab/ros2_ws/install/carla_msgs/include/carla_msgs/carla_msgs/msg/detail/carla_ego_vehicle_info_wheel__rosidl_typesupport_introspection_cpp.hpp
[7.499s] -- Symlinking: /home/airlab/ros2_ws/install/carla_msgs/include/carla_msgs/carla_msgs/msg/detail/carla_ego_vehicle_status__rosidl_typesupport_introspection_cpp.hpp
[7.508s] -- Symlinking: /home/airlab/ros2_ws/install/carla_msgs/include/carla_msgs/carla_msgs/msg/detail/carla_lane_invasion_event__rosidl_typesupport_introspection_cpp.hpp
[7.517s] -- Symlinking: /home/airlab/ros2_ws/install/carla_msgs/include/carla_msgs/carla_msgs/msg/detail/carla_status__rosidl_typesupport_introspection_cpp.hpp
[7.523s] -- Symlinking: /home/airlab/ros2_ws/install/carla_msgs/include/carla_msgs/carla_msgs/msg/detail/carla_traffic_light_info__rosidl_typesupport_introspection_cpp.hpp
[7.529s] -- Symlinking: /home/airlab/ros2_ws/install/carla_msgs/include/carla_msgs/carla_msgs/msg/detail/carla_traffic_light_info_list__rosidl_typesupport_introspection_cpp.hpp
[7.545s] -- Symlinking: /home/airlab/ros2_ws/install/carla_msgs/include/carla_msgs/carla_msgs/msg/detail/carla_traffic_light_status__rosidl_typesupport_introspection_cpp.hpp
[7.557s] -- Symlinking: /home/airlab/ros2_ws/install/carla_msgs/include/carla_msgs/carla_msgs/msg/detail/carla_traffic_light_status_list__rosidl_typesupport_introspection_cpp.hpp
[7.566s] -- Symlinking: /home/airlab/ros2_ws/install/carla_msgs/include/carla_msgs/carla_msgs/msg/detail/carla_walker_control__rosidl_typesupport_introspection_cpp.hpp
[7.572s] -- Symlinking: /home/airlab/ros2_ws/install/carla_msgs/include/carla_msgs/carla_msgs/msg/detail/carla_weather_parameters__rosidl_typesupport_introspection_cpp.hpp
[7.583s] -- Symlinking: /home/airlab/ros2_ws/install/carla_msgs/include/carla_msgs/carla_msgs/msg/detail/carla_world_info__rosidl_typesupport_introspection_cpp.hpp
[7.596s] -- Symlinking: /home/airlab/ros2_ws/install/carla_msgs/include/carla_msgs/carla_msgs/srv/detail/destroy_object__rosidl_typesupport_introspection_cpp.hpp
[7.602s] -- Symlinking: /home/airlab/ros2_ws/install/carla_msgs/include/carla_msgs/carla_msgs/srv/detail/get_blueprints__rosidl_typesupport_introspection_cpp.hpp
[7.607s] -- Symlinking: /home/airlab/ros2_ws/install/carla_msgs/include/carla_msgs/carla_msgs/srv/detail/spawn_object__rosidl_typesupport_introspection_cpp.hpp
[7.612s] -- Symlinking: /home/airlab/ros2_ws/install/carla_msgs/share/carla_msgs/environment/pythonpath.sh
[7.618s] -- Symlinking: /home/airlab/ros2_ws/install/carla_msgs/share/carla_msgs/environment/pythonpath.dsv
[7.623s] -- Symlinking: /home/airlab/ros2_ws/install/carla_msgs/lib/python3.12/site-packages/carla_msgs-1.3.0-py3.12.egg-info/PKG-INFO
[7.629s] -- Symlinking: /home/airlab/ros2_ws/install/carla_msgs/lib/python3.12/site-packages/carla_msgs-1.3.0-py3.12.egg-info/SOURCES.txt
[7.633s] -- Symlinking: /home/airlab/ros2_ws/install/carla_msgs/lib/python3.12/site-packages/carla_msgs-1.3.0-py3.12.egg-info/dependency_links.txt
[7.638s] -- Symlinking: /home/airlab/ros2_ws/install/carla_msgs/lib/python3.12/site-packages/carla_msgs-1.3.0-py3.12.egg-info/top_level.txt
[7.653s] -- Symlinking: /home/airlab/ros2_ws/install/carla_msgs/lib/python3.12/site-packages/carla_msgs/__init__.py
[7.661s] -- Symlinking: /home/airlab/ros2_ws/install/carla_msgs/lib/python3.12/site-packages/carla_msgs/_carla_msgs_s.ep.rosidl_typesupport_c.c
[7.665s] -- Symlinking: /home/airlab/ros2_ws/install/carla_msgs/lib/python3.12/site-packages/carla_msgs/_carla_msgs_s.ep.rosidl_typesupport_fastrtps_c.c
[7.669s] -- Symlinking: /home/airlab/ros2_ws/install/carla_msgs/lib/python3.12/site-packages/carla_msgs/_carla_msgs_s.ep.rosidl_typesupport_introspection_c.c
[7.675s] -- Symlinking: /home/airlab/ros2_ws/install/carla_msgs/lib/python3.12/site-packages/carla_msgs/carla_msgs_s__rosidl_typesupport_c.so
[7.681s] -- Symlinking: /home/airlab/ros2_ws/install/carla_msgs/lib/python3.12/site-packages/carla_msgs/carla_msgs_s__rosidl_typesupport_fastrtps_c.so
[7.686s] -- Symlinking: /home/airlab/ros2_ws/install/carla_msgs/lib/python3.12/site-packages/carla_msgs/carla_msgs_s__rosidl_typesupport_introspection_c.so
[7.691s] -- Symlinking: /home/airlab/ros2_ws/install/carla_msgs/lib/python3.12/site-packages/carla_msgs/msg/__init__.py
[7.696s] -- Symlinking: /home/airlab/ros2_ws/install/carla_msgs/lib/python3.12/site-packages/carla_msgs/msg/_carla_actor_info.py
[7.703s] -- Symlinking: /home/airlab/ros2_ws/install/carla_msgs/lib/python3.12/site-packages/carla_msgs/msg/_carla_actor_info_s.c
[7.707s] -- Symlinking: /home/airlab/ros2_ws/install/carla_msgs/lib/python3.12/site-packages/carla_msgs/msg/_carla_actor_list.py
[7.711s] -- Symlinking: /home/airlab/ros2_ws/install/carla_msgs/lib/python3.12/site-packages/carla_msgs/msg/_carla_actor_list_s.c
[7.715s] -- Symlinking: /home/airlab/ros2_ws/install/carla_msgs/lib/python3.12/site-packages/carla_msgs/msg/_carla_bounding_box.py
[7.721s] -- Symlinking: /home/airlab/ros2_ws/install/carla_msgs/lib/python3.12/site-packages/carla_msgs/msg/_carla_bounding_box_s.c
[7.733s] -- Symlinking: /home/airlab/ros2_ws/install/carla_msgs/lib/python3.12/site-packages/carla_msgs/msg/_carla_collision_event.py
[7.741s] -- Symlinking: /home/airlab/ros2_ws/install/carla_msgs/lib/python3.12/site-packages/carla_msgs/msg/_carla_collision_event_s.c
[7.750s] -- Symlinking: /home/airlab/ros2_ws/install/carla_msgs/lib/python3.12/site-packages/carla_msgs/msg/_carla_control.py
[7.757s] -- Symlinking: /home/airlab/ros2_ws/install/carla_msgs/lib/python3.12/site-packages/carla_msgs/msg/_carla_control_s.c
[7.762s] -- Symlinking: /home/airlab/ros2_ws/install/carla_msgs/lib/python3.12/site-packages/carla_msgs/msg/_carla_ego_vehicle_control.py
[7.767s] -- Symlinking: /home/airlab/ros2_ws/install/carla_msgs/lib/python3.12/site-packages/carla_msgs/msg/_carla_ego_vehicle_control_s.c
[7.772s] -- Symlinking: /home/airlab/ros2_ws/install/carla_msgs/lib/python3.12/site-packages/carla_msgs/msg/_carla_ego_vehicle_info.py
[7.777s] -- Symlinking: /home/airlab/ros2_ws/install/carla_msgs/lib/python3.12/site-packages/carla_msgs/msg/_carla_ego_vehicle_info_s.c
[7.782s] -- Symlinking: /home/airlab/ros2_ws/install/carla_msgs/lib/python3.12/site-packages/carla_msgs/msg/_carla_ego_vehicle_info_wheel.py
[7.790s] -- Symlinking: /home/airlab/ros2_ws/install/carla_msgs/lib/python3.12/site-packages/carla_msgs/msg/_carla_ego_vehicle_info_wheel_s.c
[7.798s] -- Symlinking: /home/airlab/ros2_ws/install/carla_msgs/lib/python3.12/site-packages/carla_msgs/msg/_carla_ego_vehicle_status.py
[7.802s] -- Symlinking: /home/airlab/ros2_ws/install/carla_msgs/lib/python3.12/site-packages/carla_msgs/msg/_carla_ego_vehicle_status_s.c
[7.808s] -- Symlinking: /home/airlab/ros2_ws/install/carla_msgs/lib/python3.12/site-packages/carla_msgs/msg/_carla_lane_invasion_event.py
[7.814s] -- Symlinking: /home/airlab/ros2_ws/install/carla_msgs/lib/python3.12/site-packages/carla_msgs/msg/_carla_lane_invasion_event_s.c
[7.822s] -- Symlinking: /home/airlab/ros2_ws/install/carla_msgs/lib/python3.12/site-packages/carla_msgs/msg/_carla_status.py
[7.827s] -- Symlinking: /home/airlab/ros2_ws/install/carla_msgs/lib/python3.12/site-packages/carla_msgs/msg/_carla_status_s.c
[7.831s] -- Symlinking: /home/airlab/ros2_ws/install/carla_msgs/lib/python3.12/site-packages/carla_msgs/msg/_carla_traffic_light_info.py
[7.834s] -- Symlinking: /home/airlab/ros2_ws/install/carla_msgs/lib/python3.12/site-packages/carla_msgs/msg/_carla_traffic_light_info_list.py
[7.838s] -- Symlinking: /home/airlab/ros2_ws/install/carla_msgs/lib/python3.12/site-packages/carla_msgs/msg/_carla_traffic_light_info_list_s.c
[7.844s] -- Symlinking: /home/airlab/ros2_ws/install/carla_msgs/lib/python3.12/site-packages/carla_msgs/msg/_carla_traffic_light_info_s.c
[7.848s] -- Symlinking: /home/airlab/ros2_ws/install/carla_msgs/lib/python3.12/site-packages/carla_msgs/msg/_carla_traffic_light_status.py
[7.853s] -- Symlinking: /home/airlab/ros2_ws/install/carla_msgs/lib/python3.12/site-packages/carla_msgs/msg/_carla_traffic_light_status_list.py
[7.857s] -- Symlinking: /home/airlab/ros2_ws/install/carla_msgs/lib/python3.12/site-packages/carla_msgs/msg/_carla_traffic_light_status_list_s.c
[7.861s] -- Symlinking: /home/airlab/ros2_ws/install/carla_msgs/lib/python3.12/site-packages/carla_msgs/msg/_carla_traffic_light_status_s.c
[7.866s] -- Symlinking: /home/airlab/ros2_ws/install/carla_msgs/lib/python3.12/site-packages/carla_msgs/msg/_carla_walker_control.py
[7.871s] -- Symlinking: /home/airlab/ros2_ws/install/carla_msgs/lib/python3.12/site-packages/carla_msgs/msg/_carla_walker_control_s.c
[7.876s] -- Symlinking: /home/airlab/ros2_ws/install/carla_msgs/lib/python3.12/site-packages/carla_msgs/msg/_carla_weather_parameters.py
[7.880s] -- Symlinking: /home/airlab/ros2_ws/install/carla_msgs/lib/python3.12/site-packages/carla_msgs/msg/_carla_weather_parameters_s.c
[7.885s] -- Symlinking: /home/airlab/ros2_ws/install/carla_msgs/lib/python3.12/site-packages/carla_msgs/msg/_carla_world_info.py
[7.891s] -- Symlinking: /home/airlab/ros2_ws/install/carla_msgs/lib/python3.12/site-packages/carla_msgs/msg/_carla_world_info_s.c
[7.896s] -- Symlinking: /home/airlab/ros2_ws/install/carla_msgs/lib/python3.12/site-packages/carla_msgs/srv/__init__.py
[7.904s] -- Symlinking: /home/airlab/ros2_ws/install/carla_msgs/lib/python3.12/site-packages/carla_msgs/srv/_destroy_object.py
[7.918s] -- Symlinking: /home/airlab/ros2_ws/install/carla_msgs/lib/python3.12/site-packages/carla_msgs/srv/_destroy_object_s.c
[7.935s] -- Symlinking: /home/airlab/ros2_ws/install/carla_msgs/lib/python3.12/site-packages/carla_msgs/srv/_get_blueprints.py
[7.942s] -- Symlinking: /home/airlab/ros2_ws/install/carla_msgs/lib/python3.12/site-packages/carla_msgs/srv/_get_blueprints_s.c
[7.947s] -- Symlinking: /home/airlab/ros2_ws/install/carla_msgs/lib/python3.12/site-packages/carla_msgs/srv/_spawn_object.py
[7.952s] -- Symlinking: /home/airlab/ros2_ws/install/carla_msgs/lib/python3.12/site-packages/carla_msgs/srv/_spawn_object_s.c
[7.958s] -- Up-to-date symlink: /home/airlab/ros2_ws/install/carla_msgs/lib/python3.12/site-packages/carla_msgs/carla_msgs_s__rosidl_typesupport_fastrtps_c.so
[7.959s] -- Up-to-date symlink: /home/airlab/ros2_ws/install/carla_msgs/lib/python3.12/site-packages/carla_msgs/carla_msgs_s__rosidl_typesupport_introspection_c.so
[7.959s] -- Up-to-date symlink: /home/airlab/ros2_ws/install/carla_msgs/lib/python3.12/site-packages/carla_msgs/carla_msgs_s__rosidl_typesupport_c.so
[7.959s] -- Symlinking: /home/airlab/ros2_ws/install/carla_msgs/share/carla_msgs/msg/CarlaBoundingBox.idl
[7.966s] -- Symlinking: /home/airlab/ros2_ws/install/carla_msgs/share/carla_msgs/msg/CarlaEgoVehicleControl.idl
[7.971s] -- Symlinking: /home/airlab/ros2_ws/install/carla_msgs/share/carla_msgs/msg/CarlaEgoVehicleStatus.idl
[7.975s] -- Symlinking: /home/airlab/ros2_ws/install/carla_msgs/share/carla_msgs/msg/CarlaEgoVehicleInfoWheel.idl
[7.980s] -- Symlinking: /home/airlab/ros2_ws/install/carla_msgs/share/carla_msgs/msg/CarlaEgoVehicleInfo.idl
[7.985s] -- Symlinking: /home/airlab/ros2_ws/install/carla_msgs/share/carla_msgs/msg/CarlaCollisionEvent.idl
[7.992s] -- Symlinking: /home/airlab/ros2_ws/install/carla_msgs/share/carla_msgs/msg/CarlaLaneInvasionEvent.idl
[7.997s] -- Symlinking: /home/airlab/ros2_ws/install/carla_msgs/share/carla_msgs/msg/CarlaWorldInfo.idl
[8.003s] -- Symlinking: /home/airlab/ros2_ws/install/carla_msgs/share/carla_msgs/msg/CarlaActorInfo.idl
[8.009s] -- Symlinking: /home/airlab/ros2_ws/install/carla_msgs/share/carla_msgs/msg/CarlaActorList.idl
[8.024s] -- Symlinking: /home/airlab/ros2_ws/install/carla_msgs/share/carla_msgs/msg/CarlaControl.idl
[8.029s] -- Symlinking: /home/airlab/ros2_ws/install/carla_msgs/share/carla_msgs/msg/CarlaStatus.idl
[8.035s] -- Symlinking: /home/airlab/ros2_ws/install/carla_msgs/share/carla_msgs/msg/CarlaTrafficLightInfo.idl
[8.039s] -- Symlinking: /home/airlab/ros2_ws/install/carla_msgs/share/carla_msgs/msg/CarlaTrafficLightInfoList.idl
[8.042s] -- Symlinking: /home/airlab/ros2_ws/install/carla_msgs/share/carla_msgs/msg/CarlaTrafficLightStatus.idl
[8.048s] -- Symlinking: /home/airlab/ros2_ws/install/carla_msgs/share/carla_msgs/msg/CarlaTrafficLightStatusList.idl
[8.054s] -- Symlinking: /home/airlab/ros2_ws/install/carla_msgs/share/carla_msgs/msg/CarlaWalkerControl.idl
[8.058s] -- Symlinking: /home/airlab/ros2_ws/install/carla_msgs/share/carla_msgs/msg/CarlaWeatherParameters.idl
[8.062s] -- Symlinking: /home/airlab/ros2_ws/install/carla_msgs/share/carla_msgs/srv/SpawnObject.idl
[8.067s] -- Symlinking: /home/airlab/ros2_ws/install/carla_msgs/share/carla_msgs/srv/DestroyObject.idl
[8.071s] -- Symlinking: /home/airlab/ros2_ws/install/carla_msgs/share/carla_msgs/srv/GetBlueprints.idl
[8.077s] -- Symlinking: /home/airlab/ros2_ws/install/carla_msgs/share/carla_msgs/msg/CarlaBoundingBox.msg
[8.082s] -- Symlinking: /home/airlab/ros2_ws/install/carla_msgs/share/carla_msgs/msg/CarlaEgoVehicleControl.msg
[8.087s] -- Symlinking: /home/airlab/ros2_ws/install/carla_msgs/share/carla_msgs/msg/CarlaEgoVehicleStatus.msg
[8.095s] -- Symlinking: /home/airlab/ros2_ws/install/carla_msgs/share/carla_msgs/msg/CarlaEgoVehicleInfoWheel.msg
[8.100s] -- Symlinking: /home/airlab/ros2_ws/install/carla_msgs/share/carla_msgs/msg/CarlaEgoVehicleInfo.msg
[8.105s] -- Symlinking: /home/airlab/ros2_ws/install/carla_msgs/share/carla_msgs/msg/CarlaCollisionEvent.msg
[8.111s] -- Symlinking: /home/airlab/ros2_ws/install/carla_msgs/share/carla_msgs/msg/CarlaLaneInvasionEvent.msg
[8.119s] -- Symlinking: /home/airlab/ros2_ws/install/carla_msgs/share/carla_msgs/msg/CarlaWorldInfo.msg
[8.126s] -- Symlinking: /home/airlab/ros2_ws/install/carla_msgs/share/carla_msgs/msg/CarlaActorInfo.msg
[8.133s] -- Symlinking: /home/airlab/ros2_ws/install/carla_msgs/share/carla_msgs/msg/CarlaActorList.msg
[8.138s] -- Symlinking: /home/airlab/ros2_ws/install/carla_msgs/share/carla_msgs/msg/CarlaControl.msg
[8.147s] -- Symlinking: /home/airlab/ros2_ws/install/carla_msgs/share/carla_msgs/msg/CarlaStatus.msg
[8.156s] -- Symlinking: /home/airlab/ros2_ws/install/carla_msgs/share/carla_msgs/msg/CarlaTrafficLightInfo.msg
[8.161s] -- Symlinking: /home/airlab/ros2_ws/install/carla_msgs/share/carla_msgs/msg/CarlaTrafficLightInfoList.msg
[8.166s] -- Symlinking: /home/airlab/ros2_ws/install/carla_msgs/share/carla_msgs/msg/CarlaTrafficLightStatus.msg
[8.172s] -- Symlinking: /home/airlab/ros2_ws/install/carla_msgs/share/carla_msgs/msg/CarlaTrafficLightStatusList.msg
[8.187s] -- Symlinking: /home/airlab/ros2_ws/install/carla_msgs/share/carla_msgs/msg/CarlaWalkerControl.msg
[8.195s] -- Symlinking: /home/airlab/ros2_ws/install/carla_msgs/share/carla_msgs/msg/CarlaWeatherParameters.msg
[8.202s] -- Symlinking: /home/airlab/ros2_ws/install/carla_msgs/share/carla_msgs/srv/SpawnObject.srv
[8.205s] -- Symlinking: /home/airlab/ros2_ws/install/carla_msgs/share/carla_msgs/srv/DestroyObject.srv
[8.210s] -- Symlinking: /home/airlab/ros2_ws/install/carla_msgs/share/carla_msgs/srv/GetBlueprints.srv
[8.216s] -- Symlinking: /home/airlab/ros2_ws/install/carla_msgs/share/ament_index/resource_index/package_run_dependencies/carla_msgs
[8.222s] -- Symlinking: /home/airlab/ros2_ws/install/carla_msgs/share/ament_index/resource_index/parent_prefix_path/carla_msgs
[8.227s] -- Symlinking: /home/airlab/ros2_ws/install/carla_msgs/share/carla_msgs/environment/ament_prefix_path.sh
[8.234s] -- Symlinking: /home/airlab/ros2_ws/install/carla_msgs/share/carla_msgs/environment/ament_prefix_path.dsv
[8.244s] -- Symlinking: /home/airlab/ros2_ws/install/carla_msgs/share/carla_msgs/environment/path.sh
[8.254s] -- Symlinking: /home/airlab/ros2_ws/install/carla_msgs/share/carla_msgs/environment/path.dsv
[8.260s] -- Symlinking: /home/airlab/ros2_ws/install/carla_msgs/share/carla_msgs/local_setup.bash
[8.272s] -- Symlinking: /home/airlab/ros2_ws/install/carla_msgs/share/carla_msgs/local_setup.sh
[8.285s] -- Symlinking: /home/airlab/ros2_ws/install/carla_msgs/share/carla_msgs/local_setup.zsh
[8.294s] -- Symlinking: /home/airlab/ros2_ws/install/carla_msgs/share/carla_msgs/local_setup.dsv
[8.302s] -- Symlinking: /home/airlab/ros2_ws/install/carla_msgs/share/carla_msgs/package.dsv
[8.309s] -- Symlinking: /home/airlab/ros2_ws/install/carla_msgs/share/ament_index/resource_index/packages/carla_msgs
[8.315s] -- Symlinking: /home/airlab/ros2_ws/install/carla_msgs/share/carla_msgs/cmake/rosidl_cmake-extras.cmake
[8.320s] -- Symlinking: /home/airlab/ros2_ws/install/carla_msgs/share/carla_msgs/cmake/ament_cmake_export_dependencies-extras.cmake
[8.326s] -- Symlinking: /home/airlab/ros2_ws/install/carla_msgs/share/carla_msgs/cmake/ament_cmake_export_include_directories-extras.cmake
[8.330s] -- Symlinking: /home/airlab/ros2_ws/install/carla_msgs/share/carla_msgs/cmake/ament_cmake_export_libraries-extras.cmake
[8.338s] -- Symlinking: /home/airlab/ros2_ws/install/carla_msgs/share/carla_msgs/cmake/ament_cmake_export_targets-extras.cmake
[8.345s] -- Symlinking: /home/airlab/ros2_ws/install/carla_msgs/share/carla_msgs/cmake/rosidl_cmake_export_typesupport_targets-extras.cmake
[8.352s] -- Symlinking: /home/airlab/ros2_ws/install/carla_msgs/share/carla_msgs/cmake/rosidl_cmake_export_typesupport_libraries-extras.cmake
[8.359s] -- Symlinking: /home/airlab/ros2_ws/install/carla_msgs/share/carla_msgs/cmake/carla_msgsConfig.cmake
[8.372s] -- Symlinking: /home/airlab/ros2_ws/install/carla_msgs/share/carla_msgs/cmake/carla_msgsConfig-version.cmake
[8.380s] -- Symlinking: /home/airlab/ros2_ws/install/carla_msgs/share/carla_msgs/package.xml
[8.385s] -- Installing: /home/airlab/ros2_ws/install/carla_msgs/lib/libcarla_msgs__rosidl_generator_c.so
[8.385s] -- Set non-toolchain portion of runtime path of "/home/airlab/ros2_ws/install/carla_msgs/lib/libcarla_msgs__rosidl_generator_c.so" to ""
[8.385s] -- Installing: /home/airlab/ros2_ws/install/carla_msgs/lib/libcarla_msgs__rosidl_typesupport_fastrtps_c.so
[8.386s] -- Set non-toolchain portion of runtime path of "/home/airlab/ros2_ws/install/carla_msgs/lib/libcarla_msgs__rosidl_typesupport_fastrtps_c.so" to ""
[8.386s] -- Installing: /home/airlab/ros2_ws/install/carla_msgs/lib/libcarla_msgs__rosidl_typesupport_fastrtps_cpp.so
[8.386s] -- Set non-toolchain portion of runtime path of "/home/airlab/ros2_ws/install/carla_msgs/lib/libcarla_msgs__rosidl_typesupport_fastrtps_cpp.so" to ""
[8.386s] -- Installing: /home/airlab/ros2_ws/install/carla_msgs/lib/libcarla_msgs__rosidl_typesupport_introspection_c.so
[8.386s] -- Set non-toolchain portion of runtime path of "/home/airlab/ros2_ws/install/carla_msgs/lib/libcarla_msgs__rosidl_typesupport_introspection_c.so" to ""
[8.386s] -- Installing: /home/airlab/ros2_ws/install/carla_msgs/lib/libcarla_msgs__rosidl_typesupport_c.so
[8.386s] -- Set non-toolchain portion of runtime path of "/home/airlab/ros2_ws/install/carla_msgs/lib/libcarla_msgs__rosidl_typesupport_c.so" to ""
[8.387s] -- Installing: /home/airlab/ros2_ws/install/carla_msgs/lib/libcarla_msgs__rosidl_typesupport_introspection_cpp.so
[8.387s] -- Set non-toolchain portion of runtime path of "/home/airlab/ros2_ws/install/carla_msgs/lib/libcarla_msgs__rosidl_typesupport_introspection_cpp.so" to ""
[8.387s] -- Installing: /home/airlab/ros2_ws/install/carla_msgs/lib/libcarla_msgs__rosidl_typesupport_cpp.so
[8.387s] -- Set non-toolchain portion of runtime path of "/home/airlab/ros2_ws/install/carla_msgs/lib/libcarla_msgs__rosidl_typesupport_cpp.so" to ""
[8.429s] Listing '/home/airlab/ros2_ws/install/carla_msgs/lib/python3.12/site-packages/carla_msgs'...
[8.429s] Compiling '/home/airlab/ros2_ws/install/carla_msgs/lib/python3.12/site-packages/carla_msgs/__init__.py'...
[8.429s] Listing '/home/airlab/ros2_ws/install/carla_msgs/lib/python3.12/site-packages/carla_msgs/msg'...
[8.429s] Compiling '/home/airlab/ros2_ws/install/carla_msgs/lib/python3.12/site-packages/carla_msgs/msg/__init__.py'...
[8.430s] Compiling '/home/airlab/ros2_ws/install/carla_msgs/lib/python3.12/site-packages/carla_msgs/msg/_carla_actor_info.py'...
[8.430s] Compiling '/home/airlab/ros2_ws/install/carla_msgs/lib/python3.12/site-packages/carla_msgs/msg/_carla_actor_list.py'...
[8.430s] Compiling '/home/airlab/ros2_ws/install/carla_msgs/lib/python3.12/site-packages/carla_msgs/msg/_carla_bounding_box.py'...
[8.430s] Compiling '/home/airlab/ros2_ws/install/carla_msgs/lib/python3.12/site-packages/carla_msgs/msg/_carla_collision_event.py'...
[8.430s] Compiling '/home/airlab/ros2_ws/install/carla_msgs/lib/python3.12/site-packages/carla_msgs/msg/_carla_control.py'...
[8.430s] Compiling '/home/airlab/ros2_ws/install/carla_msgs/lib/python3.12/site-packages/carla_msgs/msg/_carla_ego_vehicle_control.py'...
[8.430s] Compiling '/home/airlab/ros2_ws/install/carla_msgs/lib/python3.12/site-packages/carla_msgs/msg/_carla_ego_vehicle_info.py'...
[8.430s] Compiling '/home/airlab/ros2_ws/install/carla_msgs/lib/python3.12/site-packages/carla_msgs/msg/_carla_ego_vehicle_info_wheel.py'...
[8.430s] Compiling '/home/airlab/ros2_ws/install/carla_msgs/lib/python3.12/site-packages/carla_msgs/msg/_carla_ego_vehicle_status.py'...
[8.430s] Compiling '/home/airlab/ros2_ws/install/carla_msgs/lib/python3.12/site-packages/carla_msgs/msg/_carla_lane_invasion_event.py'...
[8.430s] Compiling '/home/airlab/ros2_ws/install/carla_msgs/lib/python3.12/site-packages/carla_msgs/msg/_carla_status.py'...
[8.430s] Compiling '/home/airlab/ros2_ws/install/carla_msgs/lib/python3.12/site-packages/carla_msgs/msg/_carla_traffic_light_info.py'...
[8.430s] Compiling '/home/airlab/ros2_ws/install/carla_msgs/lib/python3.12/site-packages/carla_msgs/msg/_carla_traffic_light_info_list.py'...
[8.430s] Compiling '/home/airlab/ros2_ws/install/carla_msgs/lib/python3.12/site-packages/carla_msgs/msg/_carla_traffic_light_status.py'...
[8.430s] Compiling '/home/airlab/ros2_ws/install/carla_msgs/lib/python3.12/site-packages/carla_msgs/msg/_carla_traffic_light_status_list.py'...
[8.430s] Compiling '/home/airlab/ros2_ws/install/carla_msgs/lib/python3.12/site-packages/carla_msgs/msg/_carla_walker_control.py'...
[8.430s] Compiling '/home/airlab/ros2_ws/install/carla_msgs/lib/python3.12/site-packages/carla_msgs/msg/_carla_weather_parameters.py'...
[8.431s] Compiling '/home/airlab/ros2_ws/install/carla_msgs/lib/python3.12/site-packages/carla_msgs/msg/_carla_world_info.py'...
[8.431s] Listing '/home/airlab/ros2_ws/install/carla_msgs/lib/python3.12/site-packages/carla_msgs/srv'...
[8.431s] Compiling '/home/airlab/ros2_ws/install/carla_msgs/lib/python3.12/site-packages/carla_msgs/srv/__init__.py'...
[8.431s] Compiling '/home/airlab/ros2_ws/install/carla_msgs/lib/python3.12/site-packages/carla_msgs/srv/_destroy_object.py'...
[8.431s] Compiling '/home/airlab/ros2_ws/install/carla_msgs/lib/python3.12/site-packages/carla_msgs/srv/_get_blueprints.py'...
[8.431s] Compiling '/home/airlab/ros2_ws/install/carla_msgs/lib/python3.12/site-packages/carla_msgs/srv/_spawn_object.py'...
[8.432s] -- Installing: /home/airlab/ros2_ws/install/carla_msgs/lib/libcarla_msgs__rosidl_generator_py.so
[8.432s] -- Set non-toolchain portion of runtime path of "/home/airlab/ros2_ws/install/carla_msgs/lib/libcarla_msgs__rosidl_generator_py.so" to ""
[8.432s] -- Installing: /home/airlab/ros2_ws/install/carla_msgs/share/carla_msgs/cmake/export_carla_msgs__rosidl_generator_cExport.cmake
[8.433s] -- Installing: /home/airlab/ros2_ws/install/carla_msgs/share/carla_msgs/cmake/export_carla_msgs__rosidl_generator_cExport-noconfig.cmake
[8.433s] -- Installing: /home/airlab/ros2_ws/install/carla_msgs/share/carla_msgs/cmake/export_carla_msgs__rosidl_typesupport_fastrtps_cExport.cmake
[8.433s] -- Installing: /home/airlab/ros2_ws/install/carla_msgs/share/carla_msgs/cmake/export_carla_msgs__rosidl_typesupport_fastrtps_cExport-noconfig.cmake
[8.433s] -- Installing: /home/airlab/ros2_ws/install/carla_msgs/share/carla_msgs/cmake/export_carla_msgs__rosidl_generator_cppExport.cmake
[8.433s] -- Installing: /home/airlab/ros2_ws/install/carla_msgs/share/carla_msgs/cmake/export_carla_msgs__rosidl_typesupport_fastrtps_cppExport.cmake
[8.433s] -- Installing: /home/airlab/ros2_ws/install/carla_msgs/share/carla_msgs/cmake/export_carla_msgs__rosidl_typesupport_fastrtps_cppExport-noconfig.cmake
[8.433s] -- Installing: /home/airlab/ros2_ws/install/carla_msgs/share/carla_msgs/cmake/carla_msgs__rosidl_typesupport_introspection_cExport.cmake
[8.433s] -- Installing: /home/airlab/ros2_ws/install/carla_msgs/share/carla_msgs/cmake/carla_msgs__rosidl_typesupport_introspection_cExport-noconfig.cmake
[8.433s] -- Installing: /home/airlab/ros2_ws/install/carla_msgs/share/carla_msgs/cmake/carla_msgs__rosidl_typesupport_cExport.cmake
[8.433s] -- Installing: /home/airlab/ros2_ws/install/carla_msgs/share/carla_msgs/cmake/carla_msgs__rosidl_typesupport_cExport-noconfig.cmake
[8.433s] -- Installing: /home/airlab/ros2_ws/install/carla_msgs/share/carla_msgs/cmake/carla_msgs__rosidl_typesupport_introspection_cppExport.cmake
[8.433s] -- Installing: /home/airlab/ros2_ws/install/carla_msgs/share/carla_msgs/cmake/carla_msgs__rosidl_typesupport_introspection_cppExport-noconfig.cmake
[8.433s] -- Installing: /home/airlab/ros2_ws/install/carla_msgs/share/carla_msgs/cmake/carla_msgs__rosidl_typesupport_cppExport.cmake
[8.433s] -- Installing: /home/airlab/ros2_ws/install/carla_msgs/share/carla_msgs/cmake/carla_msgs__rosidl_typesupport_cppExport-noconfig.cmake
[8.433s] -- Installing: /home/airlab/ros2_ws/install/carla_msgs/share/carla_msgs/cmake/export_carla_msgs__rosidl_generator_pyExport.cmake
[8.433s] -- Installing: /home/airlab/ros2_ws/install/carla_msgs/share/carla_msgs/cmake/export_carla_msgs__rosidl_generator_pyExport-noconfig.cmake
[8.434s] Invoked command in '/home/airlab/ros2_ws/build/carla_msgs' returned '0': CMAKE_PREFIX_PATH=${CMAKE_PREFIX_PATH}:/opt/ros/jazzy DEBUGINFOD_URLS=https://debuginfod.ubuntu.com /usr/bin/cmake --install /home/airlab/ros2_ws/build/carla_msgs
